<?xml version="1.0" encoding="UTF-8" standalone="no" ?>
<COLLADA xmlns="http://www.collada.org/2005/11/COLLADASchema" version="1.4.1">
  <asset>
    <contributor>
      <author>Assimp</author>
      <authoring_tool>THREE.GLTFExporter r184</authoring_tool>
    </contributor>
    <created>2026-07-06T12:37:56</created>
    <modified>2026-07-06T12:37:56</modified>
    <unit name="meter" meter="1" />
    <up_axis>Y_UP</up_axis>
  </asset>
  <library_images>
    <image id="Scratched_black_metal-diffuse-image">
      <init_from>result_texture_0001.jpg</init_from>
    </image>
    <image id="Scratched_black_metal-normal-image">
      <init_from>result_texture_0003.jpg</init_from>
    </image>
    <image id="Red_leather-diffuse-image">
      <init_from>result_texture_0004.jpg</init_from>
    </image>
    <image id="Red_leather-specular-image">
      <init_from>result_texture_0007.png</init_from>
    </image>
    <image id="Red_leather-normal-image">
      <init_from>result_texture_0006.jpg</init_from>
    </image>
    <image id="Yellow_leather-diffuse-image">
      <init_from>result_texture_0008.jpg</init_from>
    </image>
    <image id="Yellow_leather-specular-image">
      <init_from>result_texture_0011.png</init_from>
    </image>
    <image id="Yellow_leather-normal-image">
      <init_from>result_texture_00010.jpg</init_from>
    </image>
    <image id="Green_leather-diffuse-image">
      <init_from>result_texture_0012.jpg</init_from>
    </image>
    <image id="Green_leather-specular-image">
      <init_from>result_texture_0007.png</init_from>
    </image>
    <image id="Green_leather-normal-image">
      <init_from>result_texture_0006.jpg</init_from>
    </image>
  </library_images>
  <library_effects>
    <effect id="Scratched_black_metal-fx" name="Scratched_black_metal">
      <profile_COMMON>
        <newparam sid="Scratched_black_metal-diffuse-surface">
          <surface type="2D">
            <init_from>Scratched_black_metal-diffuse-image</init_from>
          </surface>
        </newparam>
        <newparam sid="Scratched_black_metal-diffuse-sampler">
          <sampler2D>
            <source>Scratched_black_metal-diffuse-surface</source>
          </sampler2D>
        </newparam>
        <newparam sid="Scratched_black_metal-normal-surface">
          <surface type="2D">
            <init_from>Scratched_black_metal-normal-image</init_from>
          </surface>
        </newparam>
        <newparam sid="Scratched_black_metal-normal-sampler">
          <sampler2D>
            <source>Scratched_black_metal-normal-surface</source>
          </sampler2D>
        </newparam>
        <technique sid="standard">
          <phong>
            <emission>
              <color sid="emission">0   0   0   1</color>
            </emission>
            <diffuse>
              <texture texture="Scratched_black_metal-diffuse-sampler" texcoord="CHANNEL0" />
            </diffuse>
            <shininess>
              <float sid="shininess">0</float>
            </shininess>
            <transparency>
              <float sid="transparency">1</float>
            </transparency>
            <bump>
              <texture texture="Scratched_black_metal-normal-sampler" texcoord="CHANNEL0" />
            </bump>
          </phong>
        </technique>
      </profile_COMMON>
    </effect>
    <effect id="Red_leather-fx" name="Red_leather">
      <profile_COMMON>
        <newparam sid="Red_leather-diffuse-surface">
          <surface type="2D">
            <init_from>Red_leather-diffuse-image</init_from>
          </surface>
        </newparam>
        <newparam sid="Red_leather-diffuse-sampler">
          <sampler2D>
            <source>Red_leather-diffuse-surface</source>
          </sampler2D>
        </newparam>
        <newparam sid="Red_leather-specular-surface">
          <surface type="2D">
            <init_from>Red_leather-specular-image</init_from>
          </surface>
        </newparam>
        <newparam sid="Red_leather-specular-sampler">
          <sampler2D>
            <source>Red_leather-specular-surface</source>
          </sampler2D>
        </newparam>
        <newparam sid="Red_leather-normal-surface">
          <surface type="2D">
            <init_from>Red_leather-normal-image</init_from>
          </surface>
        </newparam>
        <newparam sid="Red_leather-normal-sampler">
          <sampler2D>
            <source>Red_leather-normal-surface</source>
          </sampler2D>
        </newparam>
        <technique sid="standard">
          <phong>
            <emission>
              <color sid="emission">0   0   0   1</color>
            </emission>
            <diffuse>
              <texture texture="Red_leather-diffuse-sampler" texcoord="CHANNEL0" />
            </diffuse>
            <specular>
              <texture texture="Red_leather-specular-sampler" texcoord="CHANNEL0" />
            </specular>
            <shininess>
              <float sid="shininess">0</float>
            </shininess>
            <transparency>
              <float sid="transparency">1</float>
            </transparency>
            <bump>
              <texture texture="Red_leather-normal-sampler" texcoord="CHANNEL0" />
            </bump>
          </phong>
        </technique>
      </profile_COMMON>
    </effect>
    <effect id="Yellow_leather-fx" name="Yellow_leather">
      <profile_COMMON>
        <newparam sid="Yellow_leather-diffuse-surface">
          <surface type="2D">
            <init_from>Yellow_leather-diffuse-image</init_from>
          </surface>
        </newparam>
        <newparam sid="Yellow_leather-diffuse-sampler">
          <sampler2D>
            <source>Yellow_leather-diffuse-surface</source>
          </sampler2D>
        </newparam>
        <newparam sid="Yellow_leather-specular-surface">
          <surface type="2D">
            <init_from>Yellow_leather-specular-image</init_from>
          </surface>
        </newparam>
        <newparam sid="Yellow_leather-specular-sampler">
          <sampler2D>
            <source>Yellow_leather-specular-surface</source>
          </sampler2D>
        </newparam>
        <newparam sid="Yellow_leather-normal-surface">
          <surface type="2D">
            <init_from>Yellow_leather-normal-image</init_from>
          </surface>
        </newparam>
        <newparam sid="Yellow_leather-normal-sampler">
          <sampler2D>
            <source>Yellow_leather-normal-surface</source>
          </sampler2D>
        </newparam>
        <technique sid="standard">
          <phong>
            <emission>
              <color sid="emission">0   0   0   1</color>
            </emission>
            <diffuse>
              <texture texture="Yellow_leather-diffuse-sampler" texcoord="CHANNEL0" />
            </diffuse>
            <specular>
              <texture texture="Yellow_leather-specular-sampler" texcoord="CHANNEL0" />
            </specular>
            <shininess>
              <float sid="shininess">0</float>
            </shininess>
            <transparency>
              <float sid="transparency">1</float>
            </transparency>
            <bump>
              <texture texture="Yellow_leather-normal-sampler" texcoord="CHANNEL0" />
            </bump>
          </phong>
        </technique>
      </profile_COMMON>
    </effect>
    <effect id="Green_leather-fx" name="Green_leather">
      <profile_COMMON>
        <newparam sid="Green_leather-diffuse-surface">
          <surface type="2D">
            <init_from>Green_leather-diffuse-image</init_from>
          </surface>
        </newparam>
        <newparam sid="Green_leather-diffuse-sampler">
          <sampler2D>
            <source>Green_leather-diffuse-surface</source>
          </sampler2D>
        </newparam>
        <newparam sid="Green_leather-specular-surface">
          <surface type="2D">
            <init_from>Green_leather-specular-image</init_from>
          </surface>
        </newparam>
        <newparam sid="Green_leather-specular-sampler">
          <sampler2D>
            <source>Green_leather-specular-surface</source>
          </sampler2D>
        </newparam>
        <newparam sid="Green_leather-normal-surface">
          <surface type="2D">
            <init_from>Green_leather-normal-image</init_from>
          </surface>
        </newparam>
        <newparam sid="Green_leather-normal-sampler">
          <sampler2D>
            <source>Green_leather-normal-surface</source>
          </sampler2D>
        </newparam>
        <technique sid="standard">
          <phong>
            <emission>
              <color sid="emission">0   0   0   1</color>
            </emission>
            <diffuse>
              <texture texture="Green_leather-diffuse-sampler" texcoord="CHANNEL0" />
            </diffuse>
            <specular>
              <texture texture="Green_leather-specular-sampler" texcoord="CHANNEL0" />
            </specular>
            <shininess>
              <float sid="shininess">0</float>
            </shininess>
            <transparency>
              <float sid="transparency">1</float>
            </transparency>
            <bump>
              <texture texture="Green_leather-normal-sampler" texcoord="CHANNEL0" />
            </bump>
          </phong>
        </technique>
      </profile_COMMON>
    </effect>
    <effect id="material_0-fx" name="material_0">
      <profile_COMMON>
        <technique sid="standard">
          <phong>
            <emission>
              <color sid="emission">0   0   0   1</color>
            </emission>
            <diffuse>
              <color sid="diffuse">1   1   1   1</color>
            </diffuse>
            <shininess>
              <float sid="shininess">159.999985</float>
            </shininess>
            <transparency>
              <float sid="transparency">1</float>
            </transparency>
          </phong>
        </technique>
      </profile_COMMON>
    </effect>
    <effect id="material_5-fx" name="">
      <profile_COMMON>
        <technique sid="standard">
          <phong>
            <emission>
              <color sid="emission">0   0   0   1</color>
            </emission>
            <diffuse>
              <color sid="diffuse">1   1   1   1</color>
            </diffuse>
            <shininess>
              <float sid="shininess">0</float>
            </shininess>
            <transparency>
              <float sid="transparency">1</float>
            </transparency>
          </phong>
        </technique>
      </profile_COMMON>
    </effect>
  </library_effects>
  <library_materials>
    <material id="Scratched_black_metal" name="Scratched_black_metal">
      <instance_effect url="#Scratched_black_metal-fx"/>
    </material>
    <material id="Red_leather" name="Red_leather">
      <instance_effect url="#Red_leather-fx"/>
    </material>
    <material id="Yellow_leather" name="Yellow_leather">
      <instance_effect url="#Yellow_leather-fx"/>
    </material>
    <material id="Green_leather" name="Green_leather">
      <instance_effect url="#Green_leather-fx"/>
    </material>
    <material id="material_0" name="material_0">
      <instance_effect url="#material_0-fx"/>
    </material>
    <material id="material_5" name="">
      <instance_effect url="#material_5-fx"/>
    </material>
  </library_materials>
  <library_geometries>
    <geometry id="meshesQ0S" name="meshes[0]" >
      <mesh>
        <source id="meshesQ0S-positions" name="meshesQ0S-positions">
          <float_array id="meshesQ0S-positions-array" count="198"> -1.01129341 -3.81469727e-06 -1.0112859 1.01129341 -3.81469727e-06 -1.0112859 1.01129341 -0.546749115 -0.8507635 -1.01129341 -0.546749115 -0.8507635 -1.01129341 -0.546749115 -0.8507635 1.01129341 -0.546749115 -0.8507635 1.01129341 -0.919908524 -0.420099437 -1.01129341 -0.919908524 -0.420099437 -1.01129341 -0.919908524 -0.420099437 1.01129341 -0.919908524 -0.420099437 1.01129341 -1.00100327 0.143926442 -1.01129341 -1.00100327 0.143926442 -1.01129341 -1.00100327 0.143926442 1.01129341 -1.00100327 0.143926442 1.01129341 -0.764287949 0.662267506 -1.01129341 -0.764287949 0.662267506 -1.01129341 -0.764287949 0.662267506 1.01129341 -0.764287949 0.662267506 1.01129341 -0.284917831 0.97031194 -1.01129341 -0.284917831 0.97031194 -1.01129341 -0.284917831 0.97031194 1.01129341 -0.284917831 0.97031194 1.01129341 0.284910202 0.97031194 -1.01129341 0.284910202 0.97031194 -1.01129341 0.284910202 0.97031194 1.01129341 0.284910202 0.97031194 1.01129341 0.764280319 0.662267506 -1.01129341 0.764280319 0.662267506 -1.01129341 0.764280319 0.662267506 1.01129341 0.764280319 0.662267506 1.01129341 1.00099564 0.143926442 -1.01129341 1.00099564 0.143926442 -1.01129341 1.00099564 0.143926442 1.01129341 1.00099564 0.143926442 1.01129341 0.919900894 -0.420099437 -1.01129341 0.919900894 -0.420099437 1.01129341 -0.919908524 -0.420099437 1.01129341 -0.546749115 -0.8507635 1.01129341 -3.81469727e-06 -1.0112859 1.01129341 0.546743393 -0.8507635 1.01129341 0.919900894 -0.420099437 1.01129341 1.00099564 0.143926442 1.01129341 0.764280319 0.662267506 1.01129341 0.284910202 0.97031194 1.01129341 -0.284917831 0.97031194 1.01129341 -0.764287949 0.662267506 1.01129341 -1.00100327 0.143926442 -1.01129341 0.919900894 -0.420099437 1.01129341 0.919900894 -0.420099437 1.01129341 0.546743393 -0.8507635 -1.01129341 0.546743393 -0.8507635 -1.01129341 0.546743393 -0.8507635 1.01129341 0.546743393 -0.8507635 1.01129341 -3.81469727e-06 -1.0112859 -1.01129341 -3.81469727e-06 -1.0112859 -1.01129341 0.546743393 -0.8507635 -1.01129341 -3.81469727e-06 -1.0112859 -1.01129341 -0.546749115 -0.8507635 -1.01129341 -0.919908524 -0.420099437 -1.01129341 -1.00100327 0.143926442 -1.01129341 -0.764287949 0.662267506 -1.01129341 -0.284917831 0.97031194 -1.01129341 0.284910202 0.97031194 -1.01129341 0.764280319 0.662267506 -1.01129341 1.00099564 0.143926442 -1.01129341 0.919900894 -0.420099437 </float_array>
          <technique_common>
            <accessor count="66" offset="0" source="#meshesQ0S-positions-array" stride="3">
              <param name="X" type="float" />
              <param name="Y" type="float" />
              <param name="Z" type="float" />
            </accessor>
          </technique_common>
        </source>
        <source id="meshesQ0S-normals" name="meshesQ0S-normals">
          <float_array id="meshesQ0S-normals-array" count="198"> 0 -0.281700671 -0.959502339 0 -0.281700671 -0.959502339 0 -0.281700671 -0.959502339 0 -0.281700671 -0.959502339 0 -0.75580126 -0.654801071 0 -0.75580126 -0.654801071 0 -0.75580126 -0.654801071 0 -0.75580126 -0.654801071 0 -0.989823103 -0.142303318 0 -0.989823103 -0.142303318 0 -0.989823103 -0.142303318 0 -0.989823103 -0.142303318 0 -0.909632146 0.415414691 0 -0.909632146 0.415414691 0 -0.909632146 0.415414691 0 -0.909632146 0.415414691 0 -0.540590823 0.841285765 0 -0.540590823 0.841285765 0 -0.540590823 0.841285765 0 -0.540590823 0.841285765 0 0 1 0 0 1 0 0 1 0 0 1 0 0.540590823 0.841285765 0 0.540590823 0.841285765 0 0.540590823 0.841285765 0 0.540590823 0.841285765 0 0.909632146 0.415414691 0 0.909632146 0.415414691 0 0.909632146 0.415414691 0 0.909632146 0.415414691 0 0.989823103 -0.142303318 0 0.989823103 -0.142303318 0 0.989823103 -0.142303318 0 0.989823103 -0.142303318 1 0 0 1 0 0 1 0 0 1 0 0 1 0 0 1 0 0 1 0 0 1 0 0 1 0 0 1 0 0 1 0 0 0 0.75580126 -0.654801071 0 0.75580126 -0.654801071 0 0.75580126 -0.654801071 0 0.75580126 -0.654801071 0 0.281700671 -0.959502339 0 0.281700671 -0.959502339 0 0.281700671 -0.959502339 0 0.281700671 -0.959502339 -1 0 0 -1 0 0 -1 0 0 -1 0 0 -1 0 0 -1 0 0 -1 0 0 -1 0 0 -1 0 0 -1 0 0 -1 0 0 </float_array>
          <technique_common>
            <accessor count="66" offset="0" source="#meshesQ0S-normals-array" stride="3">
              <param name="X" type="float" />
              <param name="Y" type="float" />
              <param name="Z" type="float" />
            </accessor>
          </technique_common>
        </source>
        <source id="meshesQ0S-tex0" name="meshesQ0S-tex0">
          <float_array id="meshesQ0S-tex0-array" count="132"> -0.687300444 0.499999762 1.68730044 0.499999762 1.68730044 -0.14190197 -0.687300444 -0.14190197 -0.687300444 1.49883175 1.68730044 1.49883175 1.68730044 0.99321419 -0.687300444 0.99321419 -0.687300444 0.99321419 1.68730044 0.99321419 1.68730044 0.331024408 -0.687300444 0.331024408 -0.687300444 0.331024408 1.68730044 0.331024408 1.68730044 -0.277529597 -0.687300444 -0.277529597 -0.687300444 -0.397301555 1.68730044 -0.397301555 1.68730044 0.165498853 -0.687300444 0.165498853 -0.687300444 0.165498853 1.68730044 0.165498853 1.68730044 0.83450067 -0.687300444 0.83450067 -0.687300444 0.83450067 1.68730044 0.83450067 1.68730044 1.3973012 -0.687300444 1.3973012 -0.687300444 -0.277529597 1.68730044 -0.277529597 1.68730044 0.331024408 -0.687300444 0.331024408 -0.687300444 0.331024408 1.68730044 0.331024408 1.68730044 0.99321419 -0.687300444 0.99321419 0.99321419 -0.580006599 1.49883175 -0.14190197 1.68729174 0.499999762 1.49883175 1.14190376 0.99321419 1.58000612 0.331024379 1.67521477 -0.277529597 1.3973012 -0.639186502 0.83450067 -0.639186502 0.165498853 -0.277529597 -0.397301555 0.331024379 -0.675215125 -0.687300444 0.99321419 1.68730044 0.99321419 1.68730044 1.49883175 -0.687300444 1.49883175 -0.687300444 1.14190376 1.68730044 1.14190376 1.68730044 0.499999762 -0.687300444 0.499999762 1.49883175 1.14190376 1.68729174 0.499999762 1.49883175 -0.14190197 0.99321419 -0.580006599 0.331024379 -0.675215125 -0.277529597 -0.397301555 -0.639186502 0.165498853 -0.639186502 0.83450067 -0.277529597 1.3973012 0.331024379 1.67521477 0.99321419 1.58000612 </float_array>
          <technique_common>
            <accessor count="66" offset="0" source="#meshesQ0S-tex0-array" stride="2">
              <param name="S" type="float" />
              <param name="T" type="float" />
            </accessor>
          </technique_common>
        </source>
        <source id="meshesQ0S-tex1" name="meshesQ0S-tex1">
          <float_array id="meshesQ0S-tex1-array" count="132"> 1 0.5 1 1 0.909090877 1 0.909090877 0.5 0.909090877 0.5 0.909090877 1 0.818181753 1 0.818181753 0.5 0.818181753 0.5 0.818181753 1 0.72727263 1 0.72727263 0.5 0.72727263 0.5 0.72727263 1 0.636363506 1 0.636363506 0.5 0.636363506 0.5 0.636363506 1 0.545454383 1 0.545454383 0.5 0.545454383 0.5 0.545454383 1 0.454545289 1 0.454545289 0.5 0.454545289 0.5 0.454545289 1 0.363636196 1 0.363636196 0.5 0.363636196 0.5 0.363636196 1 0.272727102 1 0.272727102 0.5 0.272727102 0.5 0.272727102 1 0.181818008 1 0.181818008 0.5 0.468311667 0.349699616 0.379753798 0.45190084 0.25 0.49000001 0.120246202 0.45190084 0.0316883326 0.349699616 0.012442857 0.215844452 0.0686201155 0.0928333998 0.182384178 0.0197216868 0.317615807 0.0197216868 0.431379884 0.0928333998 0.487557143 0.215844452 0.181818008 0.5 0.181818008 1 0.0909089148 1 0.0909089148 0.5 0.0909089148 0.5 0.0909089148 1 -1.78813934e-07 1 -1.78813934e-07 0.5 0.620246172 0.45190084 0.75 0.49000001 0.879753828 0.45190084 0.968311667 0.349699616 0.987557173 0.215844452 0.931379914 0.0928333998 0.817615807 0.0197216868 0.682384193 0.0197216868 0.568620086 0.0928333998 0.512442827 0.215844452 0.531688333 0.349699616 </float_array>
          <technique_common>
            <accessor count="66" offset="0" source="#meshesQ0S-tex1-array" stride="2">
              <param name="S" type="float" />
              <param name="T" type="float" />
            </accessor>
          </technique_common>
        </source>
        <source id="meshesQ0S-tex2" name="meshesQ0S-tex2">
          <float_array id="meshesQ0S-tex2-array" count="132"> -0.687300444 0.499999762 1.68730044 0.499999762 1.68730044 -0.14190197 -0.687300444 -0.14190197 -0.687300444 1.49883175 1.68730044 1.49883175 1.68730044 0.99321419 -0.687300444 0.99321419 -0.687300444 0.99321419 1.68730044 0.99321419 1.68730044 0.331024408 -0.687300444 0.331024408 -0.687300444 0.331024408 1.68730044 0.331024408 1.68730044 -0.277529597 -0.687300444 -0.277529597 -0.687300444 -0.397301555 1.68730044 -0.397301555 1.68730044 0.165498853 -0.687300444 0.165498853 -0.687300444 0.165498853 1.68730044 0.165498853 1.68730044 0.83450067 -0.687300444 0.83450067 -0.687300444 0.83450067 1.68730044 0.83450067 1.68730044 1.3973012 -0.687300444 1.3973012 -0.687300444 -0.277529597 1.68730044 -0.277529597 1.68730044 0.331024408 -0.687300444 0.331024408 -0.687300444 0.331024408 1.68730044 0.331024408 1.68730044 0.99321419 -0.687300444 0.99321419 0.99321419 -0.580006599 1.49883175 -0.14190197 1.68729174 0.499999762 1.49883175 1.14190376 0.99321419 1.58000612 0.331024379 1.67521477 -0.277529597 1.3973012 -0.639186502 0.83450067 -0.639186502 0.165498853 -0.277529597 -0.397301555 0.331024379 -0.675215125 -0.687300444 0.99321419 1.68730044 0.99321419 1.68730044 1.49883175 -0.687300444 1.49883175 -0.687300444 1.14190376 1.68730044 1.14190376 1.68730044 0.499999762 -0.687300444 0.499999762 1.49883175 1.14190376 1.68729174 0.499999762 1.49883175 -0.14190197 0.99321419 -0.580006599 0.331024379 -0.675215125 -0.277529597 -0.397301555 -0.639186502 0.165498853 -0.639186502 0.83450067 -0.277529597 1.3973012 0.331024379 1.67521477 0.99321419 1.58000612 </float_array>
          <technique_common>
            <accessor count="66" offset="0" source="#meshesQ0S-tex2-array" stride="2">
              <param name="S" type="float" />
              <param name="T" type="float" />
            </accessor>
          </technique_common>
        </source>
        <source id="meshesQ0S-tex3" name="meshesQ0S-tex3">
          <float_array id="meshesQ0S-tex3-array" count="132"> -0.687300444 0.499999762 1.68730044 0.499999762 1.68730044 -0.14190197 -0.687300444 -0.14190197 -0.687300444 1.49883175 1.68730044 1.49883175 1.68730044 0.99321419 -0.687300444 0.99321419 -0.687300444 0.99321419 1.68730044 0.99321419 1.68730044 0.331024408 -0.687300444 0.331024408 -0.687300444 0.331024408 1.68730044 0.331024408 1.68730044 -0.277529597 -0.687300444 -0.277529597 -0.687300444 -0.397301555 1.68730044 -0.397301555 1.68730044 0.165498853 -0.687300444 0.165498853 -0.687300444 0.165498853 1.68730044 0.165498853 1.68730044 0.83450067 -0.687300444 0.83450067 -0.687300444 0.83450067 1.68730044 0.83450067 1.68730044 1.3973012 -0.687300444 1.3973012 -0.687300444 -0.277529597 1.68730044 -0.277529597 1.68730044 0.331024408 -0.687300444 0.331024408 -0.687300444 0.331024408 1.68730044 0.331024408 1.68730044 0.99321419 -0.687300444 0.99321419 0.99321419 -0.580006599 1.49883175 -0.14190197 1.68729174 0.499999762 1.49883175 1.14190376 0.99321419 1.58000612 0.331024379 1.67521477 -0.277529597 1.3973012 -0.639186502 0.83450067 -0.639186502 0.165498853 -0.277529597 -0.397301555 0.331024379 -0.675215125 -0.687300444 0.99321419 1.68730044 0.99321419 1.68730044 1.49883175 -0.687300444 1.49883175 -0.687300444 1.14190376 1.68730044 1.14190376 1.68730044 0.499999762 -0.687300444 0.499999762 1.49883175 1.14190376 1.68729174 0.499999762 1.49883175 -0.14190197 0.99321419 -0.580006599 0.331024379 -0.675215125 -0.277529597 -0.397301555 -0.639186502 0.165498853 -0.639186502 0.83450067 -0.277529597 1.3973012 0.331024379 1.67521477 0.99321419 1.58000612 </float_array>
          <technique_common>
            <accessor count="66" offset="0" source="#meshesQ0S-tex3-array" stride="2">
              <param name="S" type="float" />
              <param name="T" type="float" />
            </accessor>
          </technique_common>
        </source>
        <source id="meshesQ0S-tex4" name="meshesQ0S-tex4">
          <float_array id="meshesQ0S-tex4-array" count="132"> -0.687300444 0.499999762 1.68730044 0.499999762 1.68730044 -0.14190197 -0.687300444 -0.14190197 -0.687300444 1.49883175 1.68730044 1.49883175 1.68730044 0.99321419 -0.687300444 0.99321419 -0.687300444 0.99321419 1.68730044 0.99321419 1.68730044 0.331024408 -0.687300444 0.331024408 -0.687300444 0.331024408 1.68730044 0.331024408 1.68730044 -0.277529597 -0.687300444 -0.277529597 -0.687300444 -0.397301555 1.68730044 -0.397301555 1.68730044 0.165498853 -0.687300444 0.165498853 -0.687300444 0.165498853 1.68730044 0.165498853 1.68730044 0.83450067 -0.687300444 0.83450067 -0.687300444 0.83450067 1.68730044 0.83450067 1.68730044 1.3973012 -0.687300444 1.3973012 -0.687300444 -0.277529597 1.68730044 -0.277529597 1.68730044 0.331024408 -0.687300444 0.331024408 -0.687300444 0.331024408 1.68730044 0.331024408 1.68730044 0.99321419 -0.687300444 0.99321419 0.99321419 -0.580006599 1.49883175 -0.14190197 1.68729174 0.499999762 1.49883175 1.14190376 0.99321419 1.58000612 0.331024379 1.67521477 -0.277529597 1.3973012 -0.639186502 0.83450067 -0.639186502 0.165498853 -0.277529597 -0.397301555 0.331024379 -0.675215125 -0.687300444 0.99321419 1.68730044 0.99321419 1.68730044 1.49883175 -0.687300444 1.49883175 -0.687300444 1.14190376 1.68730044 1.14190376 1.68730044 0.499999762 -0.687300444 0.499999762 1.49883175 1.14190376 1.68729174 0.499999762 1.49883175 -0.14190197 0.99321419 -0.580006599 0.331024379 -0.675215125 -0.277529597 -0.397301555 -0.639186502 0.165498853 -0.639186502 0.83450067 -0.277529597 1.3973012 0.331024379 1.67521477 0.99321419 1.58000612 </float_array>
          <technique_common>
            <accessor count="66" offset="0" source="#meshesQ0S-tex4-array" stride="2">
              <param name="S" type="float" />
              <param name="T" type="float" />
            </accessor>
          </technique_common>
        </source>
        <vertices id="meshesQ0S-vertices">
          <input semantic="POSITION" source="#meshesQ0S-positions" />
        </vertices>
        <polylist count="40" material="defaultMaterial">
          <input offset="0" semantic="VERTEX" source="#meshesQ0S-vertices" />
          <input offset="0" semantic="NORMAL" source="#meshesQ0S-normals" />
          <input offset="0" semantic="TEXCOORD" source="#meshesQ0S-tex0" set="0" />
          <input offset="0" semantic="TEXCOORD" source="#meshesQ0S-tex1" set="1" />
          <input offset="0" semantic="TEXCOORD" source="#meshesQ0S-tex2" set="2" />
          <input offset="0" semantic="TEXCOORD" source="#meshesQ0S-tex3" set="3" />
          <input offset="0" semantic="TEXCOORD" source="#meshesQ0S-tex4" set="4" />
          <vcount>3 3 3 3 3 3 3 3 3 3 3 3 3 3 3 3 3 3 3 3 3 3 3 3 3 3 3 3 3 3 3 3 3 3 3 3 3 3 3 3 </vcount>
          <p>0 1 2 0 2 3 4 5 6 4 6 7 8 9 10 8 10 11 12 13 14 12 14 15 16 17 18 16 18 19 20 21 22 20 22 23 24 25 26 24 26 27 28 29 30 28 30 31 32 33 34 32 34 35 36 37 38 38 39 40 40 41 42 42 43 44 44 45 46 46 36 38 38 40 42 42 44 46 38 42 46 47 48 49 47 49 50 51 52 53 51 53 54 55 56 57 57 58 59 59 60 61 61 62 63 63 64 65 65 55 57 57 59 61 61 63 65 57 61 65 </p>
        </polylist>
      </mesh>
    </geometry>
    <geometry id="meshesQ1S" name="meshes[1]" >
      <mesh>
        <source id="meshesQ1S-positions" name="meshesQ1S-positions">
          <float_array id="meshesQ1S-positions-array" count="60"> -0.764011383 16.4635487 2.19747925 -0.764011383 25.4102249 2.19747925 -0.764011383 25.4102249 -2.30532837 -0.764011383 16.4635487 -2.30532837 -0.764011383 16.4635487 -2.30532837 -0.764011383 25.4102249 -2.30532837 0.342712402 25.4102249 -2.30532837 0.342712402 16.4635487 -2.30532837 0.342712402 16.4635487 -2.30532837 0.342712402 25.4102249 -2.30532837 0.342712402 25.4102249 2.19747925 0.342712402 16.4635487 2.19747925 0.342712402 16.4635487 2.19747925 0.342712402 25.4102249 2.19747925 -0.764011383 25.4102249 2.19747925 -0.764011383 16.4635487 2.19747925 0.342712402 25.4102249 -2.30532837 -0.764011383 25.4102249 -2.30532837 -0.764011383 25.4102249 2.19747925 0.342712402 25.4102249 2.19747925 </float_array>
          <technique_common>
            <accessor count="20" offset="0" source="#meshesQ1S-positions-array" stride="3">
              <param name="X" type="float" />
              <param name="Y" type="float" />
              <param name="Z" type="float" />
            </accessor>
          </technique_common>
        </source>
        <source id="meshesQ1S-normals" name="meshesQ1S-normals">
          <float_array id="meshesQ1S-normals-array" count="60"> -1 0 0 -1 0 0 -1 0 0 -1 0 0 0 0 -1 0 0 -1 0 0 -1 0 0 -1 1 0 0 1 0 0 1 0 0 1 0 0 0 0 1 0 0 1 0 0 1 0 0 1 0 1 0 0 1 0 0 1 0 0 1 0 </float_array>
          <technique_common>
            <accessor count="20" offset="0" source="#meshesQ1S-normals-array" stride="3">
              <param name="X" type="float" />
              <param name="Y" type="float" />
              <param name="Z" type="float" />
            </accessor>
          </technique_common>
        </source>
        <source id="meshesQ1S-tex0" name="meshesQ1S-tex0">
          <float_array id="meshesQ1S-tex0-array" count="40"> -1.75140381 -4.86800575 -1.75140381 4.0786705 2.75140381 4.0786705 2.75140381 -4.86800575 -0.0533618927 -4.86800575 -0.0533618927 4.0786705 1.05336189 4.0786705 1.05336189 -4.86800575 2.75140381 -4.86800575 2.75140381 4.0786705 -1.75140381 4.0786705 -1.75140381 -4.86800575 1.05336189 -4.86800575 1.05336189 4.0786705 -0.0533618927 4.0786705 -0.0533618927 -4.86800575 1.05336189 2.75140381 -0.0533618927 2.75140381 -0.0533618927 -1.75140381 1.05336189 -1.75140381 </float_array>
          <technique_common>
            <accessor count="20" offset="0" source="#meshesQ1S-tex0-array" stride="2">
              <param name="S" type="float" />
              <param name="T" type="float" />
            </accessor>
          </technique_common>
        </source>
        <source id="meshesQ1S-tex1" name="meshesQ1S-tex1">
          <float_array id="meshesQ1S-tex1-array" count="40"> 0.375 0 0.625 0 0.625 0.25 0.375 0.25 0.375 0.25 0.625 0.25 0.625 0.5 0.375 0.5 0.375 0.5 0.625 0.5 0.625 0.75 0.375 0.75 0.375 0.75 0.625 0.75 0.625 1 0.375 1 0.625 0.5 0.875 0.5 0.875 0.75 0.625 0.75 </float_array>
          <technique_common>
            <accessor count="20" offset="0" source="#meshesQ1S-tex1-array" stride="2">
              <param name="S" type="float" />
              <param name="T" type="float" />
            </accessor>
          </technique_common>
        </source>
        <source id="meshesQ1S-tex2" name="meshesQ1S-tex2">
          <float_array id="meshesQ1S-tex2-array" count="40"> -1.75140381 -4.86800575 -1.75140381 4.0786705 2.75140381 4.0786705 2.75140381 -4.86800575 -0.0533618927 -4.86800575 -0.0533618927 4.0786705 1.05336189 4.0786705 1.05336189 -4.86800575 2.75140381 -4.86800575 2.75140381 4.0786705 -1.75140381 4.0786705 -1.75140381 -4.86800575 1.05336189 -4.86800575 1.05336189 4.0786705 -0.0533618927 4.0786705 -0.0533618927 -4.86800575 1.05336189 2.75140381 -0.0533618927 2.75140381 -0.0533618927 -1.75140381 1.05336189 -1.75140381 </float_array>
          <technique_common>
            <accessor count="20" offset="0" source="#meshesQ1S-tex2-array" stride="2">
              <param name="S" type="float" />
              <param name="T" type="float" />
            </accessor>
          </technique_common>
        </source>
        <source id="meshesQ1S-tex3" name="meshesQ1S-tex3">
          <float_array id="meshesQ1S-tex3-array" count="40"> -1.75140381 -4.86800575 -1.75140381 4.0786705 2.75140381 4.0786705 2.75140381 -4.86800575 -0.0533618927 -4.86800575 -0.0533618927 4.0786705 1.05336189 4.0786705 1.05336189 -4.86800575 2.75140381 -4.86800575 2.75140381 4.0786705 -1.75140381 4.0786705 -1.75140381 -4.86800575 1.05336189 -4.86800575 1.05336189 4.0786705 -0.0533618927 4.0786705 -0.0533618927 -4.86800575 1.05336189 2.75140381 -0.0533618927 2.75140381 -0.0533618927 -1.75140381 1.05336189 -1.75140381 </float_array>
          <technique_common>
            <accessor count="20" offset="0" source="#meshesQ1S-tex3-array" stride="2">
              <param name="S" type="float" />
              <param name="T" type="float" />
            </accessor>
          </technique_common>
        </source>
        <source id="meshesQ1S-tex4" name="meshesQ1S-tex4">
          <float_array id="meshesQ1S-tex4-array" count="40"> -1.75140381 -4.86800575 -1.75140381 4.0786705 2.75140381 4.0786705 2.75140381 -4.86800575 -0.0533618927 -4.86800575 -0.0533618927 4.0786705 1.05336189 4.0786705 1.05336189 -4.86800575 2.75140381 -4.86800575 2.75140381 4.0786705 -1.75140381 4.0786705 -1.75140381 -4.86800575 1.05336189 -4.86800575 1.05336189 4.0786705 -0.0533618927 4.0786705 -0.0533618927 -4.86800575 1.05336189 2.75140381 -0.0533618927 2.75140381 -0.0533618927 -1.75140381 1.05336189 -1.75140381 </float_array>
          <technique_common>
            <accessor count="20" offset="0" source="#meshesQ1S-tex4-array" stride="2">
              <param name="S" type="float" />
              <param name="T" type="float" />
            </accessor>
          </technique_common>
        </source>
        <vertices id="meshesQ1S-vertices">
          <input semantic="POSITION" source="#meshesQ1S-positions" />
        </vertices>
        <polylist count="10" material="defaultMaterial">
          <input offset="0" semantic="VERTEX" source="#meshesQ1S-vertices" />
          <input offset="0" semantic="NORMAL" source="#meshesQ1S-normals" />
          <input offset="0" semantic="TEXCOORD" source="#meshesQ1S-tex0" set="0" />
          <input offset="0" semantic="TEXCOORD" source="#meshesQ1S-tex1" set="1" />
          <input offset="0" semantic="TEXCOORD" source="#meshesQ1S-tex2" set="2" />
          <input offset="0" semantic="TEXCOORD" source="#meshesQ1S-tex3" set="3" />
          <input offset="0" semantic="TEXCOORD" source="#meshesQ1S-tex4" set="4" />
          <vcount>3 3 3 3 3 3 3 3 3 3 </vcount>
          <p>0 1 2 0 2 3 4 5 6 4 6 7 8 9 10 8 10 11 12 13 14 12 14 15 16 17 18 16 18 19 </p>
        </polylist>
      </mesh>
    </geometry>
    <geometry id="meshesQ2S" name="meshes[2]" >
      <mesh>
        <source id="meshesQ2S-positions" name="meshesQ2S-positions">
          <float_array id="meshesQ2S-positions-array" count="648"> -1.77882385 23.6796131 1.19873047 0.487071991 23.6796131 1.19873047 0.487071991 24.3455448 0.959503174 -1.77882385 24.3455448 0.959503174 -1.77882385 24.3455448 0.959503174 0.487071991 24.3455448 0.959503174 0.487071991 24.7571106 0.3331604 -1.77882385 24.7571106 0.3331604 -1.77882385 24.7571106 0.3331604 0.487071991 24.7571106 0.3331604 0.487071991 24.7571106 -0.441040039 -1.77882385 24.7571106 -0.441040039 0.487071991 24.241396 -0.908874512 0.487071991 24.5885963 -0.380493164 -1.77882385 24.5885963 -0.380493164 -1.77882385 24.241396 -0.908874512 -1.77882385 24.7571106 -0.441040039 0.487071991 24.7571106 -0.441040039 0.487071991 24.3455448 -1.06735229 -1.77882385 24.3455448 -1.06735229 -1.77882385 24.3455448 -1.06735229 0.487071991 24.3455448 -1.06735229 0.487071991 23.6796131 -1.30657959 -1.77882385 23.6796131 -1.30657959 0.487071991 23.6796131 -1.11068726 0.487071991 24.241396 -0.908874512 -1.77882385 24.241396 -0.908874512 -1.77882385 23.6796131 -1.11068726 -1.77882385 24.241396 0.800994873 -1.77882385 23.6796131 1.00280762 -1.77882385 23.6796131 1.19873047 -1.77882385 24.3455448 0.959503174 0.487071991 23.6796131 1.00280762 0.487071991 24.241396 0.800994873 0.487071991 24.3455448 0.959503174 0.487071991 23.6796131 1.19873047 -1.77882385 24.5885963 0.272613525 -1.77882385 24.7571106 0.3331604 0.487071991 24.5885963 0.272613525 0.487071991 24.7571106 0.3331604 -1.77882385 24.5885963 -0.380493164 -1.77882385 24.7571106 -0.441040039 0.487071991 24.5885963 -0.380493164 0.487071991 24.7571106 -0.441040039 -1.77882385 24.241396 -0.908874512 -1.77882385 24.3455448 -1.06735229 0.487071991 24.241396 -0.908874512 0.487071991 24.3455448 -1.06735229 -1.77882385 23.6796131 -1.11068726 -1.77882385 23.6796131 -1.30657959 0.487071991 23.6796131 -1.11068726 0.487071991 23.6796131 -1.30657959 0.487071991 24.5885963 -0.380493164 0.487071991 24.5885963 0.272613525 -1.77882385 24.5885963 0.272613525 -1.77882385 24.5885963 -0.380493164 0.487071991 24.5885963 0.272613525 0.487071991 24.241396 0.800994873 -1.77882385 24.241396 0.800994873 -1.77882385 24.5885963 0.272613525 0.487071991 24.241396 0.800994873 0.487071991 23.6796131 1.00280762 -1.77882385 23.6796131 1.00280762 -1.77882385 24.241396 0.800994873 0.487071991 23.6796131 -1.30657959 0.487071991 23.6796131 -1.11068726 -1.77882385 23.6796131 -1.11068726 -1.77882385 23.6796131 -1.30657959 -1.77882385 23.6796131 1.19873047 -1.77882385 23.6796131 1.00280762 0.487071991 23.6796131 1.00280762 0.487071991 23.6796131 1.19873047 -1.77882385 21.0245056 1.19873047 0.487071991 21.0245056 1.19873047 0.487071991 21.6904373 0.959503174 -1.77882385 21.6904373 0.959503174 -1.77882385 21.6904373 0.959503174 0.487071991 21.6904373 0.959503174 0.487071991 22.1020031 0.3331604 -1.77882385 22.102005 0.3331604 -1.77882385 22.102005 0.3331604 0.487071991 22.1020031 0.3331604 0.487071991 22.1020031 -0.441040039 -1.77882385 22.102005 -0.441040039 0.487071991 21.5862885 -0.908874512 0.487071991 21.9334888 -0.380493164 -1.77882385 21.9334888 -0.380493164 -1.77882385 21.5862885 -0.908874512 -1.77882385 22.102005 -0.441040039 0.487071991 22.1020031 -0.441040039 0.487071991 21.6904373 -1.06735229 -1.77882385 21.6904373 -1.06735229 -1.77882385 21.6904373 -1.06735229 0.487071991 21.6904373 -1.06735229 0.487071991 21.0245056 -1.30657959 -1.77882385 21.0245056 -1.30657959 0.487071991 21.0245056 -1.11068726 0.487071991 21.5862885 -0.908874512 -1.77882385 21.5862885 -0.908874512 -1.77882385 21.0245056 -1.11068726 -1.77882385 21.5862885 0.800994873 -1.77882385 21.0245056 1.00280762 -1.77882385 21.0245056 1.19873047 -1.77882385 21.6904373 0.959503174 0.487071991 21.0245056 1.00280762 0.487071991 21.5862885 0.800994873 0.487071991 21.6904373 0.959503174 0.487071991 21.0245056 1.19873047 -1.77882385 21.9334888 0.272613525 -1.77882385 22.102005 0.3331604 0.487071991 21.9334888 0.272613525 0.487071991 22.1020031 0.3331604 -1.77882385 21.9334888 -0.380493164 -1.77882385 22.102005 -0.441040039 0.487071991 21.9334888 -0.380493164 0.487071991 22.1020031 -0.441040039 -1.77882385 21.5862885 -0.908874512 -1.77882385 21.6904373 -1.06735229 0.487071991 21.5862885 -0.908874512 0.487071991 21.6904373 -1.06735229 -1.77882385 21.0245056 -1.11068726 -1.77882385 21.0245056 -1.30657959 0.487071991 21.0245056 -1.11068726 0.487071991 21.0245056 -1.30657959 0.487071991 21.9334888 -0.380493164 0.487071991 21.9334888 0.272613525 -1.77882385 21.9334888 0.272613525 -1.77882385 21.9334888 -0.380493164 0.487071991 21.9334888 0.272613525 0.487071991 21.5862885 0.800994873 -1.77882385 21.5862885 0.800994873 -1.77882385 21.9334888 0.272613525 0.487071991 21.5862885 0.800994873 0.487071991 21.0245056 1.00280762 -1.77882385 21.0245056 1.00280762 -1.77882385 21.5862885 0.800994873 0.487071991 21.0245056 -1.30657959 0.487071991 21.0245056 -1.11068726 -1.77882385 21.0245056 -1.11068726 -1.77882385 21.0245056 -1.30657959 -1.77882385 21.0245056 1.19873047 -1.77882385 21.0245056 1.00280762 0.487071991 21.0245056 1.00280762 0.487071991 21.0245056 1.19873047 -1.77882385 18.1639233 1.19873047 0.487071991 18.1639233 1.19873047 0.487071991 18.8298531 0.959503174 -1.77882385 18.8298531 0.959503174 -1.77882385 18.8298531 0.959503174 0.487071991 18.8298531 0.959503174 0.487071991 19.2414227 0.3331604 -1.77882385 19.2414227 0.3331604 -1.77882385 19.2414227 0.3331604 0.487071991 19.2414227 0.3331604 0.487071991 19.2414227 -0.441040039 -1.77882385 19.2414227 -0.441040039 0.487071991 18.7257061 -0.908874512 0.487071991 19.0729065 -0.380493164 -1.77882385 19.0729065 -0.380493164 -1.77882385 18.7257061 -0.908874512 -1.77882385 19.2414227 -0.441040039 0.487071991 19.2414227 -0.441040039 0.487071991 18.8298531 -1.06735229 -1.77882385 18.8298531 -1.06735229 -1.77882385 18.8298531 -1.06735229 0.487071991 18.8298531 -1.06735229 0.487071991 18.1639233 -1.30657959 -1.77882385 18.1639233 -1.30657959 0.487071991 18.1639233 -1.11068726 0.487071991 18.7257061 -0.908874512 -1.77882385 18.7257061 -0.908874512 -1.77882385 18.1639233 -1.11068726 -1.77882385 18.7257061 0.800994873 -1.77882385 18.1639233 1.00280762 -1.77882385 18.1639233 1.19873047 -1.77882385 18.8298531 0.959503174 0.487071991 18.1639233 1.00280762 0.487071991 18.7257061 0.800994873 0.487071991 18.8298531 0.959503174 0.487071991 18.1639233 1.19873047 -1.77882385 19.0729065 0.272613525 -1.77882385 19.2414227 0.3331604 0.487071991 19.0729065 0.272613525 0.487071991 19.2414227 0.3331604 -1.77882385 19.0729065 -0.380493164 -1.77882385 19.2414227 -0.441040039 0.487071991 19.0729065 -0.380493164 0.487071991 19.2414227 -0.441040039 -1.77882385 18.7257061 -0.908874512 -1.77882385 18.8298531 -1.06735229 0.487071991 18.7257061 -0.908874512 0.487071991 18.8298531 -1.06735229 -1.77882385 18.1639233 -1.11068726 -1.77882385 18.1639233 -1.30657959 0.487071991 18.1639233 -1.11068726 0.487071991 18.1639233 -1.30657959 0.487071991 19.0729065 -0.380493164 0.487071991 19.0729065 0.272613525 -1.77882385 19.0729065 0.272613525 -1.77882385 19.0729065 -0.380493164 0.487071991 19.0729065 0.272613525 0.487071991 18.7257061 0.800994873 -1.77882385 18.7257061 0.800994873 -1.77882385 19.0729065 0.272613525 0.487071991 18.7257061 0.800994873 0.487071991 18.1639233 1.00280762 -1.77882385 18.1639233 1.00280762 -1.77882385 18.7257061 0.800994873 0.487071991 18.1639233 -1.30657959 0.487071991 18.1639233 -1.11068726 -1.77882385 18.1639233 -1.11068726 -1.77882385 18.1639233 -1.30657959 -1.77882385 18.1639233 1.19873047 -1.77882385 18.1639233 1.00280762 0.487071991 18.1639233 1.00280762 0.487071991 18.1639233 1.19873047 </float_array>
          <technique_common>
            <accessor count="216" offset="0" source="#meshesQ2S-positions-array" stride="3">
              <param name="X" type="float" />
              <param name="Y" type="float" />
              <param name="Z" type="float" />
            </accessor>
          </technique_common>
        </source>
        <source id="meshesQ2S-normals" name="meshesQ2S-normals">
          <float_array id="meshesQ2S-normals-array" count="648"> 0 0.338103235 0.941109061 0 0.338103235 0.941109061 0 0.338103235 0.941109061 0 0.338103235 0.941109061 0 0.835739553 0.549126029 0 0.835739553 0.549126029 0 0.835739553 0.549126029 0 0.835739553 0.549126029 0 1 0 0 1 0 0 1 0 0 1 0 0 -0.835693717 0.549195886 0 -0.835693717 0.549195886 0 -0.835693717 0.549195886 0 -0.835693717 0.549195886 0 0.835693717 -0.549195886 0 0.835693717 -0.549195886 0 0.835693717 -0.549195886 0 0.835693717 -0.549195886 0 0.338103235 -0.941109061 0 0.338103235 -0.941109061 0 0.338103235 -0.941109061 0 0.338103235 -0.941109061 0 -0.338103235 0.941109061 0 -0.338103235 0.941109061 0 -0.338103235 0.941109061 0 -0.338103235 0.941109061 -1 0 0 -1 0 0 -1 0 0 -1 0 0 1 0 0 1 0 0 1 0 0 1 0 0 -1 0 0 -1 0 0 1 0 0 1 0 0 -1 0 0 -1 0 0 1 0 0 1 0 0 -1 0 0 -1 0 0 1 0 0 1 0 0 -1 0 0 -1 0 0 1 0 0 1 0 0 0 -1 0 0 -1 0 0 -1 0 0 -1 0 0 -0.835693717 -0.549195886 0 -0.835693717 -0.549195886 0 -0.835693717 -0.549195886 0 -0.835693717 -0.549195886 0 -0.338103235 -0.941109061 0 -0.338103235 -0.941109061 0 -0.338103235 -0.941109061 0 -0.338103235 -0.941109061 0 -1 0 0 -1 0 0 -1 0 0 -1 0 0 -1 0 0 -1 0 0 -1 0 0 -1 0 0 0.338103235 0.941109061 0 0.338103235 0.941109061 0 0.338103235 0.941109061 0 0.338103235 0.941109061 0 0.835693717 0.549195886 0 0.835693717 0.549195886 0 0.835693717 0.549195886 0 0.835693717 0.549195886 0 1 0 0 1 0 0 1 0 0 1 0 0 -0.835693717 0.549195886 0 -0.835693717 0.549195886 0 -0.835693717 0.549195886 0 -0.835693717 0.549195886 0 0.835693717 -0.549195886 0 0.835693717 -0.549195886 0 0.835693717 -0.549195886 0 0.835693717 -0.549195886 0 0.338103235 -0.941109061 0 0.338103235 -0.941109061 0 0.338103235 -0.941109061 0 0.338103235 -0.941109061 0 -0.338103235 0.941109061 0 -0.338103235 0.941109061 0 -0.338103235 0.941109061 0 -0.338103235 0.941109061 -1 0 0 -1 0 0 -1 0 0 -1 0 0 1 0 0 1 0 0 1 0 0 1 0 0 -1 0 0 -1 0 0 1 0 0 1 0 0 -1 0 0 -1 0 0 1 0 0 1 0 0 -1 0 0 -1 0 0 1 0 0 1 0 0 -1 0 0 -1 0 0 1 0 0 1 0 0 0 -1 0 0 -1 0 0 -1 0 0 -1 0 0 -0.835693717 -0.549195886 0 -0.835693717 -0.549195886 0 -0.835693717 -0.549195886 0 -0.835693717 -0.549195886 0 -0.338103235 -0.941109061 0 -0.338103235 -0.941109061 0 -0.338103235 -0.941109061 0 -0.338103235 -0.941109061 0 -1 0 0 -1 0 0 -1 0 0 -1 0 0 -1 0 0 -1 0 0 -1 0 0 -1 0 0 0.338103235 0.941109061 0 0.338103235 0.941109061 0 0.338103235 0.941109061 0 0.338103235 0.941109061 0 0.835693717 0.549195886 0 0.835693717 0.549195886 0 0.835693717 0.549195886 0 0.835693717 0.549195886 0 1 0 0 1 0 0 1 0 0 1 0 0 -0.835693717 0.549195886 0 -0.835693717 0.549195886 0 -0.835693717 0.549195886 0 -0.835693717 0.549195886 0 0.835693717 -0.549195886 0 0.835693717 -0.549195886 0 0.835693717 -0.549195886 0 0.835693717 -0.549195886 0 0.338103235 -0.941109061 0 0.338103235 -0.941109061 0 0.338103235 -0.941109061 0 0.338103235 -0.941109061 0 -0.338103235 0.941109061 0 -0.338103235 0.941109061 0 -0.338103235 0.941109061 0 -0.338103235 0.941109061 -1 0 0 -1 0 0 -1 0 0 -1 0 0 1 0 0 1 0 0 1 0 0 1 0 0 -1 0 0 -1 0 0 1 0 0 1 0 0 -1 0 0 -1 0 0 1 0 0 1 0 0 -1 0 0 -1 0 0 1 0 0 1 0 0 -1 0 0 -1 0 0 1 0 0 1 0 0 0 -1 0 0 -1 0 0 -1 0 0 -1 0 0 -0.835693717 -0.549195886 0 -0.835693717 -0.549195886 0 -0.835693717 -0.549195886 0 -0.835693717 -0.549195886 0 -0.338103235 -0.941109061 0 -0.338103235 -0.941109061 0 -0.338103235 -0.941109061 0 -0.338103235 -0.941109061 0 -1 0 0 -1 0 0 -1 0 0 -1 0 0 -1 0 0 -1 0 0 -1 0 0 -1 0 </float_array>
          <technique_common>
            <accessor count="216" offset="0" source="#meshesQ2S-normals-array" stride="3">
              <param name="X" type="float" />
              <param name="Y" type="float" />
              <param name="Z" type="float" />
            </accessor>
          </technique_common>
        </source>
        <source id="meshesQ2S-tex0" name="meshesQ2S-tex0">
          <float_array id="meshesQ2S-tex0-array" count="432"> -0.632947922 2.63919258 1.63294792 2.63919258 1.63294792 3.30512428 -0.632947922 3.30512428 -0.632947922 -0.513438106 1.63294792 -0.513438106 1.63294792 0.112904668 -0.632947922 0.112904668 -0.632947922 0.112904668 1.63294792 0.112904668 1.63294792 0.887105107 -0.632947922 0.887105107 1.63294792 1.35493946 1.63294792 0.826558232 -0.632947922 0.826558232 -0.632947922 1.35493946 -0.632947922 0.887105107 1.63294792 0.887105107 1.63294792 1.51341736 -0.632947922 1.51341736 -0.632947922 3.30512428 1.63294792 3.30512428 1.63294792 2.63919258 -0.632947922 2.63919258 1.63294792 2.63919258 1.63294792 3.20097542 -0.632947922 3.20097542 -0.632947922 2.63919258 -0.354929864 3.20097542 -0.556742549 2.63919258 -0.752665401 2.63919258 -0.513438106 3.30512428 -0.556742549 2.63919258 -0.354929864 3.20097542 -0.513438106 3.30512428 -0.752665401 2.63919258 0.173451513 3.54817581 0.112904638 3.71669006 0.173451513 3.54817581 0.112904638 3.71669006 0.826558232 3.54817581 0.887105107 3.71669006 0.826558232 3.54817581 0.887105107 3.71669006 1.35493946 3.20097542 1.51341736 3.30512428 1.35493946 3.20097542 1.51341736 3.30512428 1.55675232 2.63919258 1.75264466 2.63919258 1.55675232 2.63919258 1.75264466 2.63919258 1.63294792 0.826558232 1.63294792 0.173451543 -0.632947922 0.173451543 -0.632947922 0.826558232 1.63294792 0.173451543 1.63294792 -0.354929924 -0.632947922 -0.354929924 -0.632947922 0.173451543 1.63294792 3.20097542 1.63294792 2.63919258 -0.632947922 2.63919258 -0.632947922 3.20097542 1.63294792 1.75264466 1.63294792 1.55675232 -0.632947922 1.55675232 -0.632947922 1.75264466 -0.632947922 -0.752665401 -0.632947922 -0.556742549 1.63294792 -0.556742549 1.63294792 -0.752665401 -0.632947922 -0.015914917 1.63294792 -0.015914917 1.63294792 0.650016785 -0.632947922 0.650016785 -0.632947922 -0.513438106 1.63294792 -0.513438106 1.63294792 0.112904668 -0.632947922 0.112904668 -0.632947922 0.112904668 1.63294792 0.112904668 1.63294792 0.887105107 -0.632947922 0.887105107 1.63294792 1.35493946 1.63294792 0.826558232 -0.632947922 0.826558232 -0.632947922 1.35493946 -0.632947922 0.887105107 1.63294792 0.887105107 1.63294792 1.51341736 -0.632947922 1.51341736 -0.632947922 0.650016785 1.63294792 0.650016785 1.63294792 -0.015914917 -0.632947922 -0.015914917 1.63294792 -0.015914917 1.63294792 0.54586792 -0.632947922 0.54586792 -0.632947922 -0.015914917 -0.354929864 0.54586792 -0.556742549 -0.015914917 -0.752665401 -0.015914917 -0.513438106 0.650016785 -0.556742549 -0.015914917 -0.354929864 0.54586792 -0.513438106 0.650016785 -0.752665401 -0.015914917 0.173451513 0.893068314 0.112904638 1.06158447 0.173451513 0.893068314 0.112904638 1.06158257 0.826558232 0.893068314 0.887105107 1.06158447 0.826558232 0.893068314 0.887105107 1.06158257 1.35493946 0.54586792 1.51341736 0.650016785 1.35493946 0.54586792 1.51341736 0.650016785 1.55675232 -0.015914917 1.75264466 -0.015914917 1.55675232 -0.015914917 1.75264466 -0.015914917 1.63294792 0.826558232 1.63294792 0.173451543 -0.632947922 0.173451543 -0.632947922 0.826558232 1.63294792 0.173451543 1.63294792 -0.354929924 -0.632947922 -0.354929924 -0.632947922 0.173451543 1.63294792 0.54586792 1.63294792 -0.015914917 -0.632947922 -0.015914917 -0.632947922 0.54586792 1.63294792 1.75264466 1.63294792 1.55675232 -0.632947922 1.55675232 -0.632947922 1.75264466 -0.632947922 -0.752665401 -0.632947922 -0.556742549 1.63294792 -0.556742549 1.63294792 -0.752665401 -0.632947922 -2.87649727 1.63294792 -2.87649727 1.63294792 -2.21056747 -0.632947922 -2.21056747 -0.632947922 -0.513438106 1.63294792 -0.513438106 1.63294792 0.112904668 -0.632947922 0.112904668 -0.632947922 0.112904668 1.63294792 0.112904668 1.63294792 0.887105107 -0.632947922 0.887105107 1.63294792 1.35493946 1.63294792 0.826558232 -0.632947922 0.826558232 -0.632947922 1.35493946 -0.632947922 0.887105107 1.63294792 0.887105107 1.63294792 1.51341736 -0.632947922 1.51341736 -0.632947922 -2.21056747 1.63294792 -2.21056747 1.63294792 -2.87649727 -0.632947922 -2.87649727 1.63294792 -2.87649727 1.63294792 -2.31471443 -0.632947922 -2.31471443 -0.632947922 -2.87649727 -0.354929864 -2.31471443 -0.556742549 -2.87649727 -0.752665401 -2.87649727 -0.513438106 -2.21056747 -0.556742549 -2.87649727 -0.354929864 -2.31471443 -0.513438106 -2.21056747 -0.752665401 -2.87649727 0.173451513 -1.96751404 0.112904638 -1.79899788 0.173451513 -1.96751404 0.112904638 -1.79899788 0.826558232 -1.96751404 0.887105107 -1.79899788 0.826558232 -1.96751404 0.887105107 -1.79899788 1.35493946 -2.31471443 1.51341736 -2.21056747 1.35493946 -2.31471443 1.51341736 -2.21056747 1.55675232 -2.87649727 1.75264466 -2.87649727 1.55675232 -2.87649727 1.75264466 -2.87649727 1.63294792 0.826558232 1.63294792 0.173451543 -0.632947922 0.173451543 -0.632947922 0.826558232 1.63294792 0.173451543 1.63294792 -0.354929924 -0.632947922 -0.354929924 -0.632947922 0.173451543 1.63294792 -2.31471443 1.63294792 -2.87649727 -0.632947922 -2.87649727 -0.632947922 -2.31471443 1.63294792 1.75264466 1.63294792 1.55675232 -0.632947922 1.55675232 -0.632947922 1.75264466 -0.632947922 -0.752665401 -0.632947922 -0.556742549 1.63294792 -0.556742549 1.63294792 -0.752665401 </float_array>
          <technique_common>
            <accessor count="216" offset="0" source="#meshesQ2S-tex0-array" stride="2">
              <param name="S" type="float" />
              <param name="T" type="float" />
            </accessor>
          </technique_common>
        </source>
        <source id="meshesQ2S-tex1" name="meshesQ2S-tex1">
          <float_array id="meshesQ2S-tex1-array" count="432"> 0.499999911 0.5 0.499999911 1 0.399999917 1 0.399999917 0.5 0.399999917 0.5 0.399999917 1 0.299999923 1 0.299999923 0.5 0.299999923 0.5 0.299999923 1 0.199999928 1 0.199999928 0.5 0.130993888 0.413797736 0.0574440844 0.312565148 0.557444096 0.312565207 0.630993843 0.413797796 0.199999928 0.5 0.199999928 1 0.099999927 1 0.099999927 0.5 0.099999927 0.5 0.099999927 1 -7.4505806e-08 1 -7.4505806e-08 0.5 0.249999955 0.452465177 0.130993888 0.413797736 0.630993843 0.413797796 0.749999821 0.452465177 0.630993903 0.0862021446 0.75 0.0475347638 0.75 0.00999999046 0.608931541 0.0558359027 0.24999997 0.0475347638 0.130993903 0.0862021446 0.108931541 0.0558359027 0.25 0.00999999046 0.557444096 0.187434793 0.521746457 0.175835907 0.0574440919 0.187434793 0.0217464417 0.175835907 0.557444096 0.312565207 0.521746457 0.324164093 0.0574440844 0.312565148 0.0217464417 0.324164093 0.630993843 0.413797796 0.608931541 0.444164097 0.130993888 0.413797736 0.108931541 0.444164097 0.749999821 0.452465177 0.75 0.49000001 0.249999955 0.452465177 0.25 0.49000001 0.0574440844 0.312565148 0.0574440919 0.187434793 0.557444096 0.187434793 0.557444096 0.312565207 0.0574440919 0.187434793 0.130993903 0.0862021446 0.630993903 0.0862021446 0.557444096 0.187434793 0.130993903 0.0862021446 0.24999997 0.0475347638 0.75 0.0475347638 0.630993903 0.0862021446 0.25 0.49000001 0.249999955 0.452465177 0.749999821 0.452465177 0.75 0.49000001 0.75 0.00999999046 0.75 0.0475347638 0.24999997 0.0475347638 0.25 0.00999999046 0.499999911 0.5 0.499999911 1 0.399999917 1 0.399999917 0.5 0.399999917 0.5 0.399999917 1 0.299999923 1 0.299999923 0.5 0.299999923 0.5 0.299999923 1 0.199999928 1 0.199999928 0.5 0.130993888 0.413797736 0.0574440844 0.312565148 0.557444096 0.312565207 0.630993843 0.413797796 0.199999928 0.5 0.199999928 1 0.099999927 1 0.099999927 0.5 0.099999927 0.5 0.099999927 1 -7.4505806e-08 1 -7.4505806e-08 0.5 0.249999955 0.452465177 0.130993888 0.413797736 0.630993843 0.413797796 0.749999821 0.452465177 0.630993903 0.0862021446 0.75 0.0475347638 0.75 0.00999999046 0.608931541 0.0558359027 0.24999997 0.0475347638 0.130993903 0.0862021446 0.108931541 0.0558359027 0.25 0.00999999046 0.557444096 0.187434793 0.521746457 0.175835907 0.0574440919 0.187434793 0.0217464417 0.175835907 0.557444096 0.312565207 0.521746457 0.324164093 0.0574440844 0.312565148 0.0217464417 0.324164093 0.630993843 0.413797796 0.608931541 0.444164097 0.130993888 0.413797736 0.108931541 0.444164097 0.749999821 0.452465177 0.75 0.49000001 0.249999955 0.452465177 0.25 0.49000001 0.0574440844 0.312565148 0.0574440919 0.187434793 0.557444096 0.187434793 0.557444096 0.312565207 0.0574440919 0.187434793 0.130993903 0.0862021446 0.630993903 0.0862021446 0.557444096 0.187434793 0.130993903 0.0862021446 0.24999997 0.0475347638 0.75 0.0475347638 0.630993903 0.0862021446 0.25 0.49000001 0.249999955 0.452465177 0.749999821 0.452465177 0.75 0.49000001 0.75 0.00999999046 0.75 0.0475347638 0.24999997 0.0475347638 0.25 0.00999999046 0.499999911 0.5 0.499999911 1 0.399999917 1 0.399999917 0.5 0.399999917 0.5 0.399999917 1 0.299999923 1 0.299999923 0.5 0.299999923 0.5 0.299999923 1 0.199999928 1 0.199999928 0.5 0.130993888 0.413797736 0.0574440844 0.312565148 0.557444096 0.312565207 0.630993843 0.413797796 0.199999928 0.5 0.199999928 1 0.099999927 1 0.099999927 0.5 0.099999927 0.5 0.099999927 1 -7.4505806e-08 1 -7.4505806e-08 0.5 0.249999955 0.452465177 0.130993888 0.413797736 0.630993843 0.413797796 0.749999821 0.452465177 0.630993903 0.0862021446 0.75 0.0475347638 0.75 0.00999999046 0.608931541 0.0558359027 0.24999997 0.0475347638 0.130993903 0.0862021446 0.108931541 0.0558359027 0.25 0.00999999046 0.557444096 0.187434793 0.521746457 0.175835907 0.0574440919 0.187434793 0.0217464417 0.175835907 0.557444096 0.312565207 0.521746457 0.324164093 0.0574440844 0.312565148 0.0217464417 0.324164093 0.630993843 0.413797796 0.608931541 0.444164097 0.130993888 0.413797736 0.108931541 0.444164097 0.749999821 0.452465177 0.75 0.49000001 0.249999955 0.452465177 0.25 0.49000001 0.0574440844 0.312565148 0.0574440919 0.187434793 0.557444096 0.187434793 0.557444096 0.312565207 0.0574440919 0.187434793 0.130993903 0.0862021446 0.630993903 0.0862021446 0.557444096 0.187434793 0.130993903 0.0862021446 0.24999997 0.0475347638 0.75 0.0475347638 0.630993903 0.0862021446 0.25 0.49000001 0.249999955 0.452465177 0.749999821 0.452465177 0.75 0.49000001 0.75 0.00999999046 0.75 0.0475347638 0.24999997 0.0475347638 0.25 0.00999999046 </float_array>
          <technique_common>
            <accessor count="216" offset="0" source="#meshesQ2S-tex1-array" stride="2">
              <param name="S" type="float" />
              <param name="T" type="float" />
            </accessor>
          </technique_common>
        </source>
        <source id="meshesQ2S-tex2" name="meshesQ2S-tex2">
          <float_array id="meshesQ2S-tex2-array" count="432"> -0.632947922 2.63919258 1.63294792 2.63919258 1.63294792 3.30512428 -0.632947922 3.30512428 -0.632947922 -0.513438106 1.63294792 -0.513438106 1.63294792 0.112904668 -0.632947922 0.112904668 -0.632947922 0.112904668 1.63294792 0.112904668 1.63294792 0.887105107 -0.632947922 0.887105107 1.63294792 1.35493946 1.63294792 0.826558232 -0.632947922 0.826558232 -0.632947922 1.35493946 -0.632947922 0.887105107 1.63294792 0.887105107 1.63294792 1.51341736 -0.632947922 1.51341736 -0.632947922 3.30512428 1.63294792 3.30512428 1.63294792 2.63919258 -0.632947922 2.63919258 1.63294792 2.63919258 1.63294792 3.20097542 -0.632947922 3.20097542 -0.632947922 2.63919258 -0.354929864 3.20097542 -0.556742549 2.63919258 -0.752665401 2.63919258 -0.513438106 3.30512428 -0.556742549 2.63919258 -0.354929864 3.20097542 -0.513438106 3.30512428 -0.752665401 2.63919258 0.173451513 3.54817581 0.112904638 3.71669006 0.173451513 3.54817581 0.112904638 3.71669006 0.826558232 3.54817581 0.887105107 3.71669006 0.826558232 3.54817581 0.887105107 3.71669006 1.35493946 3.20097542 1.51341736 3.30512428 1.35493946 3.20097542 1.51341736 3.30512428 1.55675232 2.63919258 1.75264466 2.63919258 1.55675232 2.63919258 1.75264466 2.63919258 1.63294792 0.826558232 1.63294792 0.173451543 -0.632947922 0.173451543 -0.632947922 0.826558232 1.63294792 0.173451543 1.63294792 -0.354929924 -0.632947922 -0.354929924 -0.632947922 0.173451543 1.63294792 3.20097542 1.63294792 2.63919258 -0.632947922 2.63919258 -0.632947922 3.20097542 1.63294792 1.75264466 1.63294792 1.55675232 -0.632947922 1.55675232 -0.632947922 1.75264466 -0.632947922 -0.752665401 -0.632947922 -0.556742549 1.63294792 -0.556742549 1.63294792 -0.752665401 -0.632947922 -0.015914917 1.63294792 -0.015914917 1.63294792 0.650016785 -0.632947922 0.650016785 -0.632947922 -0.513438106 1.63294792 -0.513438106 1.63294792 0.112904668 -0.632947922 0.112904668 -0.632947922 0.112904668 1.63294792 0.112904668 1.63294792 0.887105107 -0.632947922 0.887105107 1.63294792 1.35493946 1.63294792 0.826558232 -0.632947922 0.826558232 -0.632947922 1.35493946 -0.632947922 0.887105107 1.63294792 0.887105107 1.63294792 1.51341736 -0.632947922 1.51341736 -0.632947922 0.650016785 1.63294792 0.650016785 1.63294792 -0.015914917 -0.632947922 -0.015914917 1.63294792 -0.015914917 1.63294792 0.54586792 -0.632947922 0.54586792 -0.632947922 -0.015914917 -0.354929864 0.54586792 -0.556742549 -0.015914917 -0.752665401 -0.015914917 -0.513438106 0.650016785 -0.556742549 -0.015914917 -0.354929864 0.54586792 -0.513438106 0.650016785 -0.752665401 -0.015914917 0.173451513 0.893068314 0.112904638 1.06158447 0.173451513 0.893068314 0.112904638 1.06158257 0.826558232 0.893068314 0.887105107 1.06158447 0.826558232 0.893068314 0.887105107 1.06158257 1.35493946 0.54586792 1.51341736 0.650016785 1.35493946 0.54586792 1.51341736 0.650016785 1.55675232 -0.015914917 1.75264466 -0.015914917 1.55675232 -0.015914917 1.75264466 -0.015914917 1.63294792 0.826558232 1.63294792 0.173451543 -0.632947922 0.173451543 -0.632947922 0.826558232 1.63294792 0.173451543 1.63294792 -0.354929924 -0.632947922 -0.354929924 -0.632947922 0.173451543 1.63294792 0.54586792 1.63294792 -0.015914917 -0.632947922 -0.015914917 -0.632947922 0.54586792 1.63294792 1.75264466 1.63294792 1.55675232 -0.632947922 1.55675232 -0.632947922 1.75264466 -0.632947922 -0.752665401 -0.632947922 -0.556742549 1.63294792 -0.556742549 1.63294792 -0.752665401 -0.632947922 -2.87649727 1.63294792 -2.87649727 1.63294792 -2.21056747 -0.632947922 -2.21056747 -0.632947922 -0.513438106 1.63294792 -0.513438106 1.63294792 0.112904668 -0.632947922 0.112904668 -0.632947922 0.112904668 1.63294792 0.112904668 1.63294792 0.887105107 -0.632947922 0.887105107 1.63294792 1.35493946 1.63294792 0.826558232 -0.632947922 0.826558232 -0.632947922 1.35493946 -0.632947922 0.887105107 1.63294792 0.887105107 1.63294792 1.51341736 -0.632947922 1.51341736 -0.632947922 -2.21056747 1.63294792 -2.21056747 1.63294792 -2.87649727 -0.632947922 -2.87649727 1.63294792 -2.87649727 1.63294792 -2.31471443 -0.632947922 -2.31471443 -0.632947922 -2.87649727 -0.354929864 -2.31471443 -0.556742549 -2.87649727 -0.752665401 -2.87649727 -0.513438106 -2.21056747 -0.556742549 -2.87649727 -0.354929864 -2.31471443 -0.513438106 -2.21056747 -0.752665401 -2.87649727 0.173451513 -1.96751404 0.112904638 -1.79899788 0.173451513 -1.96751404 0.112904638 -1.79899788 0.826558232 -1.96751404 0.887105107 -1.79899788 0.826558232 -1.96751404 0.887105107 -1.79899788 1.35493946 -2.31471443 1.51341736 -2.21056747 1.35493946 -2.31471443 1.51341736 -2.21056747 1.55675232 -2.87649727 1.75264466 -2.87649727 1.55675232 -2.87649727 1.75264466 -2.87649727 1.63294792 0.826558232 1.63294792 0.173451543 -0.632947922 0.173451543 -0.632947922 0.826558232 1.63294792 0.173451543 1.63294792 -0.354929924 -0.632947922 -0.354929924 -0.632947922 0.173451543 1.63294792 -2.31471443 1.63294792 -2.87649727 -0.632947922 -2.87649727 -0.632947922 -2.31471443 1.63294792 1.75264466 1.63294792 1.55675232 -0.632947922 1.55675232 -0.632947922 1.75264466 -0.632947922 -0.752665401 -0.632947922 -0.556742549 1.63294792 -0.556742549 1.63294792 -0.752665401 </float_array>
          <technique_common>
            <accessor count="216" offset="0" source="#meshesQ2S-tex2-array" stride="2">
              <param name="S" type="float" />
              <param name="T" type="float" />
            </accessor>
          </technique_common>
        </source>
        <source id="meshesQ2S-tex3" name="meshesQ2S-tex3">
          <float_array id="meshesQ2S-tex3-array" count="432"> -0.632947922 2.63919258 1.63294792 2.63919258 1.63294792 3.30512428 -0.632947922 3.30512428 -0.632947922 -0.513438106 1.63294792 -0.513438106 1.63294792 0.112904668 -0.632947922 0.112904668 -0.632947922 0.112904668 1.63294792 0.112904668 1.63294792 0.887105107 -0.632947922 0.887105107 1.63294792 1.35493946 1.63294792 0.826558232 -0.632947922 0.826558232 -0.632947922 1.35493946 -0.632947922 0.887105107 1.63294792 0.887105107 1.63294792 1.51341736 -0.632947922 1.51341736 -0.632947922 3.30512428 1.63294792 3.30512428 1.63294792 2.63919258 -0.632947922 2.63919258 1.63294792 2.63919258 1.63294792 3.20097542 -0.632947922 3.20097542 -0.632947922 2.63919258 -0.354929864 3.20097542 -0.556742549 2.63919258 -0.752665401 2.63919258 -0.513438106 3.30512428 -0.556742549 2.63919258 -0.354929864 3.20097542 -0.513438106 3.30512428 -0.752665401 2.63919258 0.173451513 3.54817581 0.112904638 3.71669006 0.173451513 3.54817581 0.112904638 3.71669006 0.826558232 3.54817581 0.887105107 3.71669006 0.826558232 3.54817581 0.887105107 3.71669006 1.35493946 3.20097542 1.51341736 3.30512428 1.35493946 3.20097542 1.51341736 3.30512428 1.55675232 2.63919258 1.75264466 2.63919258 1.55675232 2.63919258 1.75264466 2.63919258 1.63294792 0.826558232 1.63294792 0.173451543 -0.632947922 0.173451543 -0.632947922 0.826558232 1.63294792 0.173451543 1.63294792 -0.354929924 -0.632947922 -0.354929924 -0.632947922 0.173451543 1.63294792 3.20097542 1.63294792 2.63919258 -0.632947922 2.63919258 -0.632947922 3.20097542 1.63294792 1.75264466 1.63294792 1.55675232 -0.632947922 1.55675232 -0.632947922 1.75264466 -0.632947922 -0.752665401 -0.632947922 -0.556742549 1.63294792 -0.556742549 1.63294792 -0.752665401 -0.632947922 -0.015914917 1.63294792 -0.015914917 1.63294792 0.650016785 -0.632947922 0.650016785 -0.632947922 -0.513438106 1.63294792 -0.513438106 1.63294792 0.112904668 -0.632947922 0.112904668 -0.632947922 0.112904668 1.63294792 0.112904668 1.63294792 0.887105107 -0.632947922 0.887105107 1.63294792 1.35493946 1.63294792 0.826558232 -0.632947922 0.826558232 -0.632947922 1.35493946 -0.632947922 0.887105107 1.63294792 0.887105107 1.63294792 1.51341736 -0.632947922 1.51341736 -0.632947922 0.650016785 1.63294792 0.650016785 1.63294792 -0.015914917 -0.632947922 -0.015914917 1.63294792 -0.015914917 1.63294792 0.54586792 -0.632947922 0.54586792 -0.632947922 -0.015914917 -0.354929864 0.54586792 -0.556742549 -0.015914917 -0.752665401 -0.015914917 -0.513438106 0.650016785 -0.556742549 -0.015914917 -0.354929864 0.54586792 -0.513438106 0.650016785 -0.752665401 -0.015914917 0.173451513 0.893068314 0.112904638 1.06158447 0.173451513 0.893068314 0.112904638 1.06158257 0.826558232 0.893068314 0.887105107 1.06158447 0.826558232 0.893068314 0.887105107 1.06158257 1.35493946 0.54586792 1.51341736 0.650016785 1.35493946 0.54586792 1.51341736 0.650016785 1.55675232 -0.015914917 1.75264466 -0.015914917 1.55675232 -0.015914917 1.75264466 -0.015914917 1.63294792 0.826558232 1.63294792 0.173451543 -0.632947922 0.173451543 -0.632947922 0.826558232 1.63294792 0.173451543 1.63294792 -0.354929924 -0.632947922 -0.354929924 -0.632947922 0.173451543 1.63294792 0.54586792 1.63294792 -0.015914917 -0.632947922 -0.015914917 -0.632947922 0.54586792 1.63294792 1.75264466 1.63294792 1.55675232 -0.632947922 1.55675232 -0.632947922 1.75264466 -0.632947922 -0.752665401 -0.632947922 -0.556742549 1.63294792 -0.556742549 1.63294792 -0.752665401 -0.632947922 -2.87649727 1.63294792 -2.87649727 1.63294792 -2.21056747 -0.632947922 -2.21056747 -0.632947922 -0.513438106 1.63294792 -0.513438106 1.63294792 0.112904668 -0.632947922 0.112904668 -0.632947922 0.112904668 1.63294792 0.112904668 1.63294792 0.887105107 -0.632947922 0.887105107 1.63294792 1.35493946 1.63294792 0.826558232 -0.632947922 0.826558232 -0.632947922 1.35493946 -0.632947922 0.887105107 1.63294792 0.887105107 1.63294792 1.51341736 -0.632947922 1.51341736 -0.632947922 -2.21056747 1.63294792 -2.21056747 1.63294792 -2.87649727 -0.632947922 -2.87649727 1.63294792 -2.87649727 1.63294792 -2.31471443 -0.632947922 -2.31471443 -0.632947922 -2.87649727 -0.354929864 -2.31471443 -0.556742549 -2.87649727 -0.752665401 -2.87649727 -0.513438106 -2.21056747 -0.556742549 -2.87649727 -0.354929864 -2.31471443 -0.513438106 -2.21056747 -0.752665401 -2.87649727 0.173451513 -1.96751404 0.112904638 -1.79899788 0.173451513 -1.96751404 0.112904638 -1.79899788 0.826558232 -1.96751404 0.887105107 -1.79899788 0.826558232 -1.96751404 0.887105107 -1.79899788 1.35493946 -2.31471443 1.51341736 -2.21056747 1.35493946 -2.31471443 1.51341736 -2.21056747 1.55675232 -2.87649727 1.75264466 -2.87649727 1.55675232 -2.87649727 1.75264466 -2.87649727 1.63294792 0.826558232 1.63294792 0.173451543 -0.632947922 0.173451543 -0.632947922 0.826558232 1.63294792 0.173451543 1.63294792 -0.354929924 -0.632947922 -0.354929924 -0.632947922 0.173451543 1.63294792 -2.31471443 1.63294792 -2.87649727 -0.632947922 -2.87649727 -0.632947922 -2.31471443 1.63294792 1.75264466 1.63294792 1.55675232 -0.632947922 1.55675232 -0.632947922 1.75264466 -0.632947922 -0.752665401 -0.632947922 -0.556742549 1.63294792 -0.556742549 1.63294792 -0.752665401 </float_array>
          <technique_common>
            <accessor count="216" offset="0" source="#meshesQ2S-tex3-array" stride="2">
              <param name="S" type="float" />
              <param name="T" type="float" />
            </accessor>
          </technique_common>
        </source>
        <source id="meshesQ2S-tex4" name="meshesQ2S-tex4">
          <float_array id="meshesQ2S-tex4-array" count="432"> -0.632947922 2.63919258 1.63294792 2.63919258 1.63294792 3.30512428 -0.632947922 3.30512428 -0.632947922 -0.513438106 1.63294792 -0.513438106 1.63294792 0.112904668 -0.632947922 0.112904668 -0.632947922 0.112904668 1.63294792 0.112904668 1.63294792 0.887105107 -0.632947922 0.887105107 1.63294792 1.35493946 1.63294792 0.826558232 -0.632947922 0.826558232 -0.632947922 1.35493946 -0.632947922 0.887105107 1.63294792 0.887105107 1.63294792 1.51341736 -0.632947922 1.51341736 -0.632947922 3.30512428 1.63294792 3.30512428 1.63294792 2.63919258 -0.632947922 2.63919258 1.63294792 2.63919258 1.63294792 3.20097542 -0.632947922 3.20097542 -0.632947922 2.63919258 -0.354929864 3.20097542 -0.556742549 2.63919258 -0.752665401 2.63919258 -0.513438106 3.30512428 -0.556742549 2.63919258 -0.354929864 3.20097542 -0.513438106 3.30512428 -0.752665401 2.63919258 0.173451513 3.54817581 0.112904638 3.71669006 0.173451513 3.54817581 0.112904638 3.71669006 0.826558232 3.54817581 0.887105107 3.71669006 0.826558232 3.54817581 0.887105107 3.71669006 1.35493946 3.20097542 1.51341736 3.30512428 1.35493946 3.20097542 1.51341736 3.30512428 1.55675232 2.63919258 1.75264466 2.63919258 1.55675232 2.63919258 1.75264466 2.63919258 1.63294792 0.826558232 1.63294792 0.173451543 -0.632947922 0.173451543 -0.632947922 0.826558232 1.63294792 0.173451543 1.63294792 -0.354929924 -0.632947922 -0.354929924 -0.632947922 0.173451543 1.63294792 3.20097542 1.63294792 2.63919258 -0.632947922 2.63919258 -0.632947922 3.20097542 1.63294792 1.75264466 1.63294792 1.55675232 -0.632947922 1.55675232 -0.632947922 1.75264466 -0.632947922 -0.752665401 -0.632947922 -0.556742549 1.63294792 -0.556742549 1.63294792 -0.752665401 -0.632947922 -0.015914917 1.63294792 -0.015914917 1.63294792 0.650016785 -0.632947922 0.650016785 -0.632947922 -0.513438106 1.63294792 -0.513438106 1.63294792 0.112904668 -0.632947922 0.112904668 -0.632947922 0.112904668 1.63294792 0.112904668 1.63294792 0.887105107 -0.632947922 0.887105107 1.63294792 1.35493946 1.63294792 0.826558232 -0.632947922 0.826558232 -0.632947922 1.35493946 -0.632947922 0.887105107 1.63294792 0.887105107 1.63294792 1.51341736 -0.632947922 1.51341736 -0.632947922 0.650016785 1.63294792 0.650016785 1.63294792 -0.015914917 -0.632947922 -0.015914917 1.63294792 -0.015914917 1.63294792 0.54586792 -0.632947922 0.54586792 -0.632947922 -0.015914917 -0.354929864 0.54586792 -0.556742549 -0.015914917 -0.752665401 -0.015914917 -0.513438106 0.650016785 -0.556742549 -0.015914917 -0.354929864 0.54586792 -0.513438106 0.650016785 -0.752665401 -0.015914917 0.173451513 0.893068314 0.112904638 1.06158447 0.173451513 0.893068314 0.112904638 1.06158257 0.826558232 0.893068314 0.887105107 1.06158447 0.826558232 0.893068314 0.887105107 1.06158257 1.35493946 0.54586792 1.51341736 0.650016785 1.35493946 0.54586792 1.51341736 0.650016785 1.55675232 -0.015914917 1.75264466 -0.015914917 1.55675232 -0.015914917 1.75264466 -0.015914917 1.63294792 0.826558232 1.63294792 0.173451543 -0.632947922 0.173451543 -0.632947922 0.826558232 1.63294792 0.173451543 1.63294792 -0.354929924 -0.632947922 -0.354929924 -0.632947922 0.173451543 1.63294792 0.54586792 1.63294792 -0.015914917 -0.632947922 -0.015914917 -0.632947922 0.54586792 1.63294792 1.75264466 1.63294792 1.55675232 -0.632947922 1.55675232 -0.632947922 1.75264466 -0.632947922 -0.752665401 -0.632947922 -0.556742549 1.63294792 -0.556742549 1.63294792 -0.752665401 -0.632947922 -2.87649727 1.63294792 -2.87649727 1.63294792 -2.21056747 -0.632947922 -2.21056747 -0.632947922 -0.513438106 1.63294792 -0.513438106 1.63294792 0.112904668 -0.632947922 0.112904668 -0.632947922 0.112904668 1.63294792 0.112904668 1.63294792 0.887105107 -0.632947922 0.887105107 1.63294792 1.35493946 1.63294792 0.826558232 -0.632947922 0.826558232 -0.632947922 1.35493946 -0.632947922 0.887105107 1.63294792 0.887105107 1.63294792 1.51341736 -0.632947922 1.51341736 -0.632947922 -2.21056747 1.63294792 -2.21056747 1.63294792 -2.87649727 -0.632947922 -2.87649727 1.63294792 -2.87649727 1.63294792 -2.31471443 -0.632947922 -2.31471443 -0.632947922 -2.87649727 -0.354929864 -2.31471443 -0.556742549 -2.87649727 -0.752665401 -2.87649727 -0.513438106 -2.21056747 -0.556742549 -2.87649727 -0.354929864 -2.31471443 -0.513438106 -2.21056747 -0.752665401 -2.87649727 0.173451513 -1.96751404 0.112904638 -1.79899788 0.173451513 -1.96751404 0.112904638 -1.79899788 0.826558232 -1.96751404 0.887105107 -1.79899788 0.826558232 -1.96751404 0.887105107 -1.79899788 1.35493946 -2.31471443 1.51341736 -2.21056747 1.35493946 -2.31471443 1.51341736 -2.21056747 1.55675232 -2.87649727 1.75264466 -2.87649727 1.55675232 -2.87649727 1.75264466 -2.87649727 1.63294792 0.826558232 1.63294792 0.173451543 -0.632947922 0.173451543 -0.632947922 0.826558232 1.63294792 0.173451543 1.63294792 -0.354929924 -0.632947922 -0.354929924 -0.632947922 0.173451543 1.63294792 -2.31471443 1.63294792 -2.87649727 -0.632947922 -2.87649727 -0.632947922 -2.31471443 1.63294792 1.75264466 1.63294792 1.55675232 -0.632947922 1.55675232 -0.632947922 1.75264466 -0.632947922 -0.752665401 -0.632947922 -0.556742549 1.63294792 -0.556742549 1.63294792 -0.752665401 </float_array>
          <technique_common>
            <accessor count="216" offset="0" source="#meshesQ2S-tex4-array" stride="2">
              <param name="S" type="float" />
              <param name="T" type="float" />
            </accessor>
          </technique_common>
        </source>
        <vertices id="meshesQ2S-vertices">
          <input semantic="POSITION" source="#meshesQ2S-positions" />
        </vertices>
        <polylist count="132" material="defaultMaterial">
          <input offset="0" semantic="VERTEX" source="#meshesQ2S-vertices" />
          <input offset="0" semantic="NORMAL" source="#meshesQ2S-normals" />
          <input offset="0" semantic="TEXCOORD" source="#meshesQ2S-tex0" set="0" />
          <input offset="0" semantic="TEXCOORD" source="#meshesQ2S-tex1" set="1" />
          <input offset="0" semantic="TEXCOORD" source="#meshesQ2S-tex2" set="2" />
          <input offset="0" semantic="TEXCOORD" source="#meshesQ2S-tex3" set="3" />
          <input offset="0" semantic="TEXCOORD" source="#meshesQ2S-tex4" set="4" />
          <vcount>3 3 3 3 3 3 3 3 3 3 3 3 3 3 3 3 3 3 3 3 3 3 3 3 3 3 3 3 3 3 3 3 3 3 3 3 3 3 3 3 3 3 3 3 3 3 3 3 3 3 3 3 3 3 3 3 3 3 3 3 3 3 3 3 3 3 3 3 3 3 3 3 3 3 3 3 3 3 3 3 3 3 3 3 3 3 3 3 3 3 3 3 3 3 3 3 3 3 3 3 3 3 3 3 3 3 3 3 3 3 3 3 3 3 3 3 3 3 3 3 3 3 3 3 3 3 3 3 3 3 3 3 </vcount>
          <p>0 1 2 0 2 3 4 5 6 4 6 7 8 9 10 8 10 11 12 13 14 12 14 15 16 17 18 16 18 19 20 21 22 20 22 23 24 25 26 24 26 27 28 29 30 28 30 31 32 33 34 32 34 35 36 28 31 36 31 37 33 38 39 33 39 34 40 36 37 40 37 41 38 42 43 38 43 39 44 40 41 44 41 45 42 46 47 42 47 43 48 44 45 48 45 49 46 50 51 46 51 47 52 53 54 52 54 55 56 57 58 56 58 59 60 61 62 60 62 63 64 65 66 64 66 67 68 69 70 68 70 71 72 73 74 72 74 75 76 77 78 76 78 79 80 81 82 80 82 83 84 85 86 84 86 87 88 89 90 88 90 91 92 93 94 92 94 95 96 97 98 96 98 99 100 101 102 100 102 103 104 105 106 104 106 107 108 100 103 108 103 109 105 110 111 105 111 106 112 108 109 112 109 113 110 114 115 110 115 111 116 112 113 116 113 117 114 118 119 114 119 115 120 116 117 120 117 121 118 122 123 118 123 119 124 125 126 124 126 127 128 129 130 128 130 131 132 133 134 132 134 135 136 137 138 136 138 139 140 141 142 140 142 143 144 145 146 144 146 147 148 149 150 148 150 151 152 153 154 152 154 155 156 157 158 156 158 159 160 161 162 160 162 163 164 165 166 164 166 167 168 169 170 168 170 171 172 173 174 172 174 175 176 177 178 176 178 179 180 172 175 180 175 181 177 182 183 177 183 178 184 180 181 184 181 185 182 186 187 182 187 183 188 184 185 188 185 189 186 190 191 186 191 187 192 188 189 192 189 193 190 194 195 190 195 191 196 197 198 196 198 199 200 201 202 200 202 203 204 205 206 204 206 207 208 209 210 208 210 211 212 213 214 212 214 215 </p>
        </polylist>
      </mesh>
    </geometry>
    <geometry id="meshesQ3S" name="meshes[3]" >
      <mesh>
        <source id="meshesQ3S-positions" name="meshesQ3S-positions">
          <float_array id="meshesQ3S-positions-array" count="198"> -1.19016647 23.5431461 -1.06521606 0.832420349 23.5431461 -1.06521606 0.832420349 22.9964008 -0.904693604 -1.19016647 22.9964008 -0.904693604 -1.19016647 22.9964008 -0.904693604 0.832420349 22.9964008 -0.904693604 0.832420349 22.6232414 -0.474029541 -1.19016647 22.6232414 -0.474029541 -1.19016647 22.6232414 -0.474029541 0.832420349 22.6232414 -0.474029541 0.832420349 22.5421467 0.0899963379 -1.19016647 22.5421467 0.0899963379 -1.19016647 22.5421467 0.0899963379 0.832420349 22.5421467 0.0899963379 0.832420349 22.778862 0.608337402 -1.19016647 22.778862 0.608337402 -1.19016647 22.778862 0.608337402 0.832420349 22.778862 0.608337402 0.832420349 23.2582321 0.916381836 -1.19016647 23.2582321 0.916381836 -1.19016647 23.2582321 0.916381836 0.832420349 23.2582321 0.916381836 0.832420349 23.8280602 0.916381836 -1.19016647 23.8280602 0.916381836 -1.19016647 23.8280602 0.916381836 0.832420349 23.8280602 0.916381836 0.832420349 24.3074303 0.608337402 -1.19016647 24.3074303 0.608337402 -1.19016647 24.3074303 0.608337402 0.832420349 24.3074303 0.608337402 0.832420349 24.5441456 0.0899963379 -1.19016647 24.5441456 0.0899963379 -1.19016647 24.5441456 0.0899963379 0.832420349 24.5441456 0.0899963379 0.832420349 24.4630508 -0.474029541 -1.19016647 24.4630508 -0.474029541 0.832420349 22.6232414 -0.474029541 0.832420349 22.9964008 -0.904693604 0.832420349 23.5431461 -1.06521606 0.832420349 24.0898933 -0.904693604 0.832420349 24.4630508 -0.474029541 0.832420349 24.5441456 0.0899963379 0.832420349 24.3074303 0.608337402 0.832420349 23.8280602 0.916381836 0.832420349 23.2582321 0.916381836 0.832420349 22.778862 0.608337402 0.832420349 22.5421467 0.0899963379 -1.19016647 24.4630508 -0.474029541 0.832420349 24.4630508 -0.474029541 0.832420349 24.0898933 -0.904693604 -1.19016647 24.0898933 -0.904693604 -1.19016647 24.0898933 -0.904693604 0.832420349 24.0898933 -0.904693604 0.832420349 23.5431461 -1.06521606 -1.19016647 23.5431461 -1.06521606 -1.19016647 24.0898933 -0.904693604 -1.19016647 23.5431461 -1.06521606 -1.19016647 22.9964008 -0.904693604 -1.19016647 22.6232414 -0.474029541 -1.19016647 22.5421467 0.0899963379 -1.19016647 22.778862 0.608337402 -1.19016647 23.2582321 0.916381836 -1.19016647 23.8280602 0.916381836 -1.19016647 24.3074303 0.608337402 -1.19016647 24.5441456 0.0899963379 -1.19016647 24.4630508 -0.474029541 </float_array>
          <technique_common>
            <accessor count="66" offset="0" source="#meshesQ3S-positions-array" stride="3">
              <param name="X" type="float" />
              <param name="Y" type="float" />
              <param name="Z" type="float" />
            </accessor>
          </technique_common>
        </source>
        <source id="meshesQ3S-normals" name="meshesQ3S-normals">
          <float_array id="meshesQ3S-normals-array" count="198"> 0 -0.281700671 -0.959502339 0 -0.281700671 -0.959502339 0 -0.281700671 -0.959502339 0 -0.281700671 -0.959502339 0 -0.75580126 -0.654801071 0 -0.75580126 -0.654801071 0 -0.75580126 -0.654801071 0 -0.75580126 -0.654801071 0 -0.989823103 -0.142303318 0 -0.989823103 -0.142303318 0 -0.989823103 -0.142303318 0 -0.989823103 -0.142303318 0 -0.909632146 0.415414691 0 -0.909632146 0.415414691 0 -0.909632146 0.415414691 0 -0.909632146 0.415414691 0 -0.540590823 0.841285765 0 -0.540590823 0.841285765 0 -0.540590823 0.841285765 0 -0.540590823 0.841285765 0 0 1 0 0 1 0 0 1 0 0 1 0 0.540590823 0.841285765 0 0.540590823 0.841285765 0 0.540590823 0.841285765 0 0.540590823 0.841285765 0 0.909632146 0.415414691 0 0.909632146 0.415414691 0 0.909632146 0.415414691 0 0.909632146 0.415414691 0 0.989823103 -0.142303318 0 0.989823103 -0.142303318 0 0.989823103 -0.142303318 0 0.989823103 -0.142303318 1 0 0 1 0 0 1 0 0 1 0 0 1 0 0 1 0 0 1 0 0 1 0 0 1 0 0 1 0 0 1 0 0 0 0.75580126 -0.654801071 0 0.75580126 -0.654801071 0 0.75580126 -0.654801071 0 0.75580126 -0.654801071 0 0.281700671 -0.959502339 0 0.281700671 -0.959502339 0 0.281700671 -0.959502339 0 0.281700671 -0.959502339 -1 0 0 -1 0 0 -1 0 0 -1 0 0 -1 0 0 -1 0 0 -1 0 0 -1 0 0 -1 0 0 -1 0 0 -1 0 0 </float_array>
          <technique_common>
            <accessor count="66" offset="0" source="#meshesQ3S-normals-array" stride="3">
              <param name="X" type="float" />
              <param name="Y" type="float" />
              <param name="Z" type="float" />
            </accessor>
          </technique_common>
        </source>
        <source id="meshesQ3S-tex0" name="meshesQ3S-tex0">
          <float_array id="meshesQ3S-tex0-array" count="132"> -0.511293411 0.499998093 1.51129341 0.499998093 1.51129341 -0.0467472076 -0.511293411 -0.0467472076 -0.511293411 1.35076356 1.51129341 1.35076356 1.51129341 0.920099437 -0.511293411 0.920099437 -0.511293411 0.920099437 1.51129341 0.920099437 1.51129341 0.356073558 -0.511293411 0.356073558 -0.511293411 0.356073558 1.51129341 0.356073558 1.51129341 -0.162267447 -0.511293411 -0.162267447 -0.511293411 -0.264286041 1.51129341 -0.264286041 1.51129341 0.215084076 -0.511293411 0.215084076 -0.511293411 0.215084076 1.51129341 0.215084076 1.51129341 0.784912109 -0.511293411 0.784912109 -0.511293411 0.784912109 1.51129341 0.784912109 1.51129341 1.26428223 -0.511293411 1.26428223 -0.511293411 -0.162267447 1.51129341 -0.162267447 1.51129341 0.356073558 -0.511293411 0.356073558 -0.511293411 0.356073558 1.51129341 0.356073558 1.51129341 0.920099437 -0.511293411 0.920099437 0.920099437 -0.419906616 1.35076356 -0.0467472076 1.5112859 0.499998093 1.35076356 1.0467453 0.920099437 1.4199028 0.356073558 1.50099754 -0.162267506 1.26428223 -0.47031194 0.784912109 -0.47031194 0.215084076 -0.162267506 -0.264286041 0.356073558 -0.501001358 -0.511293411 0.920099437 1.51129341 0.920099437 1.51129341 1.35076356 -0.511293411 1.35076356 -0.511293411 1.0467453 1.51129341 1.0467453 1.51129341 0.499998093 -0.511293411 0.499998093 1.35076356 1.0467453 1.5112859 0.499998093 1.35076356 -0.0467472076 0.920099437 -0.419906616 0.356073558 -0.501001358 -0.162267506 -0.264286041 -0.47031194 0.215084076 -0.47031194 0.784912109 -0.162267506 1.26428223 0.356073558 1.50099754 0.920099437 1.4199028 </float_array>
          <technique_common>
            <accessor count="66" offset="0" source="#meshesQ3S-tex0-array" stride="2">
              <param name="S" type="float" />
              <param name="T" type="float" />
            </accessor>
          </technique_common>
        </source>
        <source id="meshesQ3S-tex1" name="meshesQ3S-tex1">
          <float_array id="meshesQ3S-tex1-array" count="132"> 1 0.5 1 1 0.909090877 1 0.909090877 0.5 0.909090877 0.5 0.909090877 1 0.818181753 1 0.818181753 0.5 0.818181753 0.5 0.818181753 1 0.72727263 1 0.72727263 0.5 0.72727263 0.5 0.72727263 1 0.636363506 1 0.636363506 0.5 0.636363506 0.5 0.636363506 1 0.545454383 1 0.545454383 0.5 0.545454383 0.5 0.545454383 1 0.454545289 1 0.454545289 0.5 0.454545289 0.5 0.454545289 1 0.363636196 1 0.363636196 0.5 0.363636196 0.5 0.363636196 1 0.272727102 1 0.272727102 0.5 0.272727102 0.5 0.272727102 1 0.181818008 1 0.181818008 0.5 0.468311667 0.349699616 0.379753798 0.45190084 0.25 0.49000001 0.120246202 0.45190084 0.0316883326 0.349699616 0.012442857 0.215844452 0.0686201155 0.0928333998 0.182384178 0.0197216868 0.317615807 0.0197216868 0.431379884 0.0928333998 0.487557143 0.215844452 0.181818008 0.5 0.181818008 1 0.0909089148 1 0.0909089148 0.5 0.0909089148 0.5 0.0909089148 1 -1.78813934e-07 1 -1.78813934e-07 0.5 0.620246172 0.45190084 0.75 0.49000001 0.879753828 0.45190084 0.968311667 0.349699616 0.987557173 0.215844452 0.931379914 0.0928333998 0.817615807 0.0197216868 0.682384193 0.0197216868 0.568620086 0.0928333998 0.512442827 0.215844452 0.531688333 0.349699616 </float_array>
          <technique_common>
            <accessor count="66" offset="0" source="#meshesQ3S-tex1-array" stride="2">
              <param name="S" type="float" />
              <param name="T" type="float" />
            </accessor>
          </technique_common>
        </source>
        <source id="meshesQ3S-tex2" name="meshesQ3S-tex2">
          <float_array id="meshesQ3S-tex2-array" count="132"> -0.511293411 0.499998093 1.51129341 0.499998093 1.51129341 -0.0467472076 -0.511293411 -0.0467472076 -0.511293411 1.35076356 1.51129341 1.35076356 1.51129341 0.920099437 -0.511293411 0.920099437 -0.511293411 0.920099437 1.51129341 0.920099437 1.51129341 0.356073558 -0.511293411 0.356073558 -0.511293411 0.356073558 1.51129341 0.356073558 1.51129341 -0.162267447 -0.511293411 -0.162267447 -0.511293411 -0.264286041 1.51129341 -0.264286041 1.51129341 0.215084076 -0.511293411 0.215084076 -0.511293411 0.215084076 1.51129341 0.215084076 1.51129341 0.784912109 -0.511293411 0.784912109 -0.511293411 0.784912109 1.51129341 0.784912109 1.51129341 1.26428223 -0.511293411 1.26428223 -0.511293411 -0.162267447 1.51129341 -0.162267447 1.51129341 0.356073558 -0.511293411 0.356073558 -0.511293411 0.356073558 1.51129341 0.356073558 1.51129341 0.920099437 -0.511293411 0.920099437 0.920099437 -0.419906616 1.35076356 -0.0467472076 1.5112859 0.499998093 1.35076356 1.0467453 0.920099437 1.4199028 0.356073558 1.50099754 -0.162267506 1.26428223 -0.47031194 0.784912109 -0.47031194 0.215084076 -0.162267506 -0.264286041 0.356073558 -0.501001358 -0.511293411 0.920099437 1.51129341 0.920099437 1.51129341 1.35076356 -0.511293411 1.35076356 -0.511293411 1.0467453 1.51129341 1.0467453 1.51129341 0.499998093 -0.511293411 0.499998093 1.35076356 1.0467453 1.5112859 0.499998093 1.35076356 -0.0467472076 0.920099437 -0.419906616 0.356073558 -0.501001358 -0.162267506 -0.264286041 -0.47031194 0.215084076 -0.47031194 0.784912109 -0.162267506 1.26428223 0.356073558 1.50099754 0.920099437 1.4199028 </float_array>
          <technique_common>
            <accessor count="66" offset="0" source="#meshesQ3S-tex2-array" stride="2">
              <param name="S" type="float" />
              <param name="T" type="float" />
            </accessor>
          </technique_common>
        </source>
        <source id="meshesQ3S-tex3" name="meshesQ3S-tex3">
          <float_array id="meshesQ3S-tex3-array" count="132"> -0.511293411 0.499998093 1.51129341 0.499998093 1.51129341 -0.0467472076 -0.511293411 -0.0467472076 -0.511293411 1.35076356 1.51129341 1.35076356 1.51129341 0.920099437 -0.511293411 0.920099437 -0.511293411 0.920099437 1.51129341 0.920099437 1.51129341 0.356073558 -0.511293411 0.356073558 -0.511293411 0.356073558 1.51129341 0.356073558 1.51129341 -0.162267447 -0.511293411 -0.162267447 -0.511293411 -0.264286041 1.51129341 -0.264286041 1.51129341 0.215084076 -0.511293411 0.215084076 -0.511293411 0.215084076 1.51129341 0.215084076 1.51129341 0.784912109 -0.511293411 0.784912109 -0.511293411 0.784912109 1.51129341 0.784912109 1.51129341 1.26428223 -0.511293411 1.26428223 -0.511293411 -0.162267447 1.51129341 -0.162267447 1.51129341 0.356073558 -0.511293411 0.356073558 -0.511293411 0.356073558 1.51129341 0.356073558 1.51129341 0.920099437 -0.511293411 0.920099437 0.920099437 -0.419906616 1.35076356 -0.0467472076 1.5112859 0.499998093 1.35076356 1.0467453 0.920099437 1.4199028 0.356073558 1.50099754 -0.162267506 1.26428223 -0.47031194 0.784912109 -0.47031194 0.215084076 -0.162267506 -0.264286041 0.356073558 -0.501001358 -0.511293411 0.920099437 1.51129341 0.920099437 1.51129341 1.35076356 -0.511293411 1.35076356 -0.511293411 1.0467453 1.51129341 1.0467453 1.51129341 0.499998093 -0.511293411 0.499998093 1.35076356 1.0467453 1.5112859 0.499998093 1.35076356 -0.0467472076 0.920099437 -0.419906616 0.356073558 -0.501001358 -0.162267506 -0.264286041 -0.47031194 0.215084076 -0.47031194 0.784912109 -0.162267506 1.26428223 0.356073558 1.50099754 0.920099437 1.4199028 </float_array>
          <technique_common>
            <accessor count="66" offset="0" source="#meshesQ3S-tex3-array" stride="2">
              <param name="S" type="float" />
              <param name="T" type="float" />
            </accessor>
          </technique_common>
        </source>
        <source id="meshesQ3S-tex4" name="meshesQ3S-tex4">
          <float_array id="meshesQ3S-tex4-array" count="132"> -0.511293411 0.499998093 1.51129341 0.499998093 1.51129341 -0.0467472076 -0.511293411 -0.0467472076 -0.511293411 1.35076356 1.51129341 1.35076356 1.51129341 0.920099437 -0.511293411 0.920099437 -0.511293411 0.920099437 1.51129341 0.920099437 1.51129341 0.356073558 -0.511293411 0.356073558 -0.511293411 0.356073558 1.51129341 0.356073558 1.51129341 -0.162267447 -0.511293411 -0.162267447 -0.511293411 -0.264286041 1.51129341 -0.264286041 1.51129341 0.215084076 -0.511293411 0.215084076 -0.511293411 0.215084076 1.51129341 0.215084076 1.51129341 0.784912109 -0.511293411 0.784912109 -0.511293411 0.784912109 1.51129341 0.784912109 1.51129341 1.26428223 -0.511293411 1.26428223 -0.511293411 -0.162267447 1.51129341 -0.162267447 1.51129341 0.356073558 -0.511293411 0.356073558 -0.511293411 0.356073558 1.51129341 0.356073558 1.51129341 0.920099437 -0.511293411 0.920099437 0.920099437 -0.419906616 1.35076356 -0.0467472076 1.5112859 0.499998093 1.35076356 1.0467453 0.920099437 1.4199028 0.356073558 1.50099754 -0.162267506 1.26428223 -0.47031194 0.784912109 -0.47031194 0.215084076 -0.162267506 -0.264286041 0.356073558 -0.501001358 -0.511293411 0.920099437 1.51129341 0.920099437 1.51129341 1.35076356 -0.511293411 1.35076356 -0.511293411 1.0467453 1.51129341 1.0467453 1.51129341 0.499998093 -0.511293411 0.499998093 1.35076356 1.0467453 1.5112859 0.499998093 1.35076356 -0.0467472076 0.920099437 -0.419906616 0.356073558 -0.501001358 -0.162267506 -0.264286041 -0.47031194 0.215084076 -0.47031194 0.784912109 -0.162267506 1.26428223 0.356073558 1.50099754 0.920099437 1.4199028 </float_array>
          <technique_common>
            <accessor count="66" offset="0" source="#meshesQ3S-tex4-array" stride="2">
              <param name="S" type="float" />
              <param name="T" type="float" />
            </accessor>
          </technique_common>
        </source>
        <source id="meshesQ3S-tex5" name="meshesQ3S-tex5">
          <float_array id="meshesQ3S-tex5-array" count="132"> -0.511293411 0.499998093 1.51129341 0.499998093 1.51129341 -0.0467472076 -0.511293411 -0.0467472076 -0.511293411 1.35076356 1.51129341 1.35076356 1.51129341 0.920099437 -0.511293411 0.920099437 -0.511293411 0.920099437 1.51129341 0.920099437 1.51129341 0.356073558 -0.511293411 0.356073558 -0.511293411 0.356073558 1.51129341 0.356073558 1.51129341 -0.162267447 -0.511293411 -0.162267447 -0.511293411 -0.264286041 1.51129341 -0.264286041 1.51129341 0.215084076 -0.511293411 0.215084076 -0.511293411 0.215084076 1.51129341 0.215084076 1.51129341 0.784912109 -0.511293411 0.784912109 -0.511293411 0.784912109 1.51129341 0.784912109 1.51129341 1.26428223 -0.511293411 1.26428223 -0.511293411 -0.162267447 1.51129341 -0.162267447 1.51129341 0.356073558 -0.511293411 0.356073558 -0.511293411 0.356073558 1.51129341 0.356073558 1.51129341 0.920099437 -0.511293411 0.920099437 0.920099437 -0.419906616 1.35076356 -0.0467472076 1.5112859 0.499998093 1.35076356 1.0467453 0.920099437 1.4199028 0.356073558 1.50099754 -0.162267506 1.26428223 -0.47031194 0.784912109 -0.47031194 0.215084076 -0.162267506 -0.264286041 0.356073558 -0.501001358 -0.511293411 0.920099437 1.51129341 0.920099437 1.51129341 1.35076356 -0.511293411 1.35076356 -0.511293411 1.0467453 1.51129341 1.0467453 1.51129341 0.499998093 -0.511293411 0.499998093 1.35076356 1.0467453 1.5112859 0.499998093 1.35076356 -0.0467472076 0.920099437 -0.419906616 0.356073558 -0.501001358 -0.162267506 -0.264286041 -0.47031194 0.215084076 -0.47031194 0.784912109 -0.162267506 1.26428223 0.356073558 1.50099754 0.920099437 1.4199028 </float_array>
          <technique_common>
            <accessor count="66" offset="0" source="#meshesQ3S-tex5-array" stride="2">
              <param name="S" type="float" />
              <param name="T" type="float" />
            </accessor>
          </technique_common>
        </source>
        <vertices id="meshesQ3S-vertices">
          <input semantic="POSITION" source="#meshesQ3S-positions" />
        </vertices>
        <polylist count="40" material="defaultMaterial">
          <input offset="0" semantic="VERTEX" source="#meshesQ3S-vertices" />
          <input offset="0" semantic="NORMAL" source="#meshesQ3S-normals" />
          <input offset="0" semantic="TEXCOORD" source="#meshesQ3S-tex0" set="0" />
          <input offset="0" semantic="TEXCOORD" source="#meshesQ3S-tex1" set="1" />
          <input offset="0" semantic="TEXCOORD" source="#meshesQ3S-tex2" set="2" />
          <input offset="0" semantic="TEXCOORD" source="#meshesQ3S-tex3" set="3" />
          <input offset="0" semantic="TEXCOORD" source="#meshesQ3S-tex4" set="4" />
          <input offset="0" semantic="TEXCOORD" source="#meshesQ3S-tex5" set="5" />
          <vcount>3 3 3 3 3 3 3 3 3 3 3 3 3 3 3 3 3 3 3 3 3 3 3 3 3 3 3 3 3 3 3 3 3 3 3 3 3 3 3 3 </vcount>
          <p>0 1 2 0 2 3 4 5 6 4 6 7 8 9 10 8 10 11 12 13 14 12 14 15 16 17 18 16 18 19 20 21 22 20 22 23 24 25 26 24 26 27 28 29 30 28 30 31 32 33 34 32 34 35 36 37 38 38 39 40 40 41 42 42 43 44 44 45 46 46 36 38 38 40 42 42 44 46 38 42 46 47 48 49 47 49 50 51 52 53 51 53 54 55 56 57 57 58 59 59 60 61 61 62 63 63 64 65 65 55 57 57 59 61 61 63 65 57 61 65 </p>
        </polylist>
      </mesh>
    </geometry>
    <geometry id="meshesQ4S" name="meshes[4]" >
      <mesh>
        <source id="meshesQ4S-positions" name="meshesQ4S-positions">
          <float_array id="meshesQ4S-positions-array" count="198"> -1.19016647 20.8880405 -1.06521606 0.832420349 20.8880405 -1.06521606 0.832420349 20.3412952 -0.904693604 -1.19016647 20.3412952 -0.904693604 -1.19016647 20.3412952 -0.904693604 0.832420349 20.3412952 -0.904693604 0.832420349 19.9681358 -0.474029541 -1.19016647 19.9681358 -0.474029541 -1.19016647 19.9681358 -0.474029541 0.832420349 19.9681358 -0.474029541 0.832420349 19.887043 0.0899963379 -1.19016647 19.887043 0.0899963379 -1.19016647 19.887043 0.0899963379 0.832420349 19.887043 0.0899963379 0.832420349 20.1237564 0.608337402 -1.19016647 20.1237564 0.608337402 -1.19016647 20.1237564 0.608337402 0.832420349 20.1237564 0.608337402 0.832420349 20.6031265 0.916381836 -1.19016647 20.6031265 0.916381836 -1.19016647 20.6031265 0.916381836 0.832420349 20.6031265 0.916381836 0.832420349 21.1729546 0.916381836 -1.19016647 21.1729546 0.916381836 -1.19016647 21.1729546 0.916381836 0.832420349 21.1729546 0.916381836 0.832420349 21.6523247 0.608337402 -1.19016647 21.6523247 0.608337402 -1.19016647 21.6523247 0.608337402 0.832420349 21.6523247 0.608337402 0.832420349 21.88904 0.0899963379 -1.19016647 21.88904 0.0899963379 -1.19016647 21.88904 0.0899963379 0.832420349 21.88904 0.0899963379 0.832420349 21.8079453 -0.474029541 -1.19016647 21.8079453 -0.474029541 0.832420349 19.9681358 -0.474029541 0.832420349 20.3412952 -0.904693604 0.832420349 20.8880405 -1.06521606 0.832420349 21.4347858 -0.904693604 0.832420349 21.8079453 -0.474029541 0.832420349 21.88904 0.0899963379 0.832420349 21.6523247 0.608337402 0.832420349 21.1729546 0.916381836 0.832420349 20.6031265 0.916381836 0.832420349 20.1237564 0.608337402 0.832420349 19.887043 0.0899963379 -1.19016647 21.8079453 -0.474029541 0.832420349 21.8079453 -0.474029541 0.832420349 21.4347858 -0.904693604 -1.19016647 21.4347858 -0.904693604 -1.19016647 21.4347858 -0.904693604 0.832420349 21.4347858 -0.904693604 0.832420349 20.8880405 -1.06521606 -1.19016647 20.8880405 -1.06521606 -1.19016647 21.4347858 -0.904693604 -1.19016647 20.8880405 -1.06521606 -1.19016647 20.3412952 -0.904693604 -1.19016647 19.9681358 -0.474029541 -1.19016647 19.887043 0.0899963379 -1.19016647 20.1237564 0.608337402 -1.19016647 20.6031265 0.916381836 -1.19016647 21.1729546 0.916381836 -1.19016647 21.6523247 0.608337402 -1.19016647 21.88904 0.0899963379 -1.19016647 21.8079453 -0.474029541 </float_array>
          <technique_common>
            <accessor count="66" offset="0" source="#meshesQ4S-positions-array" stride="3">
              <param name="X" type="float" />
              <param name="Y" type="float" />
              <param name="Z" type="float" />
            </accessor>
          </technique_common>
        </source>
        <source id="meshesQ4S-normals" name="meshesQ4S-normals">
          <float_array id="meshesQ4S-normals-array" count="198"> 0 -0.281700671 -0.959502339 0 -0.281700671 -0.959502339 0 -0.281700671 -0.959502339 0 -0.281700671 -0.959502339 0 -0.75580126 -0.654801071 0 -0.75580126 -0.654801071 0 -0.75580126 -0.654801071 0 -0.75580126 -0.654801071 0 -0.989823103 -0.142303318 0 -0.989823103 -0.142303318 0 -0.989823103 -0.142303318 0 -0.989823103 -0.142303318 0 -0.909632146 0.415414691 0 -0.909632146 0.415414691 0 -0.909632146 0.415414691 0 -0.909632146 0.415414691 0 -0.540590823 0.841285765 0 -0.540590823 0.841285765 0 -0.540590823 0.841285765 0 -0.540590823 0.841285765 0 0 1 0 0 1 0 0 1 0 0 1 0 0.540590823 0.841285765 0 0.540590823 0.841285765 0 0.540590823 0.841285765 0 0.540590823 0.841285765 0 0.909632146 0.415414691 0 0.909632146 0.415414691 0 0.909632146 0.415414691 0 0.909632146 0.415414691 0 0.989823103 -0.142303318 0 0.989823103 -0.142303318 0 0.989823103 -0.142303318 0 0.989823103 -0.142303318 1 0 0 1 0 0 1 0 0 1 0 0 1 0 0 1 0 0 1 0 0 1 0 0 1 0 0 1 0 0 1 0 0 0 0.75580126 -0.654801071 0 0.75580126 -0.654801071 0 0.75580126 -0.654801071 0 0.75580126 -0.654801071 0 0.281700671 -0.959502339 0 0.281700671 -0.959502339 0 0.281700671 -0.959502339 0 0.281700671 -0.959502339 -1 0 0 -1 0 0 -1 0 0 -1 0 0 -1 0 0 -1 0 0 -1 0 0 -1 0 0 -1 0 0 -1 0 0 -1 0 0 </float_array>
          <technique_common>
            <accessor count="66" offset="0" source="#meshesQ4S-normals-array" stride="3">
              <param name="X" type="float" />
              <param name="Y" type="float" />
              <param name="Z" type="float" />
            </accessor>
          </technique_common>
        </source>
        <source id="meshesQ4S-tex0" name="meshesQ4S-tex0">
          <float_array id="meshesQ4S-tex0-array" count="132"> -0.511293411 0.5 1.51129341 0.5 1.51129341 -0.0467453003 -0.511293411 -0.0467453003 -0.511293411 1.35076356 1.51129341 1.35076356 1.51129341 0.920099437 -0.511293411 0.920099437 -0.511293411 0.920099437 1.51129341 0.920099437 1.51129341 0.356073558 -0.511293411 0.356073558 -0.511293411 0.356073558 1.51129341 0.356073558 1.51129341 -0.162267447 -0.511293411 -0.162267447 -0.511293411 -0.264284134 1.51129341 -0.264284134 1.51129341 0.215085983 -0.511293411 0.215085983 -0.511293411 0.215085983 1.51129341 0.215085983 1.51129341 0.784914017 -0.511293411 0.784914017 -0.511293411 0.784914017 1.51129341 0.784914017 1.51129341 1.26428413 -0.511293411 1.26428413 -0.511293411 -0.162267447 1.51129341 -0.162267447 1.51129341 0.356073558 -0.511293411 0.356073558 -0.511293411 0.356073558 1.51129341 0.356073558 1.51129341 0.920099437 -0.511293411 0.920099437 0.920099437 -0.419904709 1.35076356 -0.0467453003 1.5112859 0.5 1.35076356 1.0467453 0.920099437 1.41990471 0.356073558 1.50099945 -0.162267506 1.26428413 -0.47031194 0.784914017 -0.47031194 0.215085983 -0.162267506 -0.264284134 0.356073558 -0.500997543 -0.511293411 0.920099437 1.51129341 0.920099437 1.51129341 1.35076356 -0.511293411 1.35076356 -0.511293411 1.0467453 1.51129341 1.0467453 1.51129341 0.5 -0.511293411 0.5 1.35076356 1.0467453 1.5112859 0.5 1.35076356 -0.0467453003 0.920099437 -0.419904709 0.356073558 -0.500997543 -0.162267506 -0.264284134 -0.47031194 0.215085983 -0.47031194 0.784914017 -0.162267506 1.26428413 0.356073558 1.50099945 0.920099437 1.41990471 </float_array>
          <technique_common>
            <accessor count="66" offset="0" source="#meshesQ4S-tex0-array" stride="2">
              <param name="S" type="float" />
              <param name="T" type="float" />
            </accessor>
          </technique_common>
        </source>
        <source id="meshesQ4S-tex1" name="meshesQ4S-tex1">
          <float_array id="meshesQ4S-tex1-array" count="132"> 1 0.5 1 1 0.909090877 1 0.909090877 0.5 0.909090877 0.5 0.909090877 1 0.818181753 1 0.818181753 0.5 0.818181753 0.5 0.818181753 1 0.72727263 1 0.72727263 0.5 0.72727263 0.5 0.72727263 1 0.636363506 1 0.636363506 0.5 0.636363506 0.5 0.636363506 1 0.545454383 1 0.545454383 0.5 0.545454383 0.5 0.545454383 1 0.454545289 1 0.454545289 0.5 0.454545289 0.5 0.454545289 1 0.363636196 1 0.363636196 0.5 0.363636196 0.5 0.363636196 1 0.272727102 1 0.272727102 0.5 0.272727102 0.5 0.272727102 1 0.181818008 1 0.181818008 0.5 0.468311667 0.349699616 0.379753798 0.45190084 0.25 0.49000001 0.120246202 0.45190084 0.0316883326 0.349699616 0.012442857 0.215844452 0.0686201155 0.0928333998 0.182384178 0.0197216868 0.317615807 0.0197216868 0.431379884 0.0928333998 0.487557143 0.215844452 0.181818008 0.5 0.181818008 1 0.0909089148 1 0.0909089148 0.5 0.0909089148 0.5 0.0909089148 1 -1.78813934e-07 1 -1.78813934e-07 0.5 0.620246172 0.45190084 0.75 0.49000001 0.879753828 0.45190084 0.968311667 0.349699616 0.987557173 0.215844452 0.931379914 0.0928333998 0.817615807 0.0197216868 0.682384193 0.0197216868 0.568620086 0.0928333998 0.512442827 0.215844452 0.531688333 0.349699616 </float_array>
          <technique_common>
            <accessor count="66" offset="0" source="#meshesQ4S-tex1-array" stride="2">
              <param name="S" type="float" />
              <param name="T" type="float" />
            </accessor>
          </technique_common>
        </source>
        <source id="meshesQ4S-tex2" name="meshesQ4S-tex2">
          <float_array id="meshesQ4S-tex2-array" count="132"> -0.511293411 0.5 1.51129341 0.5 1.51129341 -0.0467453003 -0.511293411 -0.0467453003 -0.511293411 1.35076356 1.51129341 1.35076356 1.51129341 0.920099437 -0.511293411 0.920099437 -0.511293411 0.920099437 1.51129341 0.920099437 1.51129341 0.356073558 -0.511293411 0.356073558 -0.511293411 0.356073558 1.51129341 0.356073558 1.51129341 -0.162267447 -0.511293411 -0.162267447 -0.511293411 -0.264284134 1.51129341 -0.264284134 1.51129341 0.215085983 -0.511293411 0.215085983 -0.511293411 0.215085983 1.51129341 0.215085983 1.51129341 0.784914017 -0.511293411 0.784914017 -0.511293411 0.784914017 1.51129341 0.784914017 1.51129341 1.26428413 -0.511293411 1.26428413 -0.511293411 -0.162267447 1.51129341 -0.162267447 1.51129341 0.356073558 -0.511293411 0.356073558 -0.511293411 0.356073558 1.51129341 0.356073558 1.51129341 0.920099437 -0.511293411 0.920099437 0.920099437 -0.419904709 1.35076356 -0.0467453003 1.5112859 0.5 1.35076356 1.0467453 0.920099437 1.41990471 0.356073558 1.50099945 -0.162267506 1.26428413 -0.47031194 0.784914017 -0.47031194 0.215085983 -0.162267506 -0.264284134 0.356073558 -0.500997543 -0.511293411 0.920099437 1.51129341 0.920099437 1.51129341 1.35076356 -0.511293411 1.35076356 -0.511293411 1.0467453 1.51129341 1.0467453 1.51129341 0.5 -0.511293411 0.5 1.35076356 1.0467453 1.5112859 0.5 1.35076356 -0.0467453003 0.920099437 -0.419904709 0.356073558 -0.500997543 -0.162267506 -0.264284134 -0.47031194 0.215085983 -0.47031194 0.784914017 -0.162267506 1.26428413 0.356073558 1.50099945 0.920099437 1.41990471 </float_array>
          <technique_common>
            <accessor count="66" offset="0" source="#meshesQ4S-tex2-array" stride="2">
              <param name="S" type="float" />
              <param name="T" type="float" />
            </accessor>
          </technique_common>
        </source>
        <source id="meshesQ4S-tex3" name="meshesQ4S-tex3">
          <float_array id="meshesQ4S-tex3-array" count="132"> -0.511293411 0.5 1.51129341 0.5 1.51129341 -0.0467453003 -0.511293411 -0.0467453003 -0.511293411 1.35076356 1.51129341 1.35076356 1.51129341 0.920099437 -0.511293411 0.920099437 -0.511293411 0.920099437 1.51129341 0.920099437 1.51129341 0.356073558 -0.511293411 0.356073558 -0.511293411 0.356073558 1.51129341 0.356073558 1.51129341 -0.162267447 -0.511293411 -0.162267447 -0.511293411 -0.264284134 1.51129341 -0.264284134 1.51129341 0.215085983 -0.511293411 0.215085983 -0.511293411 0.215085983 1.51129341 0.215085983 1.51129341 0.784914017 -0.511293411 0.784914017 -0.511293411 0.784914017 1.51129341 0.784914017 1.51129341 1.26428413 -0.511293411 1.26428413 -0.511293411 -0.162267447 1.51129341 -0.162267447 1.51129341 0.356073558 -0.511293411 0.356073558 -0.511293411 0.356073558 1.51129341 0.356073558 1.51129341 0.920099437 -0.511293411 0.920099437 0.920099437 -0.419904709 1.35076356 -0.0467453003 1.5112859 0.5 1.35076356 1.0467453 0.920099437 1.41990471 0.356073558 1.50099945 -0.162267506 1.26428413 -0.47031194 0.784914017 -0.47031194 0.215085983 -0.162267506 -0.264284134 0.356073558 -0.500997543 -0.511293411 0.920099437 1.51129341 0.920099437 1.51129341 1.35076356 -0.511293411 1.35076356 -0.511293411 1.0467453 1.51129341 1.0467453 1.51129341 0.5 -0.511293411 0.5 1.35076356 1.0467453 1.5112859 0.5 1.35076356 -0.0467453003 0.920099437 -0.419904709 0.356073558 -0.500997543 -0.162267506 -0.264284134 -0.47031194 0.215085983 -0.47031194 0.784914017 -0.162267506 1.26428413 0.356073558 1.50099945 0.920099437 1.41990471 </float_array>
          <technique_common>
            <accessor count="66" offset="0" source="#meshesQ4S-tex3-array" stride="2">
              <param name="S" type="float" />
              <param name="T" type="float" />
            </accessor>
          </technique_common>
        </source>
        <source id="meshesQ4S-tex4" name="meshesQ4S-tex4">
          <float_array id="meshesQ4S-tex4-array" count="132"> -0.511293411 0.5 1.51129341 0.5 1.51129341 -0.0467453003 -0.511293411 -0.0467453003 -0.511293411 1.35076356 1.51129341 1.35076356 1.51129341 0.920099437 -0.511293411 0.920099437 -0.511293411 0.920099437 1.51129341 0.920099437 1.51129341 0.356073558 -0.511293411 0.356073558 -0.511293411 0.356073558 1.51129341 0.356073558 1.51129341 -0.162267447 -0.511293411 -0.162267447 -0.511293411 -0.264284134 1.51129341 -0.264284134 1.51129341 0.215085983 -0.511293411 0.215085983 -0.511293411 0.215085983 1.51129341 0.215085983 1.51129341 0.784914017 -0.511293411 0.784914017 -0.511293411 0.784914017 1.51129341 0.784914017 1.51129341 1.26428413 -0.511293411 1.26428413 -0.511293411 -0.162267447 1.51129341 -0.162267447 1.51129341 0.356073558 -0.511293411 0.356073558 -0.511293411 0.356073558 1.51129341 0.356073558 1.51129341 0.920099437 -0.511293411 0.920099437 0.920099437 -0.419904709 1.35076356 -0.0467453003 1.5112859 0.5 1.35076356 1.0467453 0.920099437 1.41990471 0.356073558 1.50099945 -0.162267506 1.26428413 -0.47031194 0.784914017 -0.47031194 0.215085983 -0.162267506 -0.264284134 0.356073558 -0.500997543 -0.511293411 0.920099437 1.51129341 0.920099437 1.51129341 1.35076356 -0.511293411 1.35076356 -0.511293411 1.0467453 1.51129341 1.0467453 1.51129341 0.5 -0.511293411 0.5 1.35076356 1.0467453 1.5112859 0.5 1.35076356 -0.0467453003 0.920099437 -0.419904709 0.356073558 -0.500997543 -0.162267506 -0.264284134 -0.47031194 0.215085983 -0.47031194 0.784914017 -0.162267506 1.26428413 0.356073558 1.50099945 0.920099437 1.41990471 </float_array>
          <technique_common>
            <accessor count="66" offset="0" source="#meshesQ4S-tex4-array" stride="2">
              <param name="S" type="float" />
              <param name="T" type="float" />
            </accessor>
          </technique_common>
        </source>
        <source id="meshesQ4S-tex5" name="meshesQ4S-tex5">
          <float_array id="meshesQ4S-tex5-array" count="132"> -0.511293411 0.5 1.51129341 0.5 1.51129341 -0.0467453003 -0.511293411 -0.0467453003 -0.511293411 1.35076356 1.51129341 1.35076356 1.51129341 0.920099437 -0.511293411 0.920099437 -0.511293411 0.920099437 1.51129341 0.920099437 1.51129341 0.356073558 -0.511293411 0.356073558 -0.511293411 0.356073558 1.51129341 0.356073558 1.51129341 -0.162267447 -0.511293411 -0.162267447 -0.511293411 -0.264284134 1.51129341 -0.264284134 1.51129341 0.215085983 -0.511293411 0.215085983 -0.511293411 0.215085983 1.51129341 0.215085983 1.51129341 0.784914017 -0.511293411 0.784914017 -0.511293411 0.784914017 1.51129341 0.784914017 1.51129341 1.26428413 -0.511293411 1.26428413 -0.511293411 -0.162267447 1.51129341 -0.162267447 1.51129341 0.356073558 -0.511293411 0.356073558 -0.511293411 0.356073558 1.51129341 0.356073558 1.51129341 0.920099437 -0.511293411 0.920099437 0.920099437 -0.419904709 1.35076356 -0.0467453003 1.5112859 0.5 1.35076356 1.0467453 0.920099437 1.41990471 0.356073558 1.50099945 -0.162267506 1.26428413 -0.47031194 0.784914017 -0.47031194 0.215085983 -0.162267506 -0.264284134 0.356073558 -0.500997543 -0.511293411 0.920099437 1.51129341 0.920099437 1.51129341 1.35076356 -0.511293411 1.35076356 -0.511293411 1.0467453 1.51129341 1.0467453 1.51129341 0.5 -0.511293411 0.5 1.35076356 1.0467453 1.5112859 0.5 1.35076356 -0.0467453003 0.920099437 -0.419904709 0.356073558 -0.500997543 -0.162267506 -0.264284134 -0.47031194 0.215085983 -0.47031194 0.784914017 -0.162267506 1.26428413 0.356073558 1.50099945 0.920099437 1.41990471 </float_array>
          <technique_common>
            <accessor count="66" offset="0" source="#meshesQ4S-tex5-array" stride="2">
              <param name="S" type="float" />
              <param name="T" type="float" />
            </accessor>
          </technique_common>
        </source>
        <vertices id="meshesQ4S-vertices">
          <input semantic="POSITION" source="#meshesQ4S-positions" />
        </vertices>
        <polylist count="40" material="defaultMaterial">
          <input offset="0" semantic="VERTEX" source="#meshesQ4S-vertices" />
          <input offset="0" semantic="NORMAL" source="#meshesQ4S-normals" />
          <input offset="0" semantic="TEXCOORD" source="#meshesQ4S-tex0" set="0" />
          <input offset="0" semantic="TEXCOORD" source="#meshesQ4S-tex1" set="1" />
          <input offset="0" semantic="TEXCOORD" source="#meshesQ4S-tex2" set="2" />
          <input offset="0" semantic="TEXCOORD" source="#meshesQ4S-tex3" set="3" />
          <input offset="0" semantic="TEXCOORD" source="#meshesQ4S-tex4" set="4" />
          <input offset="0" semantic="TEXCOORD" source="#meshesQ4S-tex5" set="5" />
          <vcount>3 3 3 3 3 3 3 3 3 3 3 3 3 3 3 3 3 3 3 3 3 3 3 3 3 3 3 3 3 3 3 3 3 3 3 3 3 3 3 3 </vcount>
          <p>0 1 2 0 2 3 4 5 6 4 6 7 8 9 10 8 10 11 12 13 14 12 14 15 16 17 18 16 18 19 20 21 22 20 22 23 24 25 26 24 26 27 28 29 30 28 30 31 32 33 34 32 34 35 36 37 38 38 39 40 40 41 42 42 43 44 44 45 46 46 36 38 38 40 42 42 44 46 38 42 46 47 48 49 47 49 50 51 52 53 51 53 54 55 56 57 57 58 59 59 60 61 61 62 63 63 64 65 65 55 57 57 59 61 61 63 65 57 61 65 </p>
        </polylist>
      </mesh>
    </geometry>
    <geometry id="meshesQ5S" name="meshes[5]" >
      <mesh>
        <source id="meshesQ5S-positions" name="meshesQ5S-positions">
          <float_array id="meshesQ5S-positions-array" count="165"> -1.19016647 18.0274563 -1.06521606 0.832420349 18.0274563 -1.06521606 0.832420349 17.480711 -0.904693604 -1.19016647 17.480711 -0.904693604 -1.19016647 17.480711 -0.904693604 0.832420349 17.480711 -0.904693604 0.832420349 17.1075516 -0.474029541 -1.19016647 17.1075516 -0.474029541 -1.19016647 17.1075516 -0.474029541 0.832420349 17.1075516 -0.474029541 0.832420349 17.0264568 0.0899963379 -1.19016647 17.0264568 0.0899963379 -1.19016647 17.0264568 0.0899963379 0.832420349 17.0264568 0.0899963379 0.832420349 17.2631721 0.608337402 -1.19016647 17.2631721 0.608337402 -1.19016647 17.2631721 0.608337402 0.832420349 17.2631721 0.608337402 0.832420349 17.7425423 0.916381836 -1.19016647 17.7425423 0.916381836 -1.19016647 17.7425423 0.916381836 0.832420349 17.7425423 0.916381836 0.832420349 18.3123703 0.916381836 -1.19016647 18.3123703 0.916381836 -1.19016647 18.3123703 0.916381836 0.832420349 18.3123703 0.916381836 0.832420349 18.7917404 0.608337402 -1.19016647 18.7917404 0.608337402 -1.19016647 18.7917404 0.608337402 0.832420349 18.7917404 0.608337402 0.832420349 19.0284557 0.0899963379 -1.19016647 19.0284557 0.0899963379 -1.19016647 19.0284557 0.0899963379 0.832420349 19.0284557 0.0899963379 0.832420349 18.947361 -0.474029541 -1.19016647 18.947361 -0.474029541 -1.19016647 18.947361 -0.474029541 0.832420349 18.947361 -0.474029541 0.832420349 18.5742035 -0.904693604 -1.19016647 18.5742035 -0.904693604 -1.19016647 18.5742035 -0.904693604 0.832420349 18.5742035 -0.904693604 0.832420349 18.0274563 -1.06521606 -1.19016647 18.0274563 -1.06521606 -1.19016647 18.5742035 -0.904693604 -1.19016647 18.0274563 -1.06521606 -1.19016647 17.480711 -0.904693604 -1.19016647 17.1075516 -0.474029541 -1.19016647 17.0264568 0.0899963379 -1.19016647 17.2631721 0.608337402 -1.19016647 17.7425423 0.916381836 -1.19016647 18.3123703 0.916381836 -1.19016647 18.7917404 0.608337402 -1.19016647 19.0284557 0.0899963379 -1.19016647 18.947361 -0.474029541 </float_array>
          <technique_common>
            <accessor count="55" offset="0" source="#meshesQ5S-positions-array" stride="3">
              <param name="X" type="float" />
              <param name="Y" type="float" />
              <param name="Z" type="float" />
            </accessor>
          </technique_common>
        </source>
        <source id="meshesQ5S-normals" name="meshesQ5S-normals">
          <float_array id="meshesQ5S-normals-array" count="165"> 0 -0.281700671 -0.959502339 0 -0.281700671 -0.959502339 0 -0.281700671 -0.959502339 0 -0.281700671 -0.959502339 0 -0.75580126 -0.654801071 0 -0.75580126 -0.654801071 0 -0.75580126 -0.654801071 0 -0.75580126 -0.654801071 0 -0.989823103 -0.142303318 0 -0.989823103 -0.142303318 0 -0.989823103 -0.142303318 0 -0.989823103 -0.142303318 0 -0.909632146 0.415414691 0 -0.909632146 0.415414691 0 -0.909632146 0.415414691 0 -0.909632146 0.415414691 0 -0.540590823 0.841285765 0 -0.540590823 0.841285765 0 -0.540590823 0.841285765 0 -0.540590823 0.841285765 0 0 1 0 0 1 0 0 1 0 0 1 0 0.540590823 0.841285765 0 0.540590823 0.841285765 0 0.540590823 0.841285765 0 0.540590823 0.841285765 0 0.909632146 0.415414691 0 0.909632146 0.415414691 0 0.909632146 0.415414691 0 0.909632146 0.415414691 0 0.989823103 -0.142303318 0 0.989823103 -0.142303318 0 0.989823103 -0.142303318 0 0.989823103 -0.142303318 0 0.75580126 -0.654801071 0 0.75580126 -0.654801071 0 0.75580126 -0.654801071 0 0.75580126 -0.654801071 0 0.281700671 -0.959502339 0 0.281700671 -0.959502339 0 0.281700671 -0.959502339 0 0.281700671 -0.959502339 -1 0 0 -1 0 0 -1 0 0 -1 0 0 -1 0 0 -1 0 0 -1 0 0 -1 0 0 -1 0 0 -1 0 0 -1 0 0 </float_array>
          <technique_common>
            <accessor count="55" offset="0" source="#meshesQ5S-normals-array" stride="3">
              <param name="X" type="float" />
              <param name="Y" type="float" />
              <param name="Z" type="float" />
            </accessor>
          </technique_common>
        </source>
        <source id="meshesQ5S-tex0" name="meshesQ5S-tex0">
          <float_array id="meshesQ5S-tex0-array" count="110"> -0.42701894 0.499998093 1.59556794 0.499998093 1.59556794 -0.0467472076 -0.42701894 -0.0467472076 -0.42701894 1.35076356 1.59556794 1.35076356 1.59556794 0.920099437 -0.42701894 0.920099437 -0.42701894 0.920099437 1.59556794 0.920099437 1.59556794 0.356073558 -0.42701894 0.356073558 -0.42701894 0.356073558 1.59556794 0.356073558 1.59556794 -0.162267447 -0.42701894 -0.162267447 -0.42701894 -0.264286041 1.59556794 -0.264286041 1.59556794 0.215084076 -0.42701894 0.215084076 -0.42701894 0.215084076 1.59556794 0.215084076 1.59556794 0.784912109 -0.42701894 0.784912109 -0.42701894 0.784912109 1.59556794 0.784912109 1.59556794 1.26428223 -0.42701894 1.26428223 -0.42701894 -0.162267447 1.59556794 -0.162267447 1.59556794 0.356073558 -0.42701894 0.356073558 -0.42701894 0.356073558 1.59556794 0.356073558 1.59556794 0.920099437 -0.42701894 0.920099437 -0.42701894 0.920099437 1.59556794 0.920099437 1.59556794 1.35076356 -0.42701894 1.35076356 -0.42701894 1.0467453 1.59556794 1.0467453 1.59556794 0.499998093 -0.42701894 0.499998093 1.35076356 1.0467453 1.5112859 0.499998093 1.35076356 -0.0467472076 0.920099437 -0.419906616 0.356073558 -0.501001358 -0.162267506 -0.264286041 -0.47031194 0.215084076 -0.47031194 0.784912109 -0.162267506 1.26428223 0.356073558 1.50099754 0.920099437 1.4199028 </float_array>
          <technique_common>
            <accessor count="55" offset="0" source="#meshesQ5S-tex0-array" stride="2">
              <param name="S" type="float" />
              <param name="T" type="float" />
            </accessor>
          </technique_common>
        </source>
        <source id="meshesQ5S-tex1" name="meshesQ5S-tex1">
          <float_array id="meshesQ5S-tex1-array" count="110"> 1 0.5 1 1 0.909090877 1 0.909090877 0.5 0.909090877 0.5 0.909090877 1 0.818181753 1 0.818181753 0.5 0.818181753 0.5 0.818181753 1 0.72727263 1 0.72727263 0.5 0.72727263 0.5 0.72727263 1 0.636363506 1 0.636363506 0.5 0.636363506 0.5 0.636363506 1 0.545454383 1 0.545454383 0.5 0.545454383 0.5 0.545454383 1 0.454545289 1 0.454545289 0.5 0.454545289 0.5 0.454545289 1 0.363636196 1 0.363636196 0.5 0.363636196 0.5 0.363636196 1 0.272727102 1 0.272727102 0.5 0.272727102 0.5 0.272727102 1 0.181818008 1 0.181818008 0.5 0.181818008 0.5 0.181818008 1 0.0909089148 1 0.0909089148 0.5 0.0909089148 0.5 0.0909089148 1 -1.78813934e-07 1 -1.78813934e-07 0.5 0.620246172 0.45190084 0.75 0.49000001 0.879753828 0.45190084 0.968311667 0.349699616 0.987557173 0.215844452 0.931379914 0.0928333998 0.817615807 0.0197216868 0.682384193 0.0197216868 0.568620086 0.0928333998 0.512442827 0.215844452 0.531688333 0.349699616 </float_array>
          <technique_common>
            <accessor count="55" offset="0" source="#meshesQ5S-tex1-array" stride="2">
              <param name="S" type="float" />
              <param name="T" type="float" />
            </accessor>
          </technique_common>
        </source>
        <source id="meshesQ5S-tex2" name="meshesQ5S-tex2">
          <float_array id="meshesQ5S-tex2-array" count="110"> -0.42701894 0.499998093 1.59556794 0.499998093 1.59556794 -0.0467472076 -0.42701894 -0.0467472076 -0.42701894 1.35076356 1.59556794 1.35076356 1.59556794 0.920099437 -0.42701894 0.920099437 -0.42701894 0.920099437 1.59556794 0.920099437 1.59556794 0.356073558 -0.42701894 0.356073558 -0.42701894 0.356073558 1.59556794 0.356073558 1.59556794 -0.162267447 -0.42701894 -0.162267447 -0.42701894 -0.264286041 1.59556794 -0.264286041 1.59556794 0.215084076 -0.42701894 0.215084076 -0.42701894 0.215084076 1.59556794 0.215084076 1.59556794 0.784912109 -0.42701894 0.784912109 -0.42701894 0.784912109 1.59556794 0.784912109 1.59556794 1.26428223 -0.42701894 1.26428223 -0.42701894 -0.162267447 1.59556794 -0.162267447 1.59556794 0.356073558 -0.42701894 0.356073558 -0.42701894 0.356073558 1.59556794 0.356073558 1.59556794 0.920099437 -0.42701894 0.920099437 -0.42701894 0.920099437 1.59556794 0.920099437 1.59556794 1.35076356 -0.42701894 1.35076356 -0.42701894 1.0467453 1.59556794 1.0467453 1.59556794 0.499998093 -0.42701894 0.499998093 1.35076356 1.0467453 1.5112859 0.499998093 1.35076356 -0.0467472076 0.920099437 -0.419906616 0.356073558 -0.501001358 -0.162267506 -0.264286041 -0.47031194 0.215084076 -0.47031194 0.784912109 -0.162267506 1.26428223 0.356073558 1.50099754 0.920099437 1.4199028 </float_array>
          <technique_common>
            <accessor count="55" offset="0" source="#meshesQ5S-tex2-array" stride="2">
              <param name="S" type="float" />
              <param name="T" type="float" />
            </accessor>
          </technique_common>
        </source>
        <source id="meshesQ5S-tex3" name="meshesQ5S-tex3">
          <float_array id="meshesQ5S-tex3-array" count="110"> -0.42701894 0.499998093 1.59556794 0.499998093 1.59556794 -0.0467472076 -0.42701894 -0.0467472076 -0.42701894 1.35076356 1.59556794 1.35076356 1.59556794 0.920099437 -0.42701894 0.920099437 -0.42701894 0.920099437 1.59556794 0.920099437 1.59556794 0.356073558 -0.42701894 0.356073558 -0.42701894 0.356073558 1.59556794 0.356073558 1.59556794 -0.162267447 -0.42701894 -0.162267447 -0.42701894 -0.264286041 1.59556794 -0.264286041 1.59556794 0.215084076 -0.42701894 0.215084076 -0.42701894 0.215084076 1.59556794 0.215084076 1.59556794 0.784912109 -0.42701894 0.784912109 -0.42701894 0.784912109 1.59556794 0.784912109 1.59556794 1.26428223 -0.42701894 1.26428223 -0.42701894 -0.162267447 1.59556794 -0.162267447 1.59556794 0.356073558 -0.42701894 0.356073558 -0.42701894 0.356073558 1.59556794 0.356073558 1.59556794 0.920099437 -0.42701894 0.920099437 -0.42701894 0.920099437 1.59556794 0.920099437 1.59556794 1.35076356 -0.42701894 1.35076356 -0.42701894 1.0467453 1.59556794 1.0467453 1.59556794 0.499998093 -0.42701894 0.499998093 1.35076356 1.0467453 1.5112859 0.499998093 1.35076356 -0.0467472076 0.920099437 -0.419906616 0.356073558 -0.501001358 -0.162267506 -0.264286041 -0.47031194 0.215084076 -0.47031194 0.784912109 -0.162267506 1.26428223 0.356073558 1.50099754 0.920099437 1.4199028 </float_array>
          <technique_common>
            <accessor count="55" offset="0" source="#meshesQ5S-tex3-array" stride="2">
              <param name="S" type="float" />
              <param name="T" type="float" />
            </accessor>
          </technique_common>
        </source>
        <source id="meshesQ5S-tex4" name="meshesQ5S-tex4">
          <float_array id="meshesQ5S-tex4-array" count="110"> -0.42701894 0.499998093 1.59556794 0.499998093 1.59556794 -0.0467472076 -0.42701894 -0.0467472076 -0.42701894 1.35076356 1.59556794 1.35076356 1.59556794 0.920099437 -0.42701894 0.920099437 -0.42701894 0.920099437 1.59556794 0.920099437 1.59556794 0.356073558 -0.42701894 0.356073558 -0.42701894 0.356073558 1.59556794 0.356073558 1.59556794 -0.162267447 -0.42701894 -0.162267447 -0.42701894 -0.264286041 1.59556794 -0.264286041 1.59556794 0.215084076 -0.42701894 0.215084076 -0.42701894 0.215084076 1.59556794 0.215084076 1.59556794 0.784912109 -0.42701894 0.784912109 -0.42701894 0.784912109 1.59556794 0.784912109 1.59556794 1.26428223 -0.42701894 1.26428223 -0.42701894 -0.162267447 1.59556794 -0.162267447 1.59556794 0.356073558 -0.42701894 0.356073558 -0.42701894 0.356073558 1.59556794 0.356073558 1.59556794 0.920099437 -0.42701894 0.920099437 -0.42701894 0.920099437 1.59556794 0.920099437 1.59556794 1.35076356 -0.42701894 1.35076356 -0.42701894 1.0467453 1.59556794 1.0467453 1.59556794 0.499998093 -0.42701894 0.499998093 1.35076356 1.0467453 1.5112859 0.499998093 1.35076356 -0.0467472076 0.920099437 -0.419906616 0.356073558 -0.501001358 -0.162267506 -0.264286041 -0.47031194 0.215084076 -0.47031194 0.784912109 -0.162267506 1.26428223 0.356073558 1.50099754 0.920099437 1.4199028 </float_array>
          <technique_common>
            <accessor count="55" offset="0" source="#meshesQ5S-tex4-array" stride="2">
              <param name="S" type="float" />
              <param name="T" type="float" />
            </accessor>
          </technique_common>
        </source>
        <source id="meshesQ5S-tex5" name="meshesQ5S-tex5">
          <float_array id="meshesQ5S-tex5-array" count="110"> -0.42701894 0.499998093 1.59556794 0.499998093 1.59556794 -0.0467472076 -0.42701894 -0.0467472076 -0.42701894 1.35076356 1.59556794 1.35076356 1.59556794 0.920099437 -0.42701894 0.920099437 -0.42701894 0.920099437 1.59556794 0.920099437 1.59556794 0.356073558 -0.42701894 0.356073558 -0.42701894 0.356073558 1.59556794 0.356073558 1.59556794 -0.162267447 -0.42701894 -0.162267447 -0.42701894 -0.264286041 1.59556794 -0.264286041 1.59556794 0.215084076 -0.42701894 0.215084076 -0.42701894 0.215084076 1.59556794 0.215084076 1.59556794 0.784912109 -0.42701894 0.784912109 -0.42701894 0.784912109 1.59556794 0.784912109 1.59556794 1.26428223 -0.42701894 1.26428223 -0.42701894 -0.162267447 1.59556794 -0.162267447 1.59556794 0.356073558 -0.42701894 0.356073558 -0.42701894 0.356073558 1.59556794 0.356073558 1.59556794 0.920099437 -0.42701894 0.920099437 -0.42701894 0.920099437 1.59556794 0.920099437 1.59556794 1.35076356 -0.42701894 1.35076356 -0.42701894 1.0467453 1.59556794 1.0467453 1.59556794 0.499998093 -0.42701894 0.499998093 1.35076356 1.0467453 1.5112859 0.499998093 1.35076356 -0.0467472076 0.920099437 -0.419906616 0.356073558 -0.501001358 -0.162267506 -0.264286041 -0.47031194 0.215084076 -0.47031194 0.784912109 -0.162267506 1.26428223 0.356073558 1.50099754 0.920099437 1.4199028 </float_array>
          <technique_common>
            <accessor count="55" offset="0" source="#meshesQ5S-tex5-array" stride="2">
              <param name="S" type="float" />
              <param name="T" type="float" />
            </accessor>
          </technique_common>
        </source>
        <vertices id="meshesQ5S-vertices">
          <input semantic="POSITION" source="#meshesQ5S-positions" />
        </vertices>
        <polylist count="31" material="defaultMaterial">
          <input offset="0" semantic="VERTEX" source="#meshesQ5S-vertices" />
          <input offset="0" semantic="NORMAL" source="#meshesQ5S-normals" />
          <input offset="0" semantic="TEXCOORD" source="#meshesQ5S-tex0" set="0" />
          <input offset="0" semantic="TEXCOORD" source="#meshesQ5S-tex1" set="1" />
          <input offset="0" semantic="TEXCOORD" source="#meshesQ5S-tex2" set="2" />
          <input offset="0" semantic="TEXCOORD" source="#meshesQ5S-tex3" set="3" />
          <input offset="0" semantic="TEXCOORD" source="#meshesQ5S-tex4" set="4" />
          <input offset="0" semantic="TEXCOORD" source="#meshesQ5S-tex5" set="5" />
          <vcount>3 3 3 3 3 3 3 3 3 3 3 3 3 3 3 3 3 3 3 3 3 3 3 3 3 3 3 3 3 3 3 </vcount>
          <p>0 1 2 0 2 3 4 5 6 4 6 7 8 9 10 8 10 11 12 13 14 12 14 15 16 17 18 16 18 19 20 21 22 20 22 23 24 25 26 24 26 27 28 29 30 28 30 31 32 33 34 32 34 35 36 37 38 36 38 39 40 41 42 40 42 43 44 45 46 46 47 48 48 49 50 50 51 52 52 53 54 54 44 46 46 48 50 50 52 54 46 50 54 </p>
        </polylist>
      </mesh>
    </geometry>
    <geometry id="meshesQ6S" name="meshes[6]" >
      <mesh>
        <source id="meshesQ6S-positions" name="meshesQ6S-positions">
          <float_array id="meshesQ6S-positions-array" count="60"> -0.764011383 16.4635487 2.19747925 -0.764011383 25.4102249 2.19747925 -0.764011383 25.4102249 -2.30532837 -0.764011383 16.4635487 -2.30532837 -0.764011383 16.4635487 -2.30532837 -0.764011383 25.4102249 -2.30532837 0.342712402 25.4102249 -2.30532837 0.342712402 16.4635487 -2.30532837 0.342712402 16.4635487 -2.30532837 0.342712402 25.4102249 -2.30532837 0.342712402 25.4102249 2.19747925 0.342712402 16.4635487 2.19747925 0.342712402 16.4635487 2.19747925 0.342712402 25.4102249 2.19747925 -0.764011383 25.4102249 2.19747925 -0.764011383 16.4635487 2.19747925 0.342712402 25.4102249 -2.30532837 -0.764011383 25.4102249 -2.30532837 -0.764011383 25.4102249 2.19747925 0.342712402 25.4102249 2.19747925 </float_array>
          <technique_common>
            <accessor count="20" offset="0" source="#meshesQ6S-positions-array" stride="3">
              <param name="X" type="float" />
              <param name="Y" type="float" />
              <param name="Z" type="float" />
            </accessor>
          </technique_common>
        </source>
        <source id="meshesQ6S-normals" name="meshesQ6S-normals">
          <float_array id="meshesQ6S-normals-array" count="60"> -1 0 0 -1 0 0 -1 0 0 -1 0 0 0 0 -1 0 0 -1 0 0 -1 0 0 -1 1 0 0 1 0 0 1 0 0 1 0 0 0 0 1 0 0 1 0 0 1 0 0 1 0 1 0 0 1 0 0 1 0 0 1 0 </float_array>
          <technique_common>
            <accessor count="20" offset="0" source="#meshesQ6S-normals-array" stride="3">
              <param name="X" type="float" />
              <param name="Y" type="float" />
              <param name="Z" type="float" />
            </accessor>
          </technique_common>
        </source>
        <source id="meshesQ6S-tex0" name="meshesQ6S-tex0">
          <float_array id="meshesQ6S-tex0-array" count="40"> -1.75140381 -4.86800575 -1.75140381 4.0786705 2.75140381 4.0786705 2.75140381 -4.86800575 -0.0533618927 -4.86800575 -0.0533618927 4.0786705 1.05336189 4.0786705 1.05336189 -4.86800575 2.75140381 -4.86800575 2.75140381 4.0786705 -1.75140381 4.0786705 -1.75140381 -4.86800575 1.05336189 -4.86800575 1.05336189 4.0786705 -0.0533618927 4.0786705 -0.0533618927 -4.86800575 1.05336189 2.75140381 -0.0533618927 2.75140381 -0.0533618927 -1.75140381 1.05336189 -1.75140381 </float_array>
          <technique_common>
            <accessor count="20" offset="0" source="#meshesQ6S-tex0-array" stride="2">
              <param name="S" type="float" />
              <param name="T" type="float" />
            </accessor>
          </technique_common>
        </source>
        <source id="meshesQ6S-tex1" name="meshesQ6S-tex1">
          <float_array id="meshesQ6S-tex1-array" count="40"> 0.375 0 0.625 0 0.625 0.25 0.375 0.25 0.375 0.25 0.625 0.25 0.625 0.5 0.375 0.5 0.375 0.5 0.625 0.5 0.625 0.75 0.375 0.75 0.375 0.75 0.625 0.75 0.625 1 0.375 1 0.625 0.5 0.875 0.5 0.875 0.75 0.625 0.75 </float_array>
          <technique_common>
            <accessor count="20" offset="0" source="#meshesQ6S-tex1-array" stride="2">
              <param name="S" type="float" />
              <param name="T" type="float" />
            </accessor>
          </technique_common>
        </source>
        <source id="meshesQ6S-tex2" name="meshesQ6S-tex2">
          <float_array id="meshesQ6S-tex2-array" count="40"> -1.75140381 -4.86800575 -1.75140381 4.0786705 2.75140381 4.0786705 2.75140381 -4.86800575 -0.0533618927 -4.86800575 -0.0533618927 4.0786705 1.05336189 4.0786705 1.05336189 -4.86800575 2.75140381 -4.86800575 2.75140381 4.0786705 -1.75140381 4.0786705 -1.75140381 -4.86800575 1.05336189 -4.86800575 1.05336189 4.0786705 -0.0533618927 4.0786705 -0.0533618927 -4.86800575 1.05336189 2.75140381 -0.0533618927 2.75140381 -0.0533618927 -1.75140381 1.05336189 -1.75140381 </float_array>
          <technique_common>
            <accessor count="20" offset="0" source="#meshesQ6S-tex2-array" stride="2">
              <param name="S" type="float" />
              <param name="T" type="float" />
            </accessor>
          </technique_common>
        </source>
        <source id="meshesQ6S-tex3" name="meshesQ6S-tex3">
          <float_array id="meshesQ6S-tex3-array" count="40"> -1.75140381 -4.86800575 -1.75140381 4.0786705 2.75140381 4.0786705 2.75140381 -4.86800575 -0.0533618927 -4.86800575 -0.0533618927 4.0786705 1.05336189 4.0786705 1.05336189 -4.86800575 2.75140381 -4.86800575 2.75140381 4.0786705 -1.75140381 4.0786705 -1.75140381 -4.86800575 1.05336189 -4.86800575 1.05336189 4.0786705 -0.0533618927 4.0786705 -0.0533618927 -4.86800575 1.05336189 2.75140381 -0.0533618927 2.75140381 -0.0533618927 -1.75140381 1.05336189 -1.75140381 </float_array>
          <technique_common>
            <accessor count="20" offset="0" source="#meshesQ6S-tex3-array" stride="2">
              <param name="S" type="float" />
              <param name="T" type="float" />
            </accessor>
          </technique_common>
        </source>
        <source id="meshesQ6S-tex4" name="meshesQ6S-tex4">
          <float_array id="meshesQ6S-tex4-array" count="40"> -1.75140381 -4.86800575 -1.75140381 4.0786705 2.75140381 4.0786705 2.75140381 -4.86800575 -0.0533618927 -4.86800575 -0.0533618927 4.0786705 1.05336189 4.0786705 1.05336189 -4.86800575 2.75140381 -4.86800575 2.75140381 4.0786705 -1.75140381 4.0786705 -1.75140381 -4.86800575 1.05336189 -4.86800575 1.05336189 4.0786705 -0.0533618927 4.0786705 -0.0533618927 -4.86800575 1.05336189 2.75140381 -0.0533618927 2.75140381 -0.0533618927 -1.75140381 1.05336189 -1.75140381 </float_array>
          <technique_common>
            <accessor count="20" offset="0" source="#meshesQ6S-tex4-array" stride="2">
              <param name="S" type="float" />
              <param name="T" type="float" />
            </accessor>
          </technique_common>
        </source>
        <vertices id="meshesQ6S-vertices">
          <input semantic="POSITION" source="#meshesQ6S-positions" />
        </vertices>
        <polylist count="10" material="defaultMaterial">
          <input offset="0" semantic="VERTEX" source="#meshesQ6S-vertices" />
          <input offset="0" semantic="NORMAL" source="#meshesQ6S-normals" />
          <input offset="0" semantic="TEXCOORD" source="#meshesQ6S-tex0" set="0" />
          <input offset="0" semantic="TEXCOORD" source="#meshesQ6S-tex1" set="1" />
          <input offset="0" semantic="TEXCOORD" source="#meshesQ6S-tex2" set="2" />
          <input offset="0" semantic="TEXCOORD" source="#meshesQ6S-tex3" set="3" />
          <input offset="0" semantic="TEXCOORD" source="#meshesQ6S-tex4" set="4" />
          <vcount>3 3 3 3 3 3 3 3 3 3 </vcount>
          <p>0 1 2 0 2 3 4 5 6 4 6 7 8 9 10 8 10 11 12 13 14 12 14 15 16 17 18 16 18 19 </p>
        </polylist>
      </mesh>
    </geometry>
    <geometry id="meshesQ7S" name="meshes[7]" >
      <mesh>
        <source id="meshesQ7S-positions" name="meshesQ7S-positions">
          <float_array id="meshesQ7S-positions-array" count="648"> -1.77882385 23.6796131 1.19873047 0.487071991 23.6796131 1.19873047 0.487071991 24.3455448 0.959503174 -1.77882385 24.3455448 0.959503174 -1.77882385 24.3455448 0.959503174 0.487071991 24.3455448 0.959503174 0.487071991 24.7571106 0.3331604 -1.77882385 24.7571106 0.3331604 -1.77882385 24.7571106 0.3331604 0.487071991 24.7571106 0.3331604 0.487071991 24.7571106 -0.441040039 -1.77882385 24.7571106 -0.441040039 0.487071991 24.241396 -0.908874512 0.487071991 24.5885963 -0.380493164 -1.77882385 24.5885963 -0.380493164 -1.77882385 24.241396 -0.908874512 -1.77882385 24.7571106 -0.441040039 0.487071991 24.7571106 -0.441040039 0.487071991 24.3455448 -1.06735229 -1.77882385 24.3455448 -1.06735229 -1.77882385 24.3455448 -1.06735229 0.487071991 24.3455448 -1.06735229 0.487071991 23.6796131 -1.30657959 -1.77882385 23.6796131 -1.30657959 0.487071991 23.6796131 -1.11068726 0.487071991 24.241396 -0.908874512 -1.77882385 24.241396 -0.908874512 -1.77882385 23.6796131 -1.11068726 -1.77882385 24.241396 0.800994873 -1.77882385 23.6796131 1.00280762 -1.77882385 23.6796131 1.19873047 -1.77882385 24.3455448 0.959503174 0.487071991 23.6796131 1.00280762 0.487071991 24.241396 0.800994873 0.487071991 24.3455448 0.959503174 0.487071991 23.6796131 1.19873047 -1.77882385 24.5885963 0.272613525 -1.77882385 24.7571106 0.3331604 0.487071991 24.5885963 0.272613525 0.487071991 24.7571106 0.3331604 -1.77882385 24.5885963 -0.380493164 -1.77882385 24.7571106 -0.441040039 0.487071991 24.5885963 -0.380493164 0.487071991 24.7571106 -0.441040039 -1.77882385 24.241396 -0.908874512 -1.77882385 24.3455448 -1.06735229 0.487071991 24.241396 -0.908874512 0.487071991 24.3455448 -1.06735229 -1.77882385 23.6796131 -1.11068726 -1.77882385 23.6796131 -1.30657959 0.487071991 23.6796131 -1.11068726 0.487071991 23.6796131 -1.30657959 0.487071991 24.5885963 -0.380493164 0.487071991 24.5885963 0.272613525 -1.77882385 24.5885963 0.272613525 -1.77882385 24.5885963 -0.380493164 0.487071991 24.5885963 0.272613525 0.487071991 24.241396 0.800994873 -1.77882385 24.241396 0.800994873 -1.77882385 24.5885963 0.272613525 0.487071991 24.241396 0.800994873 0.487071991 23.6796131 1.00280762 -1.77882385 23.6796131 1.00280762 -1.77882385 24.241396 0.800994873 0.487071991 23.6796131 -1.30657959 0.487071991 23.6796131 -1.11068726 -1.77882385 23.6796131 -1.11068726 -1.77882385 23.6796131 -1.30657959 -1.77882385 23.6796131 1.19873047 -1.77882385 23.6796131 1.00280762 0.487071991 23.6796131 1.00280762 0.487071991 23.6796131 1.19873047 -1.77882385 21.0245056 1.19873047 0.487071991 21.0245056 1.19873047 0.487071991 21.6904373 0.959503174 -1.77882385 21.6904373 0.959503174 -1.77882385 21.6904373 0.959503174 0.487071991 21.6904373 0.959503174 0.487071991 22.1020031 0.3331604 -1.77882385 22.102005 0.3331604 -1.77882385 22.102005 0.3331604 0.487071991 22.1020031 0.3331604 0.487071991 22.1020031 -0.441040039 -1.77882385 22.102005 -0.441040039 0.487071991 21.5862885 -0.908874512 0.487071991 21.9334888 -0.380493164 -1.77882385 21.9334888 -0.380493164 -1.77882385 21.5862885 -0.908874512 -1.77882385 22.102005 -0.441040039 0.487071991 22.1020031 -0.441040039 0.487071991 21.6904373 -1.06735229 -1.77882385 21.6904373 -1.06735229 -1.77882385 21.6904373 -1.06735229 0.487071991 21.6904373 -1.06735229 0.487071991 21.0245056 -1.30657959 -1.77882385 21.0245056 -1.30657959 0.487071991 21.0245056 -1.11068726 0.487071991 21.5862885 -0.908874512 -1.77882385 21.5862885 -0.908874512 -1.77882385 21.0245056 -1.11068726 -1.77882385 21.5862885 0.800994873 -1.77882385 21.0245056 1.00280762 -1.77882385 21.0245056 1.19873047 -1.77882385 21.6904373 0.959503174 0.487071991 21.0245056 1.00280762 0.487071991 21.5862885 0.800994873 0.487071991 21.6904373 0.959503174 0.487071991 21.0245056 1.19873047 -1.77882385 21.9334888 0.272613525 -1.77882385 22.102005 0.3331604 0.487071991 21.9334888 0.272613525 0.487071991 22.1020031 0.3331604 -1.77882385 21.9334888 -0.380493164 -1.77882385 22.102005 -0.441040039 0.487071991 21.9334888 -0.380493164 0.487071991 22.1020031 -0.441040039 -1.77882385 21.5862885 -0.908874512 -1.77882385 21.6904373 -1.06735229 0.487071991 21.5862885 -0.908874512 0.487071991 21.6904373 -1.06735229 -1.77882385 21.0245056 -1.11068726 -1.77882385 21.0245056 -1.30657959 0.487071991 21.0245056 -1.11068726 0.487071991 21.0245056 -1.30657959 0.487071991 21.9334888 -0.380493164 0.487071991 21.9334888 0.272613525 -1.77882385 21.9334888 0.272613525 -1.77882385 21.9334888 -0.380493164 0.487071991 21.9334888 0.272613525 0.487071991 21.5862885 0.800994873 -1.77882385 21.5862885 0.800994873 -1.77882385 21.9334888 0.272613525 0.487071991 21.5862885 0.800994873 0.487071991 21.0245056 1.00280762 -1.77882385 21.0245056 1.00280762 -1.77882385 21.5862885 0.800994873 0.487071991 21.0245056 -1.30657959 0.487071991 21.0245056 -1.11068726 -1.77882385 21.0245056 -1.11068726 -1.77882385 21.0245056 -1.30657959 -1.77882385 21.0245056 1.19873047 -1.77882385 21.0245056 1.00280762 0.487071991 21.0245056 1.00280762 0.487071991 21.0245056 1.19873047 -1.77882385 18.1639233 1.19873047 0.487071991 18.1639233 1.19873047 0.487071991 18.8298531 0.959503174 -1.77882385 18.8298531 0.959503174 -1.77882385 18.8298531 0.959503174 0.487071991 18.8298531 0.959503174 0.487071991 19.2414227 0.3331604 -1.77882385 19.2414227 0.3331604 -1.77882385 19.2414227 0.3331604 0.487071991 19.2414227 0.3331604 0.487071991 19.2414227 -0.441040039 -1.77882385 19.2414227 -0.441040039 0.487071991 18.7257061 -0.908874512 0.487071991 19.0729065 -0.380493164 -1.77882385 19.0729065 -0.380493164 -1.77882385 18.7257061 -0.908874512 -1.77882385 19.2414227 -0.441040039 0.487071991 19.2414227 -0.441040039 0.487071991 18.8298531 -1.06735229 -1.77882385 18.8298531 -1.06735229 -1.77882385 18.8298531 -1.06735229 0.487071991 18.8298531 -1.06735229 0.487071991 18.1639233 -1.30657959 -1.77882385 18.1639233 -1.30657959 0.487071991 18.1639233 -1.11068726 0.487071991 18.7257061 -0.908874512 -1.77882385 18.7257061 -0.908874512 -1.77882385 18.1639233 -1.11068726 -1.77882385 18.7257061 0.800994873 -1.77882385 18.1639233 1.00280762 -1.77882385 18.1639233 1.19873047 -1.77882385 18.8298531 0.959503174 0.487071991 18.1639233 1.00280762 0.487071991 18.7257061 0.800994873 0.487071991 18.8298531 0.959503174 0.487071991 18.1639233 1.19873047 -1.77882385 19.0729065 0.272613525 -1.77882385 19.2414227 0.3331604 0.487071991 19.0729065 0.272613525 0.487071991 19.2414227 0.3331604 -1.77882385 19.0729065 -0.380493164 -1.77882385 19.2414227 -0.441040039 0.487071991 19.0729065 -0.380493164 0.487071991 19.2414227 -0.441040039 -1.77882385 18.7257061 -0.908874512 -1.77882385 18.8298531 -1.06735229 0.487071991 18.7257061 -0.908874512 0.487071991 18.8298531 -1.06735229 -1.77882385 18.1639233 -1.11068726 -1.77882385 18.1639233 -1.30657959 0.487071991 18.1639233 -1.11068726 0.487071991 18.1639233 -1.30657959 0.487071991 19.0729065 -0.380493164 0.487071991 19.0729065 0.272613525 -1.77882385 19.0729065 0.272613525 -1.77882385 19.0729065 -0.380493164 0.487071991 19.0729065 0.272613525 0.487071991 18.7257061 0.800994873 -1.77882385 18.7257061 0.800994873 -1.77882385 19.0729065 0.272613525 0.487071991 18.7257061 0.800994873 0.487071991 18.1639233 1.00280762 -1.77882385 18.1639233 1.00280762 -1.77882385 18.7257061 0.800994873 0.487071991 18.1639233 -1.30657959 0.487071991 18.1639233 -1.11068726 -1.77882385 18.1639233 -1.11068726 -1.77882385 18.1639233 -1.30657959 -1.77882385 18.1639233 1.19873047 -1.77882385 18.1639233 1.00280762 0.487071991 18.1639233 1.00280762 0.487071991 18.1639233 1.19873047 </float_array>
          <technique_common>
            <accessor count="216" offset="0" source="#meshesQ7S-positions-array" stride="3">
              <param name="X" type="float" />
              <param name="Y" type="float" />
              <param name="Z" type="float" />
            </accessor>
          </technique_common>
        </source>
        <source id="meshesQ7S-normals" name="meshesQ7S-normals">
          <float_array id="meshesQ7S-normals-array" count="648"> 0 0.338103235 0.941109061 0 0.338103235 0.941109061 0 0.338103235 0.941109061 0 0.338103235 0.941109061 0 0.835739553 0.549126029 0 0.835739553 0.549126029 0 0.835739553 0.549126029 0 0.835739553 0.549126029 0 1 0 0 1 0 0 1 0 0 1 0 0 -0.835693717 0.549195886 0 -0.835693717 0.549195886 0 -0.835693717 0.549195886 0 -0.835693717 0.549195886 0 0.835693717 -0.549195886 0 0.835693717 -0.549195886 0 0.835693717 -0.549195886 0 0.835693717 -0.549195886 0 0.338103235 -0.941109061 0 0.338103235 -0.941109061 0 0.338103235 -0.941109061 0 0.338103235 -0.941109061 0 -0.338103235 0.941109061 0 -0.338103235 0.941109061 0 -0.338103235 0.941109061 0 -0.338103235 0.941109061 -1 0 0 -1 0 0 -1 0 0 -1 0 0 1 0 0 1 0 0 1 0 0 1 0 0 -1 0 0 -1 0 0 1 0 0 1 0 0 -1 0 0 -1 0 0 1 0 0 1 0 0 -1 0 0 -1 0 0 1 0 0 1 0 0 -1 0 0 -1 0 0 1 0 0 1 0 0 0 -1 0 0 -1 0 0 -1 0 0 -1 0 0 -0.835693717 -0.549195886 0 -0.835693717 -0.549195886 0 -0.835693717 -0.549195886 0 -0.835693717 -0.549195886 0 -0.338103235 -0.941109061 0 -0.338103235 -0.941109061 0 -0.338103235 -0.941109061 0 -0.338103235 -0.941109061 0 -1 0 0 -1 0 0 -1 0 0 -1 0 0 -1 0 0 -1 0 0 -1 0 0 -1 0 0 0.338103235 0.941109061 0 0.338103235 0.941109061 0 0.338103235 0.941109061 0 0.338103235 0.941109061 0 0.835693717 0.549195886 0 0.835693717 0.549195886 0 0.835693717 0.549195886 0 0.835693717 0.549195886 0 1 0 0 1 0 0 1 0 0 1 0 0 -0.835693717 0.549195886 0 -0.835693717 0.549195886 0 -0.835693717 0.549195886 0 -0.835693717 0.549195886 0 0.835693717 -0.549195886 0 0.835693717 -0.549195886 0 0.835693717 -0.549195886 0 0.835693717 -0.549195886 0 0.338103235 -0.941109061 0 0.338103235 -0.941109061 0 0.338103235 -0.941109061 0 0.338103235 -0.941109061 0 -0.338103235 0.941109061 0 -0.338103235 0.941109061 0 -0.338103235 0.941109061 0 -0.338103235 0.941109061 -1 0 0 -1 0 0 -1 0 0 -1 0 0 1 0 0 1 0 0 1 0 0 1 0 0 -1 0 0 -1 0 0 1 0 0 1 0 0 -1 0 0 -1 0 0 1 0 0 1 0 0 -1 0 0 -1 0 0 1 0 0 1 0 0 -1 0 0 -1 0 0 1 0 0 1 0 0 0 -1 0 0 -1 0 0 -1 0 0 -1 0 0 -0.835693717 -0.549195886 0 -0.835693717 -0.549195886 0 -0.835693717 -0.549195886 0 -0.835693717 -0.549195886 0 -0.338103235 -0.941109061 0 -0.338103235 -0.941109061 0 -0.338103235 -0.941109061 0 -0.338103235 -0.941109061 0 -1 0 0 -1 0 0 -1 0 0 -1 0 0 -1 0 0 -1 0 0 -1 0 0 -1 0 0 0.338103235 0.941109061 0 0.338103235 0.941109061 0 0.338103235 0.941109061 0 0.338103235 0.941109061 0 0.835693717 0.549195886 0 0.835693717 0.549195886 0 0.835693717 0.549195886 0 0.835693717 0.549195886 0 1 0 0 1 0 0 1 0 0 1 0 0 -0.835693717 0.549195886 0 -0.835693717 0.549195886 0 -0.835693717 0.549195886 0 -0.835693717 0.549195886 0 0.835693717 -0.549195886 0 0.835693717 -0.549195886 0 0.835693717 -0.549195886 0 0.835693717 -0.549195886 0 0.338103235 -0.941109061 0 0.338103235 -0.941109061 0 0.338103235 -0.941109061 0 0.338103235 -0.941109061 0 -0.338103235 0.941109061 0 -0.338103235 0.941109061 0 -0.338103235 0.941109061 0 -0.338103235 0.941109061 -1 0 0 -1 0 0 -1 0 0 -1 0 0 1 0 0 1 0 0 1 0 0 1 0 0 -1 0 0 -1 0 0 1 0 0 1 0 0 -1 0 0 -1 0 0 1 0 0 1 0 0 -1 0 0 -1 0 0 1 0 0 1 0 0 -1 0 0 -1 0 0 1 0 0 1 0 0 0 -1 0 0 -1 0 0 -1 0 0 -1 0 0 -0.835693717 -0.549195886 0 -0.835693717 -0.549195886 0 -0.835693717 -0.549195886 0 -0.835693717 -0.549195886 0 -0.338103235 -0.941109061 0 -0.338103235 -0.941109061 0 -0.338103235 -0.941109061 0 -0.338103235 -0.941109061 0 -1 0 0 -1 0 0 -1 0 0 -1 0 0 -1 0 0 -1 0 0 -1 0 0 -1 0 </float_array>
          <technique_common>
            <accessor count="216" offset="0" source="#meshesQ7S-normals-array" stride="3">
              <param name="X" type="float" />
              <param name="Y" type="float" />
              <param name="Z" type="float" />
            </accessor>
          </technique_common>
        </source>
        <source id="meshesQ7S-tex0" name="meshesQ7S-tex0">
          <float_array id="meshesQ7S-tex0-array" count="432"> -0.632947922 2.63919258 1.63294792 2.63919258 1.63294792 3.30512428 -0.632947922 3.30512428 -0.632947922 -0.513438106 1.63294792 -0.513438106 1.63294792 0.112904668 -0.632947922 0.112904668 -0.632947922 0.112904668 1.63294792 0.112904668 1.63294792 0.887105107 -0.632947922 0.887105107 1.63294792 1.35493946 1.63294792 0.826558232 -0.632947922 0.826558232 -0.632947922 1.35493946 -0.632947922 0.887105107 1.63294792 0.887105107 1.63294792 1.51341736 -0.632947922 1.51341736 -0.632947922 3.30512428 1.63294792 3.30512428 1.63294792 2.63919258 -0.632947922 2.63919258 1.63294792 2.63919258 1.63294792 3.20097542 -0.632947922 3.20097542 -0.632947922 2.63919258 -0.354929864 3.20097542 -0.556742549 2.63919258 -0.752665401 2.63919258 -0.513438106 3.30512428 -0.556742549 2.63919258 -0.354929864 3.20097542 -0.513438106 3.30512428 -0.752665401 2.63919258 0.173451513 3.54817581 0.112904638 3.71669006 0.173451513 3.54817581 0.112904638 3.71669006 0.826558232 3.54817581 0.887105107 3.71669006 0.826558232 3.54817581 0.887105107 3.71669006 1.35493946 3.20097542 1.51341736 3.30512428 1.35493946 3.20097542 1.51341736 3.30512428 1.55675232 2.63919258 1.75264466 2.63919258 1.55675232 2.63919258 1.75264466 2.63919258 1.63294792 0.826558232 1.63294792 0.173451543 -0.632947922 0.173451543 -0.632947922 0.826558232 1.63294792 0.173451543 1.63294792 -0.354929924 -0.632947922 -0.354929924 -0.632947922 0.173451543 1.63294792 3.20097542 1.63294792 2.63919258 -0.632947922 2.63919258 -0.632947922 3.20097542 1.63294792 1.75264466 1.63294792 1.55675232 -0.632947922 1.55675232 -0.632947922 1.75264466 -0.632947922 -0.752665401 -0.632947922 -0.556742549 1.63294792 -0.556742549 1.63294792 -0.752665401 -0.632947922 -0.015914917 1.63294792 -0.015914917 1.63294792 0.650016785 -0.632947922 0.650016785 -0.632947922 -0.513438106 1.63294792 -0.513438106 1.63294792 0.112904668 -0.632947922 0.112904668 -0.632947922 0.112904668 1.63294792 0.112904668 1.63294792 0.887105107 -0.632947922 0.887105107 1.63294792 1.35493946 1.63294792 0.826558232 -0.632947922 0.826558232 -0.632947922 1.35493946 -0.632947922 0.887105107 1.63294792 0.887105107 1.63294792 1.51341736 -0.632947922 1.51341736 -0.632947922 0.650016785 1.63294792 0.650016785 1.63294792 -0.015914917 -0.632947922 -0.015914917 1.63294792 -0.015914917 1.63294792 0.54586792 -0.632947922 0.54586792 -0.632947922 -0.015914917 -0.354929864 0.54586792 -0.556742549 -0.015914917 -0.752665401 -0.015914917 -0.513438106 0.650016785 -0.556742549 -0.015914917 -0.354929864 0.54586792 -0.513438106 0.650016785 -0.752665401 -0.015914917 0.173451513 0.893068314 0.112904638 1.06158447 0.173451513 0.893068314 0.112904638 1.06158257 0.826558232 0.893068314 0.887105107 1.06158447 0.826558232 0.893068314 0.887105107 1.06158257 1.35493946 0.54586792 1.51341736 0.650016785 1.35493946 0.54586792 1.51341736 0.650016785 1.55675232 -0.015914917 1.75264466 -0.015914917 1.55675232 -0.015914917 1.75264466 -0.015914917 1.63294792 0.826558232 1.63294792 0.173451543 -0.632947922 0.173451543 -0.632947922 0.826558232 1.63294792 0.173451543 1.63294792 -0.354929924 -0.632947922 -0.354929924 -0.632947922 0.173451543 1.63294792 0.54586792 1.63294792 -0.015914917 -0.632947922 -0.015914917 -0.632947922 0.54586792 1.63294792 1.75264466 1.63294792 1.55675232 -0.632947922 1.55675232 -0.632947922 1.75264466 -0.632947922 -0.752665401 -0.632947922 -0.556742549 1.63294792 -0.556742549 1.63294792 -0.752665401 -0.632947922 -2.87649727 1.63294792 -2.87649727 1.63294792 -2.21056747 -0.632947922 -2.21056747 -0.632947922 -0.513438106 1.63294792 -0.513438106 1.63294792 0.112904668 -0.632947922 0.112904668 -0.632947922 0.112904668 1.63294792 0.112904668 1.63294792 0.887105107 -0.632947922 0.887105107 1.63294792 1.35493946 1.63294792 0.826558232 -0.632947922 0.826558232 -0.632947922 1.35493946 -0.632947922 0.887105107 1.63294792 0.887105107 1.63294792 1.51341736 -0.632947922 1.51341736 -0.632947922 -2.21056747 1.63294792 -2.21056747 1.63294792 -2.87649727 -0.632947922 -2.87649727 1.63294792 -2.87649727 1.63294792 -2.31471443 -0.632947922 -2.31471443 -0.632947922 -2.87649727 -0.354929864 -2.31471443 -0.556742549 -2.87649727 -0.752665401 -2.87649727 -0.513438106 -2.21056747 -0.556742549 -2.87649727 -0.354929864 -2.31471443 -0.513438106 -2.21056747 -0.752665401 -2.87649727 0.173451513 -1.96751404 0.112904638 -1.79899788 0.173451513 -1.96751404 0.112904638 -1.79899788 0.826558232 -1.96751404 0.887105107 -1.79899788 0.826558232 -1.96751404 0.887105107 -1.79899788 1.35493946 -2.31471443 1.51341736 -2.21056747 1.35493946 -2.31471443 1.51341736 -2.21056747 1.55675232 -2.87649727 1.75264466 -2.87649727 1.55675232 -2.87649727 1.75264466 -2.87649727 1.63294792 0.826558232 1.63294792 0.173451543 -0.632947922 0.173451543 -0.632947922 0.826558232 1.63294792 0.173451543 1.63294792 -0.354929924 -0.632947922 -0.354929924 -0.632947922 0.173451543 1.63294792 -2.31471443 1.63294792 -2.87649727 -0.632947922 -2.87649727 -0.632947922 -2.31471443 1.63294792 1.75264466 1.63294792 1.55675232 -0.632947922 1.55675232 -0.632947922 1.75264466 -0.632947922 -0.752665401 -0.632947922 -0.556742549 1.63294792 -0.556742549 1.63294792 -0.752665401 </float_array>
          <technique_common>
            <accessor count="216" offset="0" source="#meshesQ7S-tex0-array" stride="2">
              <param name="S" type="float" />
              <param name="T" type="float" />
            </accessor>
          </technique_common>
        </source>
        <source id="meshesQ7S-tex1" name="meshesQ7S-tex1">
          <float_array id="meshesQ7S-tex1-array" count="432"> 0.499999911 0.5 0.499999911 1 0.399999917 1 0.399999917 0.5 0.399999917 0.5 0.399999917 1 0.299999923 1 0.299999923 0.5 0.299999923 0.5 0.299999923 1 0.199999928 1 0.199999928 0.5 0.130993888 0.413797736 0.0574440844 0.312565148 0.557444096 0.312565207 0.630993843 0.413797796 0.199999928 0.5 0.199999928 1 0.099999927 1 0.099999927 0.5 0.099999927 0.5 0.099999927 1 -7.4505806e-08 1 -7.4505806e-08 0.5 0.249999955 0.452465177 0.130993888 0.413797736 0.630993843 0.413797796 0.749999821 0.452465177 0.630993903 0.0862021446 0.75 0.0475347638 0.75 0.00999999046 0.608931541 0.0558359027 0.24999997 0.0475347638 0.130993903 0.0862021446 0.108931541 0.0558359027 0.25 0.00999999046 0.557444096 0.187434793 0.521746457 0.175835907 0.0574440919 0.187434793 0.0217464417 0.175835907 0.557444096 0.312565207 0.521746457 0.324164093 0.0574440844 0.312565148 0.0217464417 0.324164093 0.630993843 0.413797796 0.608931541 0.444164097 0.130993888 0.413797736 0.108931541 0.444164097 0.749999821 0.452465177 0.75 0.49000001 0.249999955 0.452465177 0.25 0.49000001 0.0574440844 0.312565148 0.0574440919 0.187434793 0.557444096 0.187434793 0.557444096 0.312565207 0.0574440919 0.187434793 0.130993903 0.0862021446 0.630993903 0.0862021446 0.557444096 0.187434793 0.130993903 0.0862021446 0.24999997 0.0475347638 0.75 0.0475347638 0.630993903 0.0862021446 0.25 0.49000001 0.249999955 0.452465177 0.749999821 0.452465177 0.75 0.49000001 0.75 0.00999999046 0.75 0.0475347638 0.24999997 0.0475347638 0.25 0.00999999046 0.499999911 0.5 0.499999911 1 0.399999917 1 0.399999917 0.5 0.399999917 0.5 0.399999917 1 0.299999923 1 0.299999923 0.5 0.299999923 0.5 0.299999923 1 0.199999928 1 0.199999928 0.5 0.130993888 0.413797736 0.0574440844 0.312565148 0.557444096 0.312565207 0.630993843 0.413797796 0.199999928 0.5 0.199999928 1 0.099999927 1 0.099999927 0.5 0.099999927 0.5 0.099999927 1 -7.4505806e-08 1 -7.4505806e-08 0.5 0.249999955 0.452465177 0.130993888 0.413797736 0.630993843 0.413797796 0.749999821 0.452465177 0.630993903 0.0862021446 0.75 0.0475347638 0.75 0.00999999046 0.608931541 0.0558359027 0.24999997 0.0475347638 0.130993903 0.0862021446 0.108931541 0.0558359027 0.25 0.00999999046 0.557444096 0.187434793 0.521746457 0.175835907 0.0574440919 0.187434793 0.0217464417 0.175835907 0.557444096 0.312565207 0.521746457 0.324164093 0.0574440844 0.312565148 0.0217464417 0.324164093 0.630993843 0.413797796 0.608931541 0.444164097 0.130993888 0.413797736 0.108931541 0.444164097 0.749999821 0.452465177 0.75 0.49000001 0.249999955 0.452465177 0.25 0.49000001 0.0574440844 0.312565148 0.0574440919 0.187434793 0.557444096 0.187434793 0.557444096 0.312565207 0.0574440919 0.187434793 0.130993903 0.0862021446 0.630993903 0.0862021446 0.557444096 0.187434793 0.130993903 0.0862021446 0.24999997 0.0475347638 0.75 0.0475347638 0.630993903 0.0862021446 0.25 0.49000001 0.249999955 0.452465177 0.749999821 0.452465177 0.75 0.49000001 0.75 0.00999999046 0.75 0.0475347638 0.24999997 0.0475347638 0.25 0.00999999046 0.499999911 0.5 0.499999911 1 0.399999917 1 0.399999917 0.5 0.399999917 0.5 0.399999917 1 0.299999923 1 0.299999923 0.5 0.299999923 0.5 0.299999923 1 0.199999928 1 0.199999928 0.5 0.130993888 0.413797736 0.0574440844 0.312565148 0.557444096 0.312565207 0.630993843 0.413797796 0.199999928 0.5 0.199999928 1 0.099999927 1 0.099999927 0.5 0.099999927 0.5 0.099999927 1 -7.4505806e-08 1 -7.4505806e-08 0.5 0.249999955 0.452465177 0.130993888 0.413797736 0.630993843 0.413797796 0.749999821 0.452465177 0.630993903 0.0862021446 0.75 0.0475347638 0.75 0.00999999046 0.608931541 0.0558359027 0.24999997 0.0475347638 0.130993903 0.0862021446 0.108931541 0.0558359027 0.25 0.00999999046 0.557444096 0.187434793 0.521746457 0.175835907 0.0574440919 0.187434793 0.0217464417 0.175835907 0.557444096 0.312565207 0.521746457 0.324164093 0.0574440844 0.312565148 0.0217464417 0.324164093 0.630993843 0.413797796 0.608931541 0.444164097 0.130993888 0.413797736 0.108931541 0.444164097 0.749999821 0.452465177 0.75 0.49000001 0.249999955 0.452465177 0.25 0.49000001 0.0574440844 0.312565148 0.0574440919 0.187434793 0.557444096 0.187434793 0.557444096 0.312565207 0.0574440919 0.187434793 0.130993903 0.0862021446 0.630993903 0.0862021446 0.557444096 0.187434793 0.130993903 0.0862021446 0.24999997 0.0475347638 0.75 0.0475347638 0.630993903 0.0862021446 0.25 0.49000001 0.249999955 0.452465177 0.749999821 0.452465177 0.75 0.49000001 0.75 0.00999999046 0.75 0.0475347638 0.24999997 0.0475347638 0.25 0.00999999046 </float_array>
          <technique_common>
            <accessor count="216" offset="0" source="#meshesQ7S-tex1-array" stride="2">
              <param name="S" type="float" />
              <param name="T" type="float" />
            </accessor>
          </technique_common>
        </source>
        <source id="meshesQ7S-tex2" name="meshesQ7S-tex2">
          <float_array id="meshesQ7S-tex2-array" count="432"> -0.632947922 2.63919258 1.63294792 2.63919258 1.63294792 3.30512428 -0.632947922 3.30512428 -0.632947922 -0.513438106 1.63294792 -0.513438106 1.63294792 0.112904668 -0.632947922 0.112904668 -0.632947922 0.112904668 1.63294792 0.112904668 1.63294792 0.887105107 -0.632947922 0.887105107 1.63294792 1.35493946 1.63294792 0.826558232 -0.632947922 0.826558232 -0.632947922 1.35493946 -0.632947922 0.887105107 1.63294792 0.887105107 1.63294792 1.51341736 -0.632947922 1.51341736 -0.632947922 3.30512428 1.63294792 3.30512428 1.63294792 2.63919258 -0.632947922 2.63919258 1.63294792 2.63919258 1.63294792 3.20097542 -0.632947922 3.20097542 -0.632947922 2.63919258 -0.354929864 3.20097542 -0.556742549 2.63919258 -0.752665401 2.63919258 -0.513438106 3.30512428 -0.556742549 2.63919258 -0.354929864 3.20097542 -0.513438106 3.30512428 -0.752665401 2.63919258 0.173451513 3.54817581 0.112904638 3.71669006 0.173451513 3.54817581 0.112904638 3.71669006 0.826558232 3.54817581 0.887105107 3.71669006 0.826558232 3.54817581 0.887105107 3.71669006 1.35493946 3.20097542 1.51341736 3.30512428 1.35493946 3.20097542 1.51341736 3.30512428 1.55675232 2.63919258 1.75264466 2.63919258 1.55675232 2.63919258 1.75264466 2.63919258 1.63294792 0.826558232 1.63294792 0.173451543 -0.632947922 0.173451543 -0.632947922 0.826558232 1.63294792 0.173451543 1.63294792 -0.354929924 -0.632947922 -0.354929924 -0.632947922 0.173451543 1.63294792 3.20097542 1.63294792 2.63919258 -0.632947922 2.63919258 -0.632947922 3.20097542 1.63294792 1.75264466 1.63294792 1.55675232 -0.632947922 1.55675232 -0.632947922 1.75264466 -0.632947922 -0.752665401 -0.632947922 -0.556742549 1.63294792 -0.556742549 1.63294792 -0.752665401 -0.632947922 -0.015914917 1.63294792 -0.015914917 1.63294792 0.650016785 -0.632947922 0.650016785 -0.632947922 -0.513438106 1.63294792 -0.513438106 1.63294792 0.112904668 -0.632947922 0.112904668 -0.632947922 0.112904668 1.63294792 0.112904668 1.63294792 0.887105107 -0.632947922 0.887105107 1.63294792 1.35493946 1.63294792 0.826558232 -0.632947922 0.826558232 -0.632947922 1.35493946 -0.632947922 0.887105107 1.63294792 0.887105107 1.63294792 1.51341736 -0.632947922 1.51341736 -0.632947922 0.650016785 1.63294792 0.650016785 1.63294792 -0.015914917 -0.632947922 -0.015914917 1.63294792 -0.015914917 1.63294792 0.54586792 -0.632947922 0.54586792 -0.632947922 -0.015914917 -0.354929864 0.54586792 -0.556742549 -0.015914917 -0.752665401 -0.015914917 -0.513438106 0.650016785 -0.556742549 -0.015914917 -0.354929864 0.54586792 -0.513438106 0.650016785 -0.752665401 -0.015914917 0.173451513 0.893068314 0.112904638 1.06158447 0.173451513 0.893068314 0.112904638 1.06158257 0.826558232 0.893068314 0.887105107 1.06158447 0.826558232 0.893068314 0.887105107 1.06158257 1.35493946 0.54586792 1.51341736 0.650016785 1.35493946 0.54586792 1.51341736 0.650016785 1.55675232 -0.015914917 1.75264466 -0.015914917 1.55675232 -0.015914917 1.75264466 -0.015914917 1.63294792 0.826558232 1.63294792 0.173451543 -0.632947922 0.173451543 -0.632947922 0.826558232 1.63294792 0.173451543 1.63294792 -0.354929924 -0.632947922 -0.354929924 -0.632947922 0.173451543 1.63294792 0.54586792 1.63294792 -0.015914917 -0.632947922 -0.015914917 -0.632947922 0.54586792 1.63294792 1.75264466 1.63294792 1.55675232 -0.632947922 1.55675232 -0.632947922 1.75264466 -0.632947922 -0.752665401 -0.632947922 -0.556742549 1.63294792 -0.556742549 1.63294792 -0.752665401 -0.632947922 -2.87649727 1.63294792 -2.87649727 1.63294792 -2.21056747 -0.632947922 -2.21056747 -0.632947922 -0.513438106 1.63294792 -0.513438106 1.63294792 0.112904668 -0.632947922 0.112904668 -0.632947922 0.112904668 1.63294792 0.112904668 1.63294792 0.887105107 -0.632947922 0.887105107 1.63294792 1.35493946 1.63294792 0.826558232 -0.632947922 0.826558232 -0.632947922 1.35493946 -0.632947922 0.887105107 1.63294792 0.887105107 1.63294792 1.51341736 -0.632947922 1.51341736 -0.632947922 -2.21056747 1.63294792 -2.21056747 1.63294792 -2.87649727 -0.632947922 -2.87649727 1.63294792 -2.87649727 1.63294792 -2.31471443 -0.632947922 -2.31471443 -0.632947922 -2.87649727 -0.354929864 -2.31471443 -0.556742549 -2.87649727 -0.752665401 -2.87649727 -0.513438106 -2.21056747 -0.556742549 -2.87649727 -0.354929864 -2.31471443 -0.513438106 -2.21056747 -0.752665401 -2.87649727 0.173451513 -1.96751404 0.112904638 -1.79899788 0.173451513 -1.96751404 0.112904638 -1.79899788 0.826558232 -1.96751404 0.887105107 -1.79899788 0.826558232 -1.96751404 0.887105107 -1.79899788 1.35493946 -2.31471443 1.51341736 -2.21056747 1.35493946 -2.31471443 1.51341736 -2.21056747 1.55675232 -2.87649727 1.75264466 -2.87649727 1.55675232 -2.87649727 1.75264466 -2.87649727 1.63294792 0.826558232 1.63294792 0.173451543 -0.632947922 0.173451543 -0.632947922 0.826558232 1.63294792 0.173451543 1.63294792 -0.354929924 -0.632947922 -0.354929924 -0.632947922 0.173451543 1.63294792 -2.31471443 1.63294792 -2.87649727 -0.632947922 -2.87649727 -0.632947922 -2.31471443 1.63294792 1.75264466 1.63294792 1.55675232 -0.632947922 1.55675232 -0.632947922 1.75264466 -0.632947922 -0.752665401 -0.632947922 -0.556742549 1.63294792 -0.556742549 1.63294792 -0.752665401 </float_array>
          <technique_common>
            <accessor count="216" offset="0" source="#meshesQ7S-tex2-array" stride="2">
              <param name="S" type="float" />
              <param name="T" type="float" />
            </accessor>
          </technique_common>
        </source>
        <source id="meshesQ7S-tex3" name="meshesQ7S-tex3">
          <float_array id="meshesQ7S-tex3-array" count="432"> -0.632947922 2.63919258 1.63294792 2.63919258 1.63294792 3.30512428 -0.632947922 3.30512428 -0.632947922 -0.513438106 1.63294792 -0.513438106 1.63294792 0.112904668 -0.632947922 0.112904668 -0.632947922 0.112904668 1.63294792 0.112904668 1.63294792 0.887105107 -0.632947922 0.887105107 1.63294792 1.35493946 1.63294792 0.826558232 -0.632947922 0.826558232 -0.632947922 1.35493946 -0.632947922 0.887105107 1.63294792 0.887105107 1.63294792 1.51341736 -0.632947922 1.51341736 -0.632947922 3.30512428 1.63294792 3.30512428 1.63294792 2.63919258 -0.632947922 2.63919258 1.63294792 2.63919258 1.63294792 3.20097542 -0.632947922 3.20097542 -0.632947922 2.63919258 -0.354929864 3.20097542 -0.556742549 2.63919258 -0.752665401 2.63919258 -0.513438106 3.30512428 -0.556742549 2.63919258 -0.354929864 3.20097542 -0.513438106 3.30512428 -0.752665401 2.63919258 0.173451513 3.54817581 0.112904638 3.71669006 0.173451513 3.54817581 0.112904638 3.71669006 0.826558232 3.54817581 0.887105107 3.71669006 0.826558232 3.54817581 0.887105107 3.71669006 1.35493946 3.20097542 1.51341736 3.30512428 1.35493946 3.20097542 1.51341736 3.30512428 1.55675232 2.63919258 1.75264466 2.63919258 1.55675232 2.63919258 1.75264466 2.63919258 1.63294792 0.826558232 1.63294792 0.173451543 -0.632947922 0.173451543 -0.632947922 0.826558232 1.63294792 0.173451543 1.63294792 -0.354929924 -0.632947922 -0.354929924 -0.632947922 0.173451543 1.63294792 3.20097542 1.63294792 2.63919258 -0.632947922 2.63919258 -0.632947922 3.20097542 1.63294792 1.75264466 1.63294792 1.55675232 -0.632947922 1.55675232 -0.632947922 1.75264466 -0.632947922 -0.752665401 -0.632947922 -0.556742549 1.63294792 -0.556742549 1.63294792 -0.752665401 -0.632947922 -0.015914917 1.63294792 -0.015914917 1.63294792 0.650016785 -0.632947922 0.650016785 -0.632947922 -0.513438106 1.63294792 -0.513438106 1.63294792 0.112904668 -0.632947922 0.112904668 -0.632947922 0.112904668 1.63294792 0.112904668 1.63294792 0.887105107 -0.632947922 0.887105107 1.63294792 1.35493946 1.63294792 0.826558232 -0.632947922 0.826558232 -0.632947922 1.35493946 -0.632947922 0.887105107 1.63294792 0.887105107 1.63294792 1.51341736 -0.632947922 1.51341736 -0.632947922 0.650016785 1.63294792 0.650016785 1.63294792 -0.015914917 -0.632947922 -0.015914917 1.63294792 -0.015914917 1.63294792 0.54586792 -0.632947922 0.54586792 -0.632947922 -0.015914917 -0.354929864 0.54586792 -0.556742549 -0.015914917 -0.752665401 -0.015914917 -0.513438106 0.650016785 -0.556742549 -0.015914917 -0.354929864 0.54586792 -0.513438106 0.650016785 -0.752665401 -0.015914917 0.173451513 0.893068314 0.112904638 1.06158447 0.173451513 0.893068314 0.112904638 1.06158257 0.826558232 0.893068314 0.887105107 1.06158447 0.826558232 0.893068314 0.887105107 1.06158257 1.35493946 0.54586792 1.51341736 0.650016785 1.35493946 0.54586792 1.51341736 0.650016785 1.55675232 -0.015914917 1.75264466 -0.015914917 1.55675232 -0.015914917 1.75264466 -0.015914917 1.63294792 0.826558232 1.63294792 0.173451543 -0.632947922 0.173451543 -0.632947922 0.826558232 1.63294792 0.173451543 1.63294792 -0.354929924 -0.632947922 -0.354929924 -0.632947922 0.173451543 1.63294792 0.54586792 1.63294792 -0.015914917 -0.632947922 -0.015914917 -0.632947922 0.54586792 1.63294792 1.75264466 1.63294792 1.55675232 -0.632947922 1.55675232 -0.632947922 1.75264466 -0.632947922 -0.752665401 -0.632947922 -0.556742549 1.63294792 -0.556742549 1.63294792 -0.752665401 -0.632947922 -2.87649727 1.63294792 -2.87649727 1.63294792 -2.21056747 -0.632947922 -2.21056747 -0.632947922 -0.513438106 1.63294792 -0.513438106 1.63294792 0.112904668 -0.632947922 0.112904668 -0.632947922 0.112904668 1.63294792 0.112904668 1.63294792 0.887105107 -0.632947922 0.887105107 1.63294792 1.35493946 1.63294792 0.826558232 -0.632947922 0.826558232 -0.632947922 1.35493946 -0.632947922 0.887105107 1.63294792 0.887105107 1.63294792 1.51341736 -0.632947922 1.51341736 -0.632947922 -2.21056747 1.63294792 -2.21056747 1.63294792 -2.87649727 -0.632947922 -2.87649727 1.63294792 -2.87649727 1.63294792 -2.31471443 -0.632947922 -2.31471443 -0.632947922 -2.87649727 -0.354929864 -2.31471443 -0.556742549 -2.87649727 -0.752665401 -2.87649727 -0.513438106 -2.21056747 -0.556742549 -2.87649727 -0.354929864 -2.31471443 -0.513438106 -2.21056747 -0.752665401 -2.87649727 0.173451513 -1.96751404 0.112904638 -1.79899788 0.173451513 -1.96751404 0.112904638 -1.79899788 0.826558232 -1.96751404 0.887105107 -1.79899788 0.826558232 -1.96751404 0.887105107 -1.79899788 1.35493946 -2.31471443 1.51341736 -2.21056747 1.35493946 -2.31471443 1.51341736 -2.21056747 1.55675232 -2.87649727 1.75264466 -2.87649727 1.55675232 -2.87649727 1.75264466 -2.87649727 1.63294792 0.826558232 1.63294792 0.173451543 -0.632947922 0.173451543 -0.632947922 0.826558232 1.63294792 0.173451543 1.63294792 -0.354929924 -0.632947922 -0.354929924 -0.632947922 0.173451543 1.63294792 -2.31471443 1.63294792 -2.87649727 -0.632947922 -2.87649727 -0.632947922 -2.31471443 1.63294792 1.75264466 1.63294792 1.55675232 -0.632947922 1.55675232 -0.632947922 1.75264466 -0.632947922 -0.752665401 -0.632947922 -0.556742549 1.63294792 -0.556742549 1.63294792 -0.752665401 </float_array>
          <technique_common>
            <accessor count="216" offset="0" source="#meshesQ7S-tex3-array" stride="2">
              <param name="S" type="float" />
              <param name="T" type="float" />
            </accessor>
          </technique_common>
        </source>
        <source id="meshesQ7S-tex4" name="meshesQ7S-tex4">
          <float_array id="meshesQ7S-tex4-array" count="432"> -0.632947922 2.63919258 1.63294792 2.63919258 1.63294792 3.30512428 -0.632947922 3.30512428 -0.632947922 -0.513438106 1.63294792 -0.513438106 1.63294792 0.112904668 -0.632947922 0.112904668 -0.632947922 0.112904668 1.63294792 0.112904668 1.63294792 0.887105107 -0.632947922 0.887105107 1.63294792 1.35493946 1.63294792 0.826558232 -0.632947922 0.826558232 -0.632947922 1.35493946 -0.632947922 0.887105107 1.63294792 0.887105107 1.63294792 1.51341736 -0.632947922 1.51341736 -0.632947922 3.30512428 1.63294792 3.30512428 1.63294792 2.63919258 -0.632947922 2.63919258 1.63294792 2.63919258 1.63294792 3.20097542 -0.632947922 3.20097542 -0.632947922 2.63919258 -0.354929864 3.20097542 -0.556742549 2.63919258 -0.752665401 2.63919258 -0.513438106 3.30512428 -0.556742549 2.63919258 -0.354929864 3.20097542 -0.513438106 3.30512428 -0.752665401 2.63919258 0.173451513 3.54817581 0.112904638 3.71669006 0.173451513 3.54817581 0.112904638 3.71669006 0.826558232 3.54817581 0.887105107 3.71669006 0.826558232 3.54817581 0.887105107 3.71669006 1.35493946 3.20097542 1.51341736 3.30512428 1.35493946 3.20097542 1.51341736 3.30512428 1.55675232 2.63919258 1.75264466 2.63919258 1.55675232 2.63919258 1.75264466 2.63919258 1.63294792 0.826558232 1.63294792 0.173451543 -0.632947922 0.173451543 -0.632947922 0.826558232 1.63294792 0.173451543 1.63294792 -0.354929924 -0.632947922 -0.354929924 -0.632947922 0.173451543 1.63294792 3.20097542 1.63294792 2.63919258 -0.632947922 2.63919258 -0.632947922 3.20097542 1.63294792 1.75264466 1.63294792 1.55675232 -0.632947922 1.55675232 -0.632947922 1.75264466 -0.632947922 -0.752665401 -0.632947922 -0.556742549 1.63294792 -0.556742549 1.63294792 -0.752665401 -0.632947922 -0.015914917 1.63294792 -0.015914917 1.63294792 0.650016785 -0.632947922 0.650016785 -0.632947922 -0.513438106 1.63294792 -0.513438106 1.63294792 0.112904668 -0.632947922 0.112904668 -0.632947922 0.112904668 1.63294792 0.112904668 1.63294792 0.887105107 -0.632947922 0.887105107 1.63294792 1.35493946 1.63294792 0.826558232 -0.632947922 0.826558232 -0.632947922 1.35493946 -0.632947922 0.887105107 1.63294792 0.887105107 1.63294792 1.51341736 -0.632947922 1.51341736 -0.632947922 0.650016785 1.63294792 0.650016785 1.63294792 -0.015914917 -0.632947922 -0.015914917 1.63294792 -0.015914917 1.63294792 0.54586792 -0.632947922 0.54586792 -0.632947922 -0.015914917 -0.354929864 0.54586792 -0.556742549 -0.015914917 -0.752665401 -0.015914917 -0.513438106 0.650016785 -0.556742549 -0.015914917 -0.354929864 0.54586792 -0.513438106 0.650016785 -0.752665401 -0.015914917 0.173451513 0.893068314 0.112904638 1.06158447 0.173451513 0.893068314 0.112904638 1.06158257 0.826558232 0.893068314 0.887105107 1.06158447 0.826558232 0.893068314 0.887105107 1.06158257 1.35493946 0.54586792 1.51341736 0.650016785 1.35493946 0.54586792 1.51341736 0.650016785 1.55675232 -0.015914917 1.75264466 -0.015914917 1.55675232 -0.015914917 1.75264466 -0.015914917 1.63294792 0.826558232 1.63294792 0.173451543 -0.632947922 0.173451543 -0.632947922 0.826558232 1.63294792 0.173451543 1.63294792 -0.354929924 -0.632947922 -0.354929924 -0.632947922 0.173451543 1.63294792 0.54586792 1.63294792 -0.015914917 -0.632947922 -0.015914917 -0.632947922 0.54586792 1.63294792 1.75264466 1.63294792 1.55675232 -0.632947922 1.55675232 -0.632947922 1.75264466 -0.632947922 -0.752665401 -0.632947922 -0.556742549 1.63294792 -0.556742549 1.63294792 -0.752665401 -0.632947922 -2.87649727 1.63294792 -2.87649727 1.63294792 -2.21056747 -0.632947922 -2.21056747 -0.632947922 -0.513438106 1.63294792 -0.513438106 1.63294792 0.112904668 -0.632947922 0.112904668 -0.632947922 0.112904668 1.63294792 0.112904668 1.63294792 0.887105107 -0.632947922 0.887105107 1.63294792 1.35493946 1.63294792 0.826558232 -0.632947922 0.826558232 -0.632947922 1.35493946 -0.632947922 0.887105107 1.63294792 0.887105107 1.63294792 1.51341736 -0.632947922 1.51341736 -0.632947922 -2.21056747 1.63294792 -2.21056747 1.63294792 -2.87649727 -0.632947922 -2.87649727 1.63294792 -2.87649727 1.63294792 -2.31471443 -0.632947922 -2.31471443 -0.632947922 -2.87649727 -0.354929864 -2.31471443 -0.556742549 -2.87649727 -0.752665401 -2.87649727 -0.513438106 -2.21056747 -0.556742549 -2.87649727 -0.354929864 -2.31471443 -0.513438106 -2.21056747 -0.752665401 -2.87649727 0.173451513 -1.96751404 0.112904638 -1.79899788 0.173451513 -1.96751404 0.112904638 -1.79899788 0.826558232 -1.96751404 0.887105107 -1.79899788 0.826558232 -1.96751404 0.887105107 -1.79899788 1.35493946 -2.31471443 1.51341736 -2.21056747 1.35493946 -2.31471443 1.51341736 -2.21056747 1.55675232 -2.87649727 1.75264466 -2.87649727 1.55675232 -2.87649727 1.75264466 -2.87649727 1.63294792 0.826558232 1.63294792 0.173451543 -0.632947922 0.173451543 -0.632947922 0.826558232 1.63294792 0.173451543 1.63294792 -0.354929924 -0.632947922 -0.354929924 -0.632947922 0.173451543 1.63294792 -2.31471443 1.63294792 -2.87649727 -0.632947922 -2.87649727 -0.632947922 -2.31471443 1.63294792 1.75264466 1.63294792 1.55675232 -0.632947922 1.55675232 -0.632947922 1.75264466 -0.632947922 -0.752665401 -0.632947922 -0.556742549 1.63294792 -0.556742549 1.63294792 -0.752665401 </float_array>
          <technique_common>
            <accessor count="216" offset="0" source="#meshesQ7S-tex4-array" stride="2">
              <param name="S" type="float" />
              <param name="T" type="float" />
            </accessor>
          </technique_common>
        </source>
        <vertices id="meshesQ7S-vertices">
          <input semantic="POSITION" source="#meshesQ7S-positions" />
        </vertices>
        <polylist count="132" material="defaultMaterial">
          <input offset="0" semantic="VERTEX" source="#meshesQ7S-vertices" />
          <input offset="0" semantic="NORMAL" source="#meshesQ7S-normals" />
          <input offset="0" semantic="TEXCOORD" source="#meshesQ7S-tex0" set="0" />
          <input offset="0" semantic="TEXCOORD" source="#meshesQ7S-tex1" set="1" />
          <input offset="0" semantic="TEXCOORD" source="#meshesQ7S-tex2" set="2" />
          <input offset="0" semantic="TEXCOORD" source="#meshesQ7S-tex3" set="3" />
          <input offset="0" semantic="TEXCOORD" source="#meshesQ7S-tex4" set="4" />
          <vcount>3 3 3 3 3 3 3 3 3 3 3 3 3 3 3 3 3 3 3 3 3 3 3 3 3 3 3 3 3 3 3 3 3 3 3 3 3 3 3 3 3 3 3 3 3 3 3 3 3 3 3 3 3 3 3 3 3 3 3 3 3 3 3 3 3 3 3 3 3 3 3 3 3 3 3 3 3 3 3 3 3 3 3 3 3 3 3 3 3 3 3 3 3 3 3 3 3 3 3 3 3 3 3 3 3 3 3 3 3 3 3 3 3 3 3 3 3 3 3 3 3 3 3 3 3 3 3 3 3 3 3 3 </vcount>
          <p>0 1 2 0 2 3 4 5 6 4 6 7 8 9 10 8 10 11 12 13 14 12 14 15 16 17 18 16 18 19 20 21 22 20 22 23 24 25 26 24 26 27 28 29 30 28 30 31 32 33 34 32 34 35 36 28 31 36 31 37 33 38 39 33 39 34 40 36 37 40 37 41 38 42 43 38 43 39 44 40 41 44 41 45 42 46 47 42 47 43 48 44 45 48 45 49 46 50 51 46 51 47 52 53 54 52 54 55 56 57 58 56 58 59 60 61 62 60 62 63 64 65 66 64 66 67 68 69 70 68 70 71 72 73 74 72 74 75 76 77 78 76 78 79 80 81 82 80 82 83 84 85 86 84 86 87 88 89 90 88 90 91 92 93 94 92 94 95 96 97 98 96 98 99 100 101 102 100 102 103 104 105 106 104 106 107 108 100 103 108 103 109 105 110 111 105 111 106 112 108 109 112 109 113 110 114 115 110 115 111 116 112 113 116 113 117 114 118 119 114 119 115 120 116 117 120 117 121 118 122 123 118 123 119 124 125 126 124 126 127 128 129 130 128 130 131 132 133 134 132 134 135 136 137 138 136 138 139 140 141 142 140 142 143 144 145 146 144 146 147 148 149 150 148 150 151 152 153 154 152 154 155 156 157 158 156 158 159 160 161 162 160 162 163 164 165 166 164 166 167 168 169 170 168 170 171 172 173 174 172 174 175 176 177 178 176 178 179 180 172 175 180 175 181 177 182 183 177 183 178 184 180 181 184 181 185 182 186 187 182 187 183 188 184 185 188 185 189 186 190 191 186 191 187 192 188 189 192 189 193 190 194 195 190 195 191 196 197 198 196 198 199 200 201 202 200 202 203 204 205 206 204 206 207 208 209 210 208 210 211 212 213 214 212 214 215 </p>
        </polylist>
      </mesh>
    </geometry>
    <geometry id="meshesQ8S" name="meshes[8]" >
      <mesh>
        <source id="meshesQ8S-positions" name="meshesQ8S-positions">
          <float_array id="meshesQ8S-positions-array" count="198"> -1.19016647 23.5431461 -1.06521606 0.832420349 23.5431461 -1.06521606 0.832420349 22.9964008 -0.904693604 -1.19016647 22.9964008 -0.904693604 -1.19016647 22.9964008 -0.904693604 0.832420349 22.9964008 -0.904693604 0.832420349 22.6232414 -0.474029541 -1.19016647 22.6232414 -0.474029541 -1.19016647 22.6232414 -0.474029541 0.832420349 22.6232414 -0.474029541 0.832420349 22.5421467 0.0899963379 -1.19016647 22.5421467 0.0899963379 -1.19016647 22.5421467 0.0899963379 0.832420349 22.5421467 0.0899963379 0.832420349 22.778862 0.608337402 -1.19016647 22.778862 0.608337402 -1.19016647 22.778862 0.608337402 0.832420349 22.778862 0.608337402 0.832420349 23.2582321 0.916381836 -1.19016647 23.2582321 0.916381836 -1.19016647 23.2582321 0.916381836 0.832420349 23.2582321 0.916381836 0.832420349 23.8280602 0.916381836 -1.19016647 23.8280602 0.916381836 -1.19016647 23.8280602 0.916381836 0.832420349 23.8280602 0.916381836 0.832420349 24.3074303 0.608337402 -1.19016647 24.3074303 0.608337402 -1.19016647 24.3074303 0.608337402 0.832420349 24.3074303 0.608337402 0.832420349 24.5441456 0.0899963379 -1.19016647 24.5441456 0.0899963379 -1.19016647 24.5441456 0.0899963379 0.832420349 24.5441456 0.0899963379 0.832420349 24.4630508 -0.474029541 -1.19016647 24.4630508 -0.474029541 0.832420349 22.6232414 -0.474029541 0.832420349 22.9964008 -0.904693604 0.832420349 23.5431461 -1.06521606 0.832420349 24.0898933 -0.904693604 0.832420349 24.4630508 -0.474029541 0.832420349 24.5441456 0.0899963379 0.832420349 24.3074303 0.608337402 0.832420349 23.8280602 0.916381836 0.832420349 23.2582321 0.916381836 0.832420349 22.778862 0.608337402 0.832420349 22.5421467 0.0899963379 -1.19016647 24.4630508 -0.474029541 0.832420349 24.4630508 -0.474029541 0.832420349 24.0898933 -0.904693604 -1.19016647 24.0898933 -0.904693604 -1.19016647 24.0898933 -0.904693604 0.832420349 24.0898933 -0.904693604 0.832420349 23.5431461 -1.06521606 -1.19016647 23.5431461 -1.06521606 -1.19016647 24.0898933 -0.904693604 -1.19016647 23.5431461 -1.06521606 -1.19016647 22.9964008 -0.904693604 -1.19016647 22.6232414 -0.474029541 -1.19016647 22.5421467 0.0899963379 -1.19016647 22.778862 0.608337402 -1.19016647 23.2582321 0.916381836 -1.19016647 23.8280602 0.916381836 -1.19016647 24.3074303 0.608337402 -1.19016647 24.5441456 0.0899963379 -1.19016647 24.4630508 -0.474029541 </float_array>
          <technique_common>
            <accessor count="66" offset="0" source="#meshesQ8S-positions-array" stride="3">
              <param name="X" type="float" />
              <param name="Y" type="float" />
              <param name="Z" type="float" />
            </accessor>
          </technique_common>
        </source>
        <source id="meshesQ8S-normals" name="meshesQ8S-normals">
          <float_array id="meshesQ8S-normals-array" count="198"> 0 -0.281700671 -0.959502339 0 -0.281700671 -0.959502339 0 -0.281700671 -0.959502339 0 -0.281700671 -0.959502339 0 -0.75580126 -0.654801071 0 -0.75580126 -0.654801071 0 -0.75580126 -0.654801071 0 -0.75580126 -0.654801071 0 -0.989823103 -0.142303318 0 -0.989823103 -0.142303318 0 -0.989823103 -0.142303318 0 -0.989823103 -0.142303318 0 -0.909632146 0.415414691 0 -0.909632146 0.415414691 0 -0.909632146 0.415414691 0 -0.909632146 0.415414691 0 -0.540590823 0.841285765 0 -0.540590823 0.841285765 0 -0.540590823 0.841285765 0 -0.540590823 0.841285765 0 0 1 0 0 1 0 0 1 0 0 1 0 0.540590823 0.841285765 0 0.540590823 0.841285765 0 0.540590823 0.841285765 0 0.540590823 0.841285765 0 0.909632146 0.415414691 0 0.909632146 0.415414691 0 0.909632146 0.415414691 0 0.909632146 0.415414691 0 0.989823103 -0.142303318 0 0.989823103 -0.142303318 0 0.989823103 -0.142303318 0 0.989823103 -0.142303318 1 0 0 1 0 0 1 0 0 1 0 0 1 0 0 1 0 0 1 0 0 1 0 0 1 0 0 1 0 0 1 0 0 0 0.75580126 -0.654801071 0 0.75580126 -0.654801071 0 0.75580126 -0.654801071 0 0.75580126 -0.654801071 0 0.281700671 -0.959502339 0 0.281700671 -0.959502339 0 0.281700671 -0.959502339 0 0.281700671 -0.959502339 -1 0 0 -1 0 0 -1 0 0 -1 0 0 -1 0 0 -1 0 0 -1 0 0 -1 0 0 -1 0 0 -1 0 0 -1 0 0 </float_array>
          <technique_common>
            <accessor count="66" offset="0" source="#meshesQ8S-normals-array" stride="3">
              <param name="X" type="float" />
              <param name="Y" type="float" />
              <param name="Z" type="float" />
            </accessor>
          </technique_common>
        </source>
        <source id="meshesQ8S-tex0" name="meshesQ8S-tex0">
          <float_array id="meshesQ8S-tex0-array" count="132"> -0.511293411 0.499998093 1.51129341 0.499998093 1.51129341 -0.0467472076 -0.511293411 -0.0467472076 -0.511293411 1.35076356 1.51129341 1.35076356 1.51129341 0.920099437 -0.511293411 0.920099437 -0.511293411 0.920099437 1.51129341 0.920099437 1.51129341 0.356073558 -0.511293411 0.356073558 -0.511293411 0.356073558 1.51129341 0.356073558 1.51129341 -0.162267447 -0.511293411 -0.162267447 -0.511293411 -0.264286041 1.51129341 -0.264286041 1.51129341 0.215084076 -0.511293411 0.215084076 -0.511293411 0.215084076 1.51129341 0.215084076 1.51129341 0.784912109 -0.511293411 0.784912109 -0.511293411 0.784912109 1.51129341 0.784912109 1.51129341 1.26428223 -0.511293411 1.26428223 -0.511293411 -0.162267447 1.51129341 -0.162267447 1.51129341 0.356073558 -0.511293411 0.356073558 -0.511293411 0.356073558 1.51129341 0.356073558 1.51129341 0.920099437 -0.511293411 0.920099437 0.920099437 -0.419906616 1.35076356 -0.0467472076 1.5112859 0.499998093 1.35076356 1.0467453 0.920099437 1.4199028 0.356073558 1.50099754 -0.162267506 1.26428223 -0.47031194 0.784912109 -0.47031194 0.215084076 -0.162267506 -0.264286041 0.356073558 -0.501001358 -0.511293411 0.920099437 1.51129341 0.920099437 1.51129341 1.35076356 -0.511293411 1.35076356 -0.511293411 1.0467453 1.51129341 1.0467453 1.51129341 0.499998093 -0.511293411 0.499998093 1.35076356 1.0467453 1.5112859 0.499998093 1.35076356 -0.0467472076 0.920099437 -0.419906616 0.356073558 -0.501001358 -0.162267506 -0.264286041 -0.47031194 0.215084076 -0.47031194 0.784912109 -0.162267506 1.26428223 0.356073558 1.50099754 0.920099437 1.4199028 </float_array>
          <technique_common>
            <accessor count="66" offset="0" source="#meshesQ8S-tex0-array" stride="2">
              <param name="S" type="float" />
              <param name="T" type="float" />
            </accessor>
          </technique_common>
        </source>
        <source id="meshesQ8S-tex1" name="meshesQ8S-tex1">
          <float_array id="meshesQ8S-tex1-array" count="132"> 1 0.5 1 1 0.909090877 1 0.909090877 0.5 0.909090877 0.5 0.909090877 1 0.818181753 1 0.818181753 0.5 0.818181753 0.5 0.818181753 1 0.72727263 1 0.72727263 0.5 0.72727263 0.5 0.72727263 1 0.636363506 1 0.636363506 0.5 0.636363506 0.5 0.636363506 1 0.545454383 1 0.545454383 0.5 0.545454383 0.5 0.545454383 1 0.454545289 1 0.454545289 0.5 0.454545289 0.5 0.454545289 1 0.363636196 1 0.363636196 0.5 0.363636196 0.5 0.363636196 1 0.272727102 1 0.272727102 0.5 0.272727102 0.5 0.272727102 1 0.181818008 1 0.181818008 0.5 0.468311667 0.349699616 0.379753798 0.45190084 0.25 0.49000001 0.120246202 0.45190084 0.0316883326 0.349699616 0.012442857 0.215844452 0.0686201155 0.0928333998 0.182384178 0.0197216868 0.317615807 0.0197216868 0.431379884 0.0928333998 0.487557143 0.215844452 0.181818008 0.5 0.181818008 1 0.0909089148 1 0.0909089148 0.5 0.0909089148 0.5 0.0909089148 1 -1.78813934e-07 1 -1.78813934e-07 0.5 0.620246172 0.45190084 0.75 0.49000001 0.879753828 0.45190084 0.968311667 0.349699616 0.987557173 0.215844452 0.931379914 0.0928333998 0.817615807 0.0197216868 0.682384193 0.0197216868 0.568620086 0.0928333998 0.512442827 0.215844452 0.531688333 0.349699616 </float_array>
          <technique_common>
            <accessor count="66" offset="0" source="#meshesQ8S-tex1-array" stride="2">
              <param name="S" type="float" />
              <param name="T" type="float" />
            </accessor>
          </technique_common>
        </source>
        <source id="meshesQ8S-tex2" name="meshesQ8S-tex2">
          <float_array id="meshesQ8S-tex2-array" count="132"> -0.511293411 0.499998093 1.51129341 0.499998093 1.51129341 -0.0467472076 -0.511293411 -0.0467472076 -0.511293411 1.35076356 1.51129341 1.35076356 1.51129341 0.920099437 -0.511293411 0.920099437 -0.511293411 0.920099437 1.51129341 0.920099437 1.51129341 0.356073558 -0.511293411 0.356073558 -0.511293411 0.356073558 1.51129341 0.356073558 1.51129341 -0.162267447 -0.511293411 -0.162267447 -0.511293411 -0.264286041 1.51129341 -0.264286041 1.51129341 0.215084076 -0.511293411 0.215084076 -0.511293411 0.215084076 1.51129341 0.215084076 1.51129341 0.784912109 -0.511293411 0.784912109 -0.511293411 0.784912109 1.51129341 0.784912109 1.51129341 1.26428223 -0.511293411 1.26428223 -0.511293411 -0.162267447 1.51129341 -0.162267447 1.51129341 0.356073558 -0.511293411 0.356073558 -0.511293411 0.356073558 1.51129341 0.356073558 1.51129341 0.920099437 -0.511293411 0.920099437 0.920099437 -0.419906616 1.35076356 -0.0467472076 1.5112859 0.499998093 1.35076356 1.0467453 0.920099437 1.4199028 0.356073558 1.50099754 -0.162267506 1.26428223 -0.47031194 0.784912109 -0.47031194 0.215084076 -0.162267506 -0.264286041 0.356073558 -0.501001358 -0.511293411 0.920099437 1.51129341 0.920099437 1.51129341 1.35076356 -0.511293411 1.35076356 -0.511293411 1.0467453 1.51129341 1.0467453 1.51129341 0.499998093 -0.511293411 0.499998093 1.35076356 1.0467453 1.5112859 0.499998093 1.35076356 -0.0467472076 0.920099437 -0.419906616 0.356073558 -0.501001358 -0.162267506 -0.264286041 -0.47031194 0.215084076 -0.47031194 0.784912109 -0.162267506 1.26428223 0.356073558 1.50099754 0.920099437 1.4199028 </float_array>
          <technique_common>
            <accessor count="66" offset="0" source="#meshesQ8S-tex2-array" stride="2">
              <param name="S" type="float" />
              <param name="T" type="float" />
            </accessor>
          </technique_common>
        </source>
        <source id="meshesQ8S-tex3" name="meshesQ8S-tex3">
          <float_array id="meshesQ8S-tex3-array" count="132"> -0.511293411 0.499998093 1.51129341 0.499998093 1.51129341 -0.0467472076 -0.511293411 -0.0467472076 -0.511293411 1.35076356 1.51129341 1.35076356 1.51129341 0.920099437 -0.511293411 0.920099437 -0.511293411 0.920099437 1.51129341 0.920099437 1.51129341 0.356073558 -0.511293411 0.356073558 -0.511293411 0.356073558 1.51129341 0.356073558 1.51129341 -0.162267447 -0.511293411 -0.162267447 -0.511293411 -0.264286041 1.51129341 -0.264286041 1.51129341 0.215084076 -0.511293411 0.215084076 -0.511293411 0.215084076 1.51129341 0.215084076 1.51129341 0.784912109 -0.511293411 0.784912109 -0.511293411 0.784912109 1.51129341 0.784912109 1.51129341 1.26428223 -0.511293411 1.26428223 -0.511293411 -0.162267447 1.51129341 -0.162267447 1.51129341 0.356073558 -0.511293411 0.356073558 -0.511293411 0.356073558 1.51129341 0.356073558 1.51129341 0.920099437 -0.511293411 0.920099437 0.920099437 -0.419906616 1.35076356 -0.0467472076 1.5112859 0.499998093 1.35076356 1.0467453 0.920099437 1.4199028 0.356073558 1.50099754 -0.162267506 1.26428223 -0.47031194 0.784912109 -0.47031194 0.215084076 -0.162267506 -0.264286041 0.356073558 -0.501001358 -0.511293411 0.920099437 1.51129341 0.920099437 1.51129341 1.35076356 -0.511293411 1.35076356 -0.511293411 1.0467453 1.51129341 1.0467453 1.51129341 0.499998093 -0.511293411 0.499998093 1.35076356 1.0467453 1.5112859 0.499998093 1.35076356 -0.0467472076 0.920099437 -0.419906616 0.356073558 -0.501001358 -0.162267506 -0.264286041 -0.47031194 0.215084076 -0.47031194 0.784912109 -0.162267506 1.26428223 0.356073558 1.50099754 0.920099437 1.4199028 </float_array>
          <technique_common>
            <accessor count="66" offset="0" source="#meshesQ8S-tex3-array" stride="2">
              <param name="S" type="float" />
              <param name="T" type="float" />
            </accessor>
          </technique_common>
        </source>
        <source id="meshesQ8S-tex4" name="meshesQ8S-tex4">
          <float_array id="meshesQ8S-tex4-array" count="132"> -0.511293411 0.499998093 1.51129341 0.499998093 1.51129341 -0.0467472076 -0.511293411 -0.0467472076 -0.511293411 1.35076356 1.51129341 1.35076356 1.51129341 0.920099437 -0.511293411 0.920099437 -0.511293411 0.920099437 1.51129341 0.920099437 1.51129341 0.356073558 -0.511293411 0.356073558 -0.511293411 0.356073558 1.51129341 0.356073558 1.51129341 -0.162267447 -0.511293411 -0.162267447 -0.511293411 -0.264286041 1.51129341 -0.264286041 1.51129341 0.215084076 -0.511293411 0.215084076 -0.511293411 0.215084076 1.51129341 0.215084076 1.51129341 0.784912109 -0.511293411 0.784912109 -0.511293411 0.784912109 1.51129341 0.784912109 1.51129341 1.26428223 -0.511293411 1.26428223 -0.511293411 -0.162267447 1.51129341 -0.162267447 1.51129341 0.356073558 -0.511293411 0.356073558 -0.511293411 0.356073558 1.51129341 0.356073558 1.51129341 0.920099437 -0.511293411 0.920099437 0.920099437 -0.419906616 1.35076356 -0.0467472076 1.5112859 0.499998093 1.35076356 1.0467453 0.920099437 1.4199028 0.356073558 1.50099754 -0.162267506 1.26428223 -0.47031194 0.784912109 -0.47031194 0.215084076 -0.162267506 -0.264286041 0.356073558 -0.501001358 -0.511293411 0.920099437 1.51129341 0.920099437 1.51129341 1.35076356 -0.511293411 1.35076356 -0.511293411 1.0467453 1.51129341 1.0467453 1.51129341 0.499998093 -0.511293411 0.499998093 1.35076356 1.0467453 1.5112859 0.499998093 1.35076356 -0.0467472076 0.920099437 -0.419906616 0.356073558 -0.501001358 -0.162267506 -0.264286041 -0.47031194 0.215084076 -0.47031194 0.784912109 -0.162267506 1.26428223 0.356073558 1.50099754 0.920099437 1.4199028 </float_array>
          <technique_common>
            <accessor count="66" offset="0" source="#meshesQ8S-tex4-array" stride="2">
              <param name="S" type="float" />
              <param name="T" type="float" />
            </accessor>
          </technique_common>
        </source>
        <source id="meshesQ8S-tex5" name="meshesQ8S-tex5">
          <float_array id="meshesQ8S-tex5-array" count="132"> -0.511293411 0.499998093 1.51129341 0.499998093 1.51129341 -0.0467472076 -0.511293411 -0.0467472076 -0.511293411 1.35076356 1.51129341 1.35076356 1.51129341 0.920099437 -0.511293411 0.920099437 -0.511293411 0.920099437 1.51129341 0.920099437 1.51129341 0.356073558 -0.511293411 0.356073558 -0.511293411 0.356073558 1.51129341 0.356073558 1.51129341 -0.162267447 -0.511293411 -0.162267447 -0.511293411 -0.264286041 1.51129341 -0.264286041 1.51129341 0.215084076 -0.511293411 0.215084076 -0.511293411 0.215084076 1.51129341 0.215084076 1.51129341 0.784912109 -0.511293411 0.784912109 -0.511293411 0.784912109 1.51129341 0.784912109 1.51129341 1.26428223 -0.511293411 1.26428223 -0.511293411 -0.162267447 1.51129341 -0.162267447 1.51129341 0.356073558 -0.511293411 0.356073558 -0.511293411 0.356073558 1.51129341 0.356073558 1.51129341 0.920099437 -0.511293411 0.920099437 0.920099437 -0.419906616 1.35076356 -0.0467472076 1.5112859 0.499998093 1.35076356 1.0467453 0.920099437 1.4199028 0.356073558 1.50099754 -0.162267506 1.26428223 -0.47031194 0.784912109 -0.47031194 0.215084076 -0.162267506 -0.264286041 0.356073558 -0.501001358 -0.511293411 0.920099437 1.51129341 0.920099437 1.51129341 1.35076356 -0.511293411 1.35076356 -0.511293411 1.0467453 1.51129341 1.0467453 1.51129341 0.499998093 -0.511293411 0.499998093 1.35076356 1.0467453 1.5112859 0.499998093 1.35076356 -0.0467472076 0.920099437 -0.419906616 0.356073558 -0.501001358 -0.162267506 -0.264286041 -0.47031194 0.215084076 -0.47031194 0.784912109 -0.162267506 1.26428223 0.356073558 1.50099754 0.920099437 1.4199028 </float_array>
          <technique_common>
            <accessor count="66" offset="0" source="#meshesQ8S-tex5-array" stride="2">
              <param name="S" type="float" />
              <param name="T" type="float" />
            </accessor>
          </technique_common>
        </source>
        <vertices id="meshesQ8S-vertices">
          <input semantic="POSITION" source="#meshesQ8S-positions" />
        </vertices>
        <polylist count="40" material="defaultMaterial">
          <input offset="0" semantic="VERTEX" source="#meshesQ8S-vertices" />
          <input offset="0" semantic="NORMAL" source="#meshesQ8S-normals" />
          <input offset="0" semantic="TEXCOORD" source="#meshesQ8S-tex0" set="0" />
          <input offset="0" semantic="TEXCOORD" source="#meshesQ8S-tex1" set="1" />
          <input offset="0" semantic="TEXCOORD" source="#meshesQ8S-tex2" set="2" />
          <input offset="0" semantic="TEXCOORD" source="#meshesQ8S-tex3" set="3" />
          <input offset="0" semantic="TEXCOORD" source="#meshesQ8S-tex4" set="4" />
          <input offset="0" semantic="TEXCOORD" source="#meshesQ8S-tex5" set="5" />
          <vcount>3 3 3 3 3 3 3 3 3 3 3 3 3 3 3 3 3 3 3 3 3 3 3 3 3 3 3 3 3 3 3 3 3 3 3 3 3 3 3 3 </vcount>
          <p>0 1 2 0 2 3 4 5 6 4 6 7 8 9 10 8 10 11 12 13 14 12 14 15 16 17 18 16 18 19 20 21 22 20 22 23 24 25 26 24 26 27 28 29 30 28 30 31 32 33 34 32 34 35 36 37 38 38 39 40 40 41 42 42 43 44 44 45 46 46 36 38 38 40 42 42 44 46 38 42 46 47 48 49 47 49 50 51 52 53 51 53 54 55 56 57 57 58 59 59 60 61 61 62 63 63 64 65 65 55 57 57 59 61 61 63 65 57 61 65 </p>
        </polylist>
      </mesh>
    </geometry>
    <geometry id="meshesQ9S" name="meshes[9]" >
      <mesh>
        <source id="meshesQ9S-positions" name="meshesQ9S-positions">
          <float_array id="meshesQ9S-positions-array" count="198"> -1.19016647 20.8880405 -1.06521606 0.832420349 20.8880405 -1.06521606 0.832420349 20.3412952 -0.904693604 -1.19016647 20.3412952 -0.904693604 -1.19016647 20.3412952 -0.904693604 0.832420349 20.3412952 -0.904693604 0.832420349 19.9681358 -0.474029541 -1.19016647 19.9681358 -0.474029541 -1.19016647 19.9681358 -0.474029541 0.832420349 19.9681358 -0.474029541 0.832420349 19.887043 0.0899963379 -1.19016647 19.887043 0.0899963379 -1.19016647 19.887043 0.0899963379 0.832420349 19.887043 0.0899963379 0.832420349 20.1237564 0.608337402 -1.19016647 20.1237564 0.608337402 -1.19016647 20.1237564 0.608337402 0.832420349 20.1237564 0.608337402 0.832420349 20.6031265 0.916381836 -1.19016647 20.6031265 0.916381836 -1.19016647 20.6031265 0.916381836 0.832420349 20.6031265 0.916381836 0.832420349 21.1729546 0.916381836 -1.19016647 21.1729546 0.916381836 -1.19016647 21.1729546 0.916381836 0.832420349 21.1729546 0.916381836 0.832420349 21.6523247 0.608337402 -1.19016647 21.6523247 0.608337402 -1.19016647 21.6523247 0.608337402 0.832420349 21.6523247 0.608337402 0.832420349 21.88904 0.0899963379 -1.19016647 21.88904 0.0899963379 -1.19016647 21.88904 0.0899963379 0.832420349 21.88904 0.0899963379 0.832420349 21.8079453 -0.474029541 -1.19016647 21.8079453 -0.474029541 0.832420349 19.9681358 -0.474029541 0.832420349 20.3412952 -0.904693604 0.832420349 20.8880405 -1.06521606 0.832420349 21.4347858 -0.904693604 0.832420349 21.8079453 -0.474029541 0.832420349 21.88904 0.0899963379 0.832420349 21.6523247 0.608337402 0.832420349 21.1729546 0.916381836 0.832420349 20.6031265 0.916381836 0.832420349 20.1237564 0.608337402 0.832420349 19.887043 0.0899963379 -1.19016647 21.8079453 -0.474029541 0.832420349 21.8079453 -0.474029541 0.832420349 21.4347858 -0.904693604 -1.19016647 21.4347858 -0.904693604 -1.19016647 21.4347858 -0.904693604 0.832420349 21.4347858 -0.904693604 0.832420349 20.8880405 -1.06521606 -1.19016647 20.8880405 -1.06521606 -1.19016647 21.4347858 -0.904693604 -1.19016647 20.8880405 -1.06521606 -1.19016647 20.3412952 -0.904693604 -1.19016647 19.9681358 -0.474029541 -1.19016647 19.887043 0.0899963379 -1.19016647 20.1237564 0.608337402 -1.19016647 20.6031265 0.916381836 -1.19016647 21.1729546 0.916381836 -1.19016647 21.6523247 0.608337402 -1.19016647 21.88904 0.0899963379 -1.19016647 21.8079453 -0.474029541 </float_array>
          <technique_common>
            <accessor count="66" offset="0" source="#meshesQ9S-positions-array" stride="3">
              <param name="X" type="float" />
              <param name="Y" type="float" />
              <param name="Z" type="float" />
            </accessor>
          </technique_common>
        </source>
        <source id="meshesQ9S-normals" name="meshesQ9S-normals">
          <float_array id="meshesQ9S-normals-array" count="198"> 0 -0.281700671 -0.959502339 0 -0.281700671 -0.959502339 0 -0.281700671 -0.959502339 0 -0.281700671 -0.959502339 0 -0.75580126 -0.654801071 0 -0.75580126 -0.654801071 0 -0.75580126 -0.654801071 0 -0.75580126 -0.654801071 0 -0.989823103 -0.142303318 0 -0.989823103 -0.142303318 0 -0.989823103 -0.142303318 0 -0.989823103 -0.142303318 0 -0.909632146 0.415414691 0 -0.909632146 0.415414691 0 -0.909632146 0.415414691 0 -0.909632146 0.415414691 0 -0.540590823 0.841285765 0 -0.540590823 0.841285765 0 -0.540590823 0.841285765 0 -0.540590823 0.841285765 0 0 1 0 0 1 0 0 1 0 0 1 0 0.540590823 0.841285765 0 0.540590823 0.841285765 0 0.540590823 0.841285765 0 0.540590823 0.841285765 0 0.909632146 0.415414691 0 0.909632146 0.415414691 0 0.909632146 0.415414691 0 0.909632146 0.415414691 0 0.989823103 -0.142303318 0 0.989823103 -0.142303318 0 0.989823103 -0.142303318 0 0.989823103 -0.142303318 1 0 0 1 0 0 1 0 0 1 0 0 1 0 0 1 0 0 1 0 0 1 0 0 1 0 0 1 0 0 1 0 0 0 0.75580126 -0.654801071 0 0.75580126 -0.654801071 0 0.75580126 -0.654801071 0 0.75580126 -0.654801071 0 0.281700671 -0.959502339 0 0.281700671 -0.959502339 0 0.281700671 -0.959502339 0 0.281700671 -0.959502339 -1 0 0 -1 0 0 -1 0 0 -1 0 0 -1 0 0 -1 0 0 -1 0 0 -1 0 0 -1 0 0 -1 0 0 -1 0 0 </float_array>
          <technique_common>
            <accessor count="66" offset="0" source="#meshesQ9S-normals-array" stride="3">
              <param name="X" type="float" />
              <param name="Y" type="float" />
              <param name="Z" type="float" />
            </accessor>
          </technique_common>
        </source>
        <source id="meshesQ9S-tex0" name="meshesQ9S-tex0">
          <float_array id="meshesQ9S-tex0-array" count="132"> -0.511293411 0.5 1.51129341 0.5 1.51129341 -0.0467453003 -0.511293411 -0.0467453003 -0.511293411 1.35076356 1.51129341 1.35076356 1.51129341 0.920099437 -0.511293411 0.920099437 -0.511293411 0.920099437 1.51129341 0.920099437 1.51129341 0.356073558 -0.511293411 0.356073558 -0.511293411 0.356073558 1.51129341 0.356073558 1.51129341 -0.162267447 -0.511293411 -0.162267447 -0.511293411 -0.264284134 1.51129341 -0.264284134 1.51129341 0.215085983 -0.511293411 0.215085983 -0.511293411 0.215085983 1.51129341 0.215085983 1.51129341 0.784914017 -0.511293411 0.784914017 -0.511293411 0.784914017 1.51129341 0.784914017 1.51129341 1.26428413 -0.511293411 1.26428413 -0.511293411 -0.162267447 1.51129341 -0.162267447 1.51129341 0.356073558 -0.511293411 0.356073558 -0.511293411 0.356073558 1.51129341 0.356073558 1.51129341 0.920099437 -0.511293411 0.920099437 0.920099437 -0.419904709 1.35076356 -0.0467453003 1.5112859 0.5 1.35076356 1.0467453 0.920099437 1.41990471 0.356073558 1.50099945 -0.162267506 1.26428413 -0.47031194 0.784914017 -0.47031194 0.215085983 -0.162267506 -0.264284134 0.356073558 -0.500997543 -0.511293411 0.920099437 1.51129341 0.920099437 1.51129341 1.35076356 -0.511293411 1.35076356 -0.511293411 1.0467453 1.51129341 1.0467453 1.51129341 0.5 -0.511293411 0.5 1.35076356 1.0467453 1.5112859 0.5 1.35076356 -0.0467453003 0.920099437 -0.419904709 0.356073558 -0.500997543 -0.162267506 -0.264284134 -0.47031194 0.215085983 -0.47031194 0.784914017 -0.162267506 1.26428413 0.356073558 1.50099945 0.920099437 1.41990471 </float_array>
          <technique_common>
            <accessor count="66" offset="0" source="#meshesQ9S-tex0-array" stride="2">
              <param name="S" type="float" />
              <param name="T" type="float" />
            </accessor>
          </technique_common>
        </source>
        <source id="meshesQ9S-tex1" name="meshesQ9S-tex1">
          <float_array id="meshesQ9S-tex1-array" count="132"> 1 0.5 1 1 0.909090877 1 0.909090877 0.5 0.909090877 0.5 0.909090877 1 0.818181753 1 0.818181753 0.5 0.818181753 0.5 0.818181753 1 0.72727263 1 0.72727263 0.5 0.72727263 0.5 0.72727263 1 0.636363506 1 0.636363506 0.5 0.636363506 0.5 0.636363506 1 0.545454383 1 0.545454383 0.5 0.545454383 0.5 0.545454383 1 0.454545289 1 0.454545289 0.5 0.454545289 0.5 0.454545289 1 0.363636196 1 0.363636196 0.5 0.363636196 0.5 0.363636196 1 0.272727102 1 0.272727102 0.5 0.272727102 0.5 0.272727102 1 0.181818008 1 0.181818008 0.5 0.468311667 0.349699616 0.379753798 0.45190084 0.25 0.49000001 0.120246202 0.45190084 0.0316883326 0.349699616 0.012442857 0.215844452 0.0686201155 0.0928333998 0.182384178 0.0197216868 0.317615807 0.0197216868 0.431379884 0.0928333998 0.487557143 0.215844452 0.181818008 0.5 0.181818008 1 0.0909089148 1 0.0909089148 0.5 0.0909089148 0.5 0.0909089148 1 -1.78813934e-07 1 -1.78813934e-07 0.5 0.620246172 0.45190084 0.75 0.49000001 0.879753828 0.45190084 0.968311667 0.349699616 0.987557173 0.215844452 0.931379914 0.0928333998 0.817615807 0.0197216868 0.682384193 0.0197216868 0.568620086 0.0928333998 0.512442827 0.215844452 0.531688333 0.349699616 </float_array>
          <technique_common>
            <accessor count="66" offset="0" source="#meshesQ9S-tex1-array" stride="2">
              <param name="S" type="float" />
              <param name="T" type="float" />
            </accessor>
          </technique_common>
        </source>
        <source id="meshesQ9S-tex2" name="meshesQ9S-tex2">
          <float_array id="meshesQ9S-tex2-array" count="132"> -0.511293411 0.5 1.51129341 0.5 1.51129341 -0.0467453003 -0.511293411 -0.0467453003 -0.511293411 1.35076356 1.51129341 1.35076356 1.51129341 0.920099437 -0.511293411 0.920099437 -0.511293411 0.920099437 1.51129341 0.920099437 1.51129341 0.356073558 -0.511293411 0.356073558 -0.511293411 0.356073558 1.51129341 0.356073558 1.51129341 -0.162267447 -0.511293411 -0.162267447 -0.511293411 -0.264284134 1.51129341 -0.264284134 1.51129341 0.215085983 -0.511293411 0.215085983 -0.511293411 0.215085983 1.51129341 0.215085983 1.51129341 0.784914017 -0.511293411 0.784914017 -0.511293411 0.784914017 1.51129341 0.784914017 1.51129341 1.26428413 -0.511293411 1.26428413 -0.511293411 -0.162267447 1.51129341 -0.162267447 1.51129341 0.356073558 -0.511293411 0.356073558 -0.511293411 0.356073558 1.51129341 0.356073558 1.51129341 0.920099437 -0.511293411 0.920099437 0.920099437 -0.419904709 1.35076356 -0.0467453003 1.5112859 0.5 1.35076356 1.0467453 0.920099437 1.41990471 0.356073558 1.50099945 -0.162267506 1.26428413 -0.47031194 0.784914017 -0.47031194 0.215085983 -0.162267506 -0.264284134 0.356073558 -0.500997543 -0.511293411 0.920099437 1.51129341 0.920099437 1.51129341 1.35076356 -0.511293411 1.35076356 -0.511293411 1.0467453 1.51129341 1.0467453 1.51129341 0.5 -0.511293411 0.5 1.35076356 1.0467453 1.5112859 0.5 1.35076356 -0.0467453003 0.920099437 -0.419904709 0.356073558 -0.500997543 -0.162267506 -0.264284134 -0.47031194 0.215085983 -0.47031194 0.784914017 -0.162267506 1.26428413 0.356073558 1.50099945 0.920099437 1.41990471 </float_array>
          <technique_common>
            <accessor count="66" offset="0" source="#meshesQ9S-tex2-array" stride="2">
              <param name="S" type="float" />
              <param name="T" type="float" />
            </accessor>
          </technique_common>
        </source>
        <source id="meshesQ9S-tex3" name="meshesQ9S-tex3">
          <float_array id="meshesQ9S-tex3-array" count="132"> -0.511293411 0.5 1.51129341 0.5 1.51129341 -0.0467453003 -0.511293411 -0.0467453003 -0.511293411 1.35076356 1.51129341 1.35076356 1.51129341 0.920099437 -0.511293411 0.920099437 -0.511293411 0.920099437 1.51129341 0.920099437 1.51129341 0.356073558 -0.511293411 0.356073558 -0.511293411 0.356073558 1.51129341 0.356073558 1.51129341 -0.162267447 -0.511293411 -0.162267447 -0.511293411 -0.264284134 1.51129341 -0.264284134 1.51129341 0.215085983 -0.511293411 0.215085983 -0.511293411 0.215085983 1.51129341 0.215085983 1.51129341 0.784914017 -0.511293411 0.784914017 -0.511293411 0.784914017 1.51129341 0.784914017 1.51129341 1.26428413 -0.511293411 1.26428413 -0.511293411 -0.162267447 1.51129341 -0.162267447 1.51129341 0.356073558 -0.511293411 0.356073558 -0.511293411 0.356073558 1.51129341 0.356073558 1.51129341 0.920099437 -0.511293411 0.920099437 0.920099437 -0.419904709 1.35076356 -0.0467453003 1.5112859 0.5 1.35076356 1.0467453 0.920099437 1.41990471 0.356073558 1.50099945 -0.162267506 1.26428413 -0.47031194 0.784914017 -0.47031194 0.215085983 -0.162267506 -0.264284134 0.356073558 -0.500997543 -0.511293411 0.920099437 1.51129341 0.920099437 1.51129341 1.35076356 -0.511293411 1.35076356 -0.511293411 1.0467453 1.51129341 1.0467453 1.51129341 0.5 -0.511293411 0.5 1.35076356 1.0467453 1.5112859 0.5 1.35076356 -0.0467453003 0.920099437 -0.419904709 0.356073558 -0.500997543 -0.162267506 -0.264284134 -0.47031194 0.215085983 -0.47031194 0.784914017 -0.162267506 1.26428413 0.356073558 1.50099945 0.920099437 1.41990471 </float_array>
          <technique_common>
            <accessor count="66" offset="0" source="#meshesQ9S-tex3-array" stride="2">
              <param name="S" type="float" />
              <param name="T" type="float" />
            </accessor>
          </technique_common>
        </source>
        <source id="meshesQ9S-tex4" name="meshesQ9S-tex4">
          <float_array id="meshesQ9S-tex4-array" count="132"> -0.511293411 0.5 1.51129341 0.5 1.51129341 -0.0467453003 -0.511293411 -0.0467453003 -0.511293411 1.35076356 1.51129341 1.35076356 1.51129341 0.920099437 -0.511293411 0.920099437 -0.511293411 0.920099437 1.51129341 0.920099437 1.51129341 0.356073558 -0.511293411 0.356073558 -0.511293411 0.356073558 1.51129341 0.356073558 1.51129341 -0.162267447 -0.511293411 -0.162267447 -0.511293411 -0.264284134 1.51129341 -0.264284134 1.51129341 0.215085983 -0.511293411 0.215085983 -0.511293411 0.215085983 1.51129341 0.215085983 1.51129341 0.784914017 -0.511293411 0.784914017 -0.511293411 0.784914017 1.51129341 0.784914017 1.51129341 1.26428413 -0.511293411 1.26428413 -0.511293411 -0.162267447 1.51129341 -0.162267447 1.51129341 0.356073558 -0.511293411 0.356073558 -0.511293411 0.356073558 1.51129341 0.356073558 1.51129341 0.920099437 -0.511293411 0.920099437 0.920099437 -0.419904709 1.35076356 -0.0467453003 1.5112859 0.5 1.35076356 1.0467453 0.920099437 1.41990471 0.356073558 1.50099945 -0.162267506 1.26428413 -0.47031194 0.784914017 -0.47031194 0.215085983 -0.162267506 -0.264284134 0.356073558 -0.500997543 -0.511293411 0.920099437 1.51129341 0.920099437 1.51129341 1.35076356 -0.511293411 1.35076356 -0.511293411 1.0467453 1.51129341 1.0467453 1.51129341 0.5 -0.511293411 0.5 1.35076356 1.0467453 1.5112859 0.5 1.35076356 -0.0467453003 0.920099437 -0.419904709 0.356073558 -0.500997543 -0.162267506 -0.264284134 -0.47031194 0.215085983 -0.47031194 0.784914017 -0.162267506 1.26428413 0.356073558 1.50099945 0.920099437 1.41990471 </float_array>
          <technique_common>
            <accessor count="66" offset="0" source="#meshesQ9S-tex4-array" stride="2">
              <param name="S" type="float" />
              <param name="T" type="float" />
            </accessor>
          </technique_common>
        </source>
        <source id="meshesQ9S-tex5" name="meshesQ9S-tex5">
          <float_array id="meshesQ9S-tex5-array" count="132"> -0.511293411 0.5 1.51129341 0.5 1.51129341 -0.0467453003 -0.511293411 -0.0467453003 -0.511293411 1.35076356 1.51129341 1.35076356 1.51129341 0.920099437 -0.511293411 0.920099437 -0.511293411 0.920099437 1.51129341 0.920099437 1.51129341 0.356073558 -0.511293411 0.356073558 -0.511293411 0.356073558 1.51129341 0.356073558 1.51129341 -0.162267447 -0.511293411 -0.162267447 -0.511293411 -0.264284134 1.51129341 -0.264284134 1.51129341 0.215085983 -0.511293411 0.215085983 -0.511293411 0.215085983 1.51129341 0.215085983 1.51129341 0.784914017 -0.511293411 0.784914017 -0.511293411 0.784914017 1.51129341 0.784914017 1.51129341 1.26428413 -0.511293411 1.26428413 -0.511293411 -0.162267447 1.51129341 -0.162267447 1.51129341 0.356073558 -0.511293411 0.356073558 -0.511293411 0.356073558 1.51129341 0.356073558 1.51129341 0.920099437 -0.511293411 0.920099437 0.920099437 -0.419904709 1.35076356 -0.0467453003 1.5112859 0.5 1.35076356 1.0467453 0.920099437 1.41990471 0.356073558 1.50099945 -0.162267506 1.26428413 -0.47031194 0.784914017 -0.47031194 0.215085983 -0.162267506 -0.264284134 0.356073558 -0.500997543 -0.511293411 0.920099437 1.51129341 0.920099437 1.51129341 1.35076356 -0.511293411 1.35076356 -0.511293411 1.0467453 1.51129341 1.0467453 1.51129341 0.5 -0.511293411 0.5 1.35076356 1.0467453 1.5112859 0.5 1.35076356 -0.0467453003 0.920099437 -0.419904709 0.356073558 -0.500997543 -0.162267506 -0.264284134 -0.47031194 0.215085983 -0.47031194 0.784914017 -0.162267506 1.26428413 0.356073558 1.50099945 0.920099437 1.41990471 </float_array>
          <technique_common>
            <accessor count="66" offset="0" source="#meshesQ9S-tex5-array" stride="2">
              <param name="S" type="float" />
              <param name="T" type="float" />
            </accessor>
          </technique_common>
        </source>
        <vertices id="meshesQ9S-vertices">
          <input semantic="POSITION" source="#meshesQ9S-positions" />
        </vertices>
        <polylist count="40" material="defaultMaterial">
          <input offset="0" semantic="VERTEX" source="#meshesQ9S-vertices" />
          <input offset="0" semantic="NORMAL" source="#meshesQ9S-normals" />
          <input offset="0" semantic="TEXCOORD" source="#meshesQ9S-tex0" set="0" />
          <input offset="0" semantic="TEXCOORD" source="#meshesQ9S-tex1" set="1" />
          <input offset="0" semantic="TEXCOORD" source="#meshesQ9S-tex2" set="2" />
          <input offset="0" semantic="TEXCOORD" source="#meshesQ9S-tex3" set="3" />
          <input offset="0" semantic="TEXCOORD" source="#meshesQ9S-tex4" set="4" />
          <input offset="0" semantic="TEXCOORD" source="#meshesQ9S-tex5" set="5" />
          <vcount>3 3 3 3 3 3 3 3 3 3 3 3 3 3 3 3 3 3 3 3 3 3 3 3 3 3 3 3 3 3 3 3 3 3 3 3 3 3 3 3 </vcount>
          <p>0 1 2 0 2 3 4 5 6 4 6 7 8 9 10 8 10 11 12 13 14 12 14 15 16 17 18 16 18 19 20 21 22 20 22 23 24 25 26 24 26 27 28 29 30 28 30 31 32 33 34 32 34 35 36 37 38 38 39 40 40 41 42 42 43 44 44 45 46 46 36 38 38 40 42 42 44 46 38 42 46 47 48 49 47 49 50 51 52 53 51 53 54 55 56 57 57 58 59 59 60 61 61 62 63 63 64 65 65 55 57 57 59 61 61 63 65 57 61 65 </p>
        </polylist>
      </mesh>
    </geometry>
    <geometry id="meshesQ10S" name="meshes[10]" >
      <mesh>
        <source id="meshesQ10S-positions" name="meshesQ10S-positions">
          <float_array id="meshesQ10S-positions-array" count="165"> -1.19016647 18.0274563 -1.06521606 0.832420349 18.0274563 -1.06521606 0.832420349 17.480711 -0.904693604 -1.19016647 17.480711 -0.904693604 -1.19016647 17.480711 -0.904693604 0.832420349 17.480711 -0.904693604 0.832420349 17.1075516 -0.474029541 -1.19016647 17.1075516 -0.474029541 -1.19016647 17.1075516 -0.474029541 0.832420349 17.1075516 -0.474029541 0.832420349 17.0264568 0.0899963379 -1.19016647 17.0264568 0.0899963379 -1.19016647 17.0264568 0.0899963379 0.832420349 17.0264568 0.0899963379 0.832420349 17.2631721 0.608337402 -1.19016647 17.2631721 0.608337402 -1.19016647 17.2631721 0.608337402 0.832420349 17.2631721 0.608337402 0.832420349 17.7425423 0.916381836 -1.19016647 17.7425423 0.916381836 -1.19016647 17.7425423 0.916381836 0.832420349 17.7425423 0.916381836 0.832420349 18.3123703 0.916381836 -1.19016647 18.3123703 0.916381836 -1.19016647 18.3123703 0.916381836 0.832420349 18.3123703 0.916381836 0.832420349 18.7917404 0.608337402 -1.19016647 18.7917404 0.608337402 -1.19016647 18.7917404 0.608337402 0.832420349 18.7917404 0.608337402 0.832420349 19.0284557 0.0899963379 -1.19016647 19.0284557 0.0899963379 -1.19016647 19.0284557 0.0899963379 0.832420349 19.0284557 0.0899963379 0.832420349 18.947361 -0.474029541 -1.19016647 18.947361 -0.474029541 -1.19016647 18.947361 -0.474029541 0.832420349 18.947361 -0.474029541 0.832420349 18.5742035 -0.904693604 -1.19016647 18.5742035 -0.904693604 -1.19016647 18.5742035 -0.904693604 0.832420349 18.5742035 -0.904693604 0.832420349 18.0274563 -1.06521606 -1.19016647 18.0274563 -1.06521606 -1.19016647 18.5742035 -0.904693604 -1.19016647 18.0274563 -1.06521606 -1.19016647 17.480711 -0.904693604 -1.19016647 17.1075516 -0.474029541 -1.19016647 17.0264568 0.0899963379 -1.19016647 17.2631721 0.608337402 -1.19016647 17.7425423 0.916381836 -1.19016647 18.3123703 0.916381836 -1.19016647 18.7917404 0.608337402 -1.19016647 19.0284557 0.0899963379 -1.19016647 18.947361 -0.474029541 </float_array>
          <technique_common>
            <accessor count="55" offset="0" source="#meshesQ10S-positions-array" stride="3">
              <param name="X" type="float" />
              <param name="Y" type="float" />
              <param name="Z" type="float" />
            </accessor>
          </technique_common>
        </source>
        <source id="meshesQ10S-normals" name="meshesQ10S-normals">
          <float_array id="meshesQ10S-normals-array" count="165"> 0 -0.281700671 -0.959502339 0 -0.281700671 -0.959502339 0 -0.281700671 -0.959502339 0 -0.281700671 -0.959502339 0 -0.75580126 -0.654801071 0 -0.75580126 -0.654801071 0 -0.75580126 -0.654801071 0 -0.75580126 -0.654801071 0 -0.989823103 -0.142303318 0 -0.989823103 -0.142303318 0 -0.989823103 -0.142303318 0 -0.989823103 -0.142303318 0 -0.909632146 0.415414691 0 -0.909632146 0.415414691 0 -0.909632146 0.415414691 0 -0.909632146 0.415414691 0 -0.540590823 0.841285765 0 -0.540590823 0.841285765 0 -0.540590823 0.841285765 0 -0.540590823 0.841285765 0 0 1 0 0 1 0 0 1 0 0 1 0 0.540590823 0.841285765 0 0.540590823 0.841285765 0 0.540590823 0.841285765 0 0.540590823 0.841285765 0 0.909632146 0.415414691 0 0.909632146 0.415414691 0 0.909632146 0.415414691 0 0.909632146 0.415414691 0 0.989823103 -0.142303318 0 0.989823103 -0.142303318 0 0.989823103 -0.142303318 0 0.989823103 -0.142303318 0 0.75580126 -0.654801071 0 0.75580126 -0.654801071 0 0.75580126 -0.654801071 0 0.75580126 -0.654801071 0 0.281700671 -0.959502339 0 0.281700671 -0.959502339 0 0.281700671 -0.959502339 0 0.281700671 -0.959502339 -1 0 0 -1 0 0 -1 0 0 -1 0 0 -1 0 0 -1 0 0 -1 0 0 -1 0 0 -1 0 0 -1 0 0 -1 0 0 </float_array>
          <technique_common>
            <accessor count="55" offset="0" source="#meshesQ10S-normals-array" stride="3">
              <param name="X" type="float" />
              <param name="Y" type="float" />
              <param name="Z" type="float" />
            </accessor>
          </technique_common>
        </source>
        <source id="meshesQ10S-tex0" name="meshesQ10S-tex0">
          <float_array id="meshesQ10S-tex0-array" count="110"> -0.42701894 0.499998093 1.59556794 0.499998093 1.59556794 -0.0467472076 -0.42701894 -0.0467472076 -0.42701894 1.35076356 1.59556794 1.35076356 1.59556794 0.920099437 -0.42701894 0.920099437 -0.42701894 0.920099437 1.59556794 0.920099437 1.59556794 0.356073558 -0.42701894 0.356073558 -0.42701894 0.356073558 1.59556794 0.356073558 1.59556794 -0.162267447 -0.42701894 -0.162267447 -0.42701894 -0.264286041 1.59556794 -0.264286041 1.59556794 0.215084076 -0.42701894 0.215084076 -0.42701894 0.215084076 1.59556794 0.215084076 1.59556794 0.784912109 -0.42701894 0.784912109 -0.42701894 0.784912109 1.59556794 0.784912109 1.59556794 1.26428223 -0.42701894 1.26428223 -0.42701894 -0.162267447 1.59556794 -0.162267447 1.59556794 0.356073558 -0.42701894 0.356073558 -0.42701894 0.356073558 1.59556794 0.356073558 1.59556794 0.920099437 -0.42701894 0.920099437 -0.42701894 0.920099437 1.59556794 0.920099437 1.59556794 1.35076356 -0.42701894 1.35076356 -0.42701894 1.0467453 1.59556794 1.0467453 1.59556794 0.499998093 -0.42701894 0.499998093 1.35076356 1.0467453 1.5112859 0.499998093 1.35076356 -0.0467472076 0.920099437 -0.419906616 0.356073558 -0.501001358 -0.162267506 -0.264286041 -0.47031194 0.215084076 -0.47031194 0.784912109 -0.162267506 1.26428223 0.356073558 1.50099754 0.920099437 1.4199028 </float_array>
          <technique_common>
            <accessor count="55" offset="0" source="#meshesQ10S-tex0-array" stride="2">
              <param name="S" type="float" />
              <param name="T" type="float" />
            </accessor>
          </technique_common>
        </source>
        <source id="meshesQ10S-tex1" name="meshesQ10S-tex1">
          <float_array id="meshesQ10S-tex1-array" count="110"> 1 0.5 1 1 0.909090877 1 0.909090877 0.5 0.909090877 0.5 0.909090877 1 0.818181753 1 0.818181753 0.5 0.818181753 0.5 0.818181753 1 0.72727263 1 0.72727263 0.5 0.72727263 0.5 0.72727263 1 0.636363506 1 0.636363506 0.5 0.636363506 0.5 0.636363506 1 0.545454383 1 0.545454383 0.5 0.545454383 0.5 0.545454383 1 0.454545289 1 0.454545289 0.5 0.454545289 0.5 0.454545289 1 0.363636196 1 0.363636196 0.5 0.363636196 0.5 0.363636196 1 0.272727102 1 0.272727102 0.5 0.272727102 0.5 0.272727102 1 0.181818008 1 0.181818008 0.5 0.181818008 0.5 0.181818008 1 0.0909089148 1 0.0909089148 0.5 0.0909089148 0.5 0.0909089148 1 -1.78813934e-07 1 -1.78813934e-07 0.5 0.620246172 0.45190084 0.75 0.49000001 0.879753828 0.45190084 0.968311667 0.349699616 0.987557173 0.215844452 0.931379914 0.0928333998 0.817615807 0.0197216868 0.682384193 0.0197216868 0.568620086 0.0928333998 0.512442827 0.215844452 0.531688333 0.349699616 </float_array>
          <technique_common>
            <accessor count="55" offset="0" source="#meshesQ10S-tex1-array" stride="2">
              <param name="S" type="float" />
              <param name="T" type="float" />
            </accessor>
          </technique_common>
        </source>
        <source id="meshesQ10S-tex2" name="meshesQ10S-tex2">
          <float_array id="meshesQ10S-tex2-array" count="110"> -0.42701894 0.499998093 1.59556794 0.499998093 1.59556794 -0.0467472076 -0.42701894 -0.0467472076 -0.42701894 1.35076356 1.59556794 1.35076356 1.59556794 0.920099437 -0.42701894 0.920099437 -0.42701894 0.920099437 1.59556794 0.920099437 1.59556794 0.356073558 -0.42701894 0.356073558 -0.42701894 0.356073558 1.59556794 0.356073558 1.59556794 -0.162267447 -0.42701894 -0.162267447 -0.42701894 -0.264286041 1.59556794 -0.264286041 1.59556794 0.215084076 -0.42701894 0.215084076 -0.42701894 0.215084076 1.59556794 0.215084076 1.59556794 0.784912109 -0.42701894 0.784912109 -0.42701894 0.784912109 1.59556794 0.784912109 1.59556794 1.26428223 -0.42701894 1.26428223 -0.42701894 -0.162267447 1.59556794 -0.162267447 1.59556794 0.356073558 -0.42701894 0.356073558 -0.42701894 0.356073558 1.59556794 0.356073558 1.59556794 0.920099437 -0.42701894 0.920099437 -0.42701894 0.920099437 1.59556794 0.920099437 1.59556794 1.35076356 -0.42701894 1.35076356 -0.42701894 1.0467453 1.59556794 1.0467453 1.59556794 0.499998093 -0.42701894 0.499998093 1.35076356 1.0467453 1.5112859 0.499998093 1.35076356 -0.0467472076 0.920099437 -0.419906616 0.356073558 -0.501001358 -0.162267506 -0.264286041 -0.47031194 0.215084076 -0.47031194 0.784912109 -0.162267506 1.26428223 0.356073558 1.50099754 0.920099437 1.4199028 </float_array>
          <technique_common>
            <accessor count="55" offset="0" source="#meshesQ10S-tex2-array" stride="2">
              <param name="S" type="float" />
              <param name="T" type="float" />
            </accessor>
          </technique_common>
        </source>
        <source id="meshesQ10S-tex3" name="meshesQ10S-tex3">
          <float_array id="meshesQ10S-tex3-array" count="110"> -0.42701894 0.499998093 1.59556794 0.499998093 1.59556794 -0.0467472076 -0.42701894 -0.0467472076 -0.42701894 1.35076356 1.59556794 1.35076356 1.59556794 0.920099437 -0.42701894 0.920099437 -0.42701894 0.920099437 1.59556794 0.920099437 1.59556794 0.356073558 -0.42701894 0.356073558 -0.42701894 0.356073558 1.59556794 0.356073558 1.59556794 -0.162267447 -0.42701894 -0.162267447 -0.42701894 -0.264286041 1.59556794 -0.264286041 1.59556794 0.215084076 -0.42701894 0.215084076 -0.42701894 0.215084076 1.59556794 0.215084076 1.59556794 0.784912109 -0.42701894 0.784912109 -0.42701894 0.784912109 1.59556794 0.784912109 1.59556794 1.26428223 -0.42701894 1.26428223 -0.42701894 -0.162267447 1.59556794 -0.162267447 1.59556794 0.356073558 -0.42701894 0.356073558 -0.42701894 0.356073558 1.59556794 0.356073558 1.59556794 0.920099437 -0.42701894 0.920099437 -0.42701894 0.920099437 1.59556794 0.920099437 1.59556794 1.35076356 -0.42701894 1.35076356 -0.42701894 1.0467453 1.59556794 1.0467453 1.59556794 0.499998093 -0.42701894 0.499998093 1.35076356 1.0467453 1.5112859 0.499998093 1.35076356 -0.0467472076 0.920099437 -0.419906616 0.356073558 -0.501001358 -0.162267506 -0.264286041 -0.47031194 0.215084076 -0.47031194 0.784912109 -0.162267506 1.26428223 0.356073558 1.50099754 0.920099437 1.4199028 </float_array>
          <technique_common>
            <accessor count="55" offset="0" source="#meshesQ10S-tex3-array" stride="2">
              <param name="S" type="float" />
              <param name="T" type="float" />
            </accessor>
          </technique_common>
        </source>
        <source id="meshesQ10S-tex4" name="meshesQ10S-tex4">
          <float_array id="meshesQ10S-tex4-array" count="110"> -0.42701894 0.499998093 1.59556794 0.499998093 1.59556794 -0.0467472076 -0.42701894 -0.0467472076 -0.42701894 1.35076356 1.59556794 1.35076356 1.59556794 0.920099437 -0.42701894 0.920099437 -0.42701894 0.920099437 1.59556794 0.920099437 1.59556794 0.356073558 -0.42701894 0.356073558 -0.42701894 0.356073558 1.59556794 0.356073558 1.59556794 -0.162267447 -0.42701894 -0.162267447 -0.42701894 -0.264286041 1.59556794 -0.264286041 1.59556794 0.215084076 -0.42701894 0.215084076 -0.42701894 0.215084076 1.59556794 0.215084076 1.59556794 0.784912109 -0.42701894 0.784912109 -0.42701894 0.784912109 1.59556794 0.784912109 1.59556794 1.26428223 -0.42701894 1.26428223 -0.42701894 -0.162267447 1.59556794 -0.162267447 1.59556794 0.356073558 -0.42701894 0.356073558 -0.42701894 0.356073558 1.59556794 0.356073558 1.59556794 0.920099437 -0.42701894 0.920099437 -0.42701894 0.920099437 1.59556794 0.920099437 1.59556794 1.35076356 -0.42701894 1.35076356 -0.42701894 1.0467453 1.59556794 1.0467453 1.59556794 0.499998093 -0.42701894 0.499998093 1.35076356 1.0467453 1.5112859 0.499998093 1.35076356 -0.0467472076 0.920099437 -0.419906616 0.356073558 -0.501001358 -0.162267506 -0.264286041 -0.47031194 0.215084076 -0.47031194 0.784912109 -0.162267506 1.26428223 0.356073558 1.50099754 0.920099437 1.4199028 </float_array>
          <technique_common>
            <accessor count="55" offset="0" source="#meshesQ10S-tex4-array" stride="2">
              <param name="S" type="float" />
              <param name="T" type="float" />
            </accessor>
          </technique_common>
        </source>
        <source id="meshesQ10S-tex5" name="meshesQ10S-tex5">
          <float_array id="meshesQ10S-tex5-array" count="110"> -0.42701894 0.499998093 1.59556794 0.499998093 1.59556794 -0.0467472076 -0.42701894 -0.0467472076 -0.42701894 1.35076356 1.59556794 1.35076356 1.59556794 0.920099437 -0.42701894 0.920099437 -0.42701894 0.920099437 1.59556794 0.920099437 1.59556794 0.356073558 -0.42701894 0.356073558 -0.42701894 0.356073558 1.59556794 0.356073558 1.59556794 -0.162267447 -0.42701894 -0.162267447 -0.42701894 -0.264286041 1.59556794 -0.264286041 1.59556794 0.215084076 -0.42701894 0.215084076 -0.42701894 0.215084076 1.59556794 0.215084076 1.59556794 0.784912109 -0.42701894 0.784912109 -0.42701894 0.784912109 1.59556794 0.784912109 1.59556794 1.26428223 -0.42701894 1.26428223 -0.42701894 -0.162267447 1.59556794 -0.162267447 1.59556794 0.356073558 -0.42701894 0.356073558 -0.42701894 0.356073558 1.59556794 0.356073558 1.59556794 0.920099437 -0.42701894 0.920099437 -0.42701894 0.920099437 1.59556794 0.920099437 1.59556794 1.35076356 -0.42701894 1.35076356 -0.42701894 1.0467453 1.59556794 1.0467453 1.59556794 0.499998093 -0.42701894 0.499998093 1.35076356 1.0467453 1.5112859 0.499998093 1.35076356 -0.0467472076 0.920099437 -0.419906616 0.356073558 -0.501001358 -0.162267506 -0.264286041 -0.47031194 0.215084076 -0.47031194 0.784912109 -0.162267506 1.26428223 0.356073558 1.50099754 0.920099437 1.4199028 </float_array>
          <technique_common>
            <accessor count="55" offset="0" source="#meshesQ10S-tex5-array" stride="2">
              <param name="S" type="float" />
              <param name="T" type="float" />
            </accessor>
          </technique_common>
        </source>
        <vertices id="meshesQ10S-vertices">
          <input semantic="POSITION" source="#meshesQ10S-positions" />
        </vertices>
        <polylist count="31" material="defaultMaterial">
          <input offset="0" semantic="VERTEX" source="#meshesQ10S-vertices" />
          <input offset="0" semantic="NORMAL" source="#meshesQ10S-normals" />
          <input offset="0" semantic="TEXCOORD" source="#meshesQ10S-tex0" set="0" />
          <input offset="0" semantic="TEXCOORD" source="#meshesQ10S-tex1" set="1" />
          <input offset="0" semantic="TEXCOORD" source="#meshesQ10S-tex2" set="2" />
          <input offset="0" semantic="TEXCOORD" source="#meshesQ10S-tex3" set="3" />
          <input offset="0" semantic="TEXCOORD" source="#meshesQ10S-tex4" set="4" />
          <input offset="0" semantic="TEXCOORD" source="#meshesQ10S-tex5" set="5" />
          <vcount>3 3 3 3 3 3 3 3 3 3 3 3 3 3 3 3 3 3 3 3 3 3 3 3 3 3 3 3 3 3 3 </vcount>
          <p>0 1 2 0 2 3 4 5 6 4 6 7 8 9 10 8 10 11 12 13 14 12 14 15 16 17 18 16 18 19 20 21 22 20 22 23 24 25 26 24 26 27 28 29 30 28 30 31 32 33 34 32 34 35 36 37 38 36 38 39 40 41 42 40 42 43 44 45 46 46 47 48 48 49 50 50 51 52 52 53 54 54 44 46 46 48 50 50 52 54 46 50 54 </p>
        </polylist>
      </mesh>
    </geometry>
    <geometry id="meshesQ11S" name="meshes[11]" >
      <mesh>
        <source id="meshesQ11S-positions" name="meshesQ11S-positions">
          <float_array id="meshesQ11S-positions-array" count="60"> -0.764011383 16.4635487 2.19747925 -0.764011383 25.4102249 2.19747925 -0.764011383 25.4102249 -2.30532837 -0.764011383 16.4635487 -2.30532837 -0.764011383 16.4635487 -2.30532837 -0.764011383 25.4102249 -2.30532837 0.342712402 25.4102249 -2.30532837 0.342712402 16.4635487 -2.30532837 0.342712402 16.4635487 -2.30532837 0.342712402 25.4102249 -2.30532837 0.342712402 25.4102249 2.19747925 0.342712402 16.4635487 2.19747925 0.342712402 16.4635487 2.19747925 0.342712402 25.4102249 2.19747925 -0.764011383 25.4102249 2.19747925 -0.764011383 16.4635487 2.19747925 0.342712402 25.4102249 -2.30532837 -0.764011383 25.4102249 -2.30532837 -0.764011383 25.4102249 2.19747925 0.342712402 25.4102249 2.19747925 </float_array>
          <technique_common>
            <accessor count="20" offset="0" source="#meshesQ11S-positions-array" stride="3">
              <param name="X" type="float" />
              <param name="Y" type="float" />
              <param name="Z" type="float" />
            </accessor>
          </technique_common>
        </source>
        <source id="meshesQ11S-normals" name="meshesQ11S-normals">
          <float_array id="meshesQ11S-normals-array" count="60"> -1 0 0 -1 0 0 -1 0 0 -1 0 0 0 0 -1 0 0 -1 0 0 -1 0 0 -1 1 0 0 1 0 0 1 0 0 1 0 0 0 0 1 0 0 1 0 0 1 0 0 1 0 1 0 0 1 0 0 1 0 0 1 0 </float_array>
          <technique_common>
            <accessor count="20" offset="0" source="#meshesQ11S-normals-array" stride="3">
              <param name="X" type="float" />
              <param name="Y" type="float" />
              <param name="Z" type="float" />
            </accessor>
          </technique_common>
        </source>
        <source id="meshesQ11S-tex0" name="meshesQ11S-tex0">
          <float_array id="meshesQ11S-tex0-array" count="40"> -1.75140381 -4.86800575 -1.75140381 4.0786705 2.75140381 4.0786705 2.75140381 -4.86800575 -0.0533618927 -4.86800575 -0.0533618927 4.0786705 1.05336189 4.0786705 1.05336189 -4.86800575 2.75140381 -4.86800575 2.75140381 4.0786705 -1.75140381 4.0786705 -1.75140381 -4.86800575 1.05336189 -4.86800575 1.05336189 4.0786705 -0.0533618927 4.0786705 -0.0533618927 -4.86800575 1.05336189 2.75140381 -0.0533618927 2.75140381 -0.0533618927 -1.75140381 1.05336189 -1.75140381 </float_array>
          <technique_common>
            <accessor count="20" offset="0" source="#meshesQ11S-tex0-array" stride="2">
              <param name="S" type="float" />
              <param name="T" type="float" />
            </accessor>
          </technique_common>
        </source>
        <source id="meshesQ11S-tex1" name="meshesQ11S-tex1">
          <float_array id="meshesQ11S-tex1-array" count="40"> 0.375 0 0.625 0 0.625 0.25 0.375 0.25 0.375 0.25 0.625 0.25 0.625 0.5 0.375 0.5 0.375 0.5 0.625 0.5 0.625 0.75 0.375 0.75 0.375 0.75 0.625 0.75 0.625 1 0.375 1 0.625 0.5 0.875 0.5 0.875 0.75 0.625 0.75 </float_array>
          <technique_common>
            <accessor count="20" offset="0" source="#meshesQ11S-tex1-array" stride="2">
              <param name="S" type="float" />
              <param name="T" type="float" />
            </accessor>
          </technique_common>
        </source>
        <source id="meshesQ11S-tex2" name="meshesQ11S-tex2">
          <float_array id="meshesQ11S-tex2-array" count="40"> -1.75140381 -4.86800575 -1.75140381 4.0786705 2.75140381 4.0786705 2.75140381 -4.86800575 -0.0533618927 -4.86800575 -0.0533618927 4.0786705 1.05336189 4.0786705 1.05336189 -4.86800575 2.75140381 -4.86800575 2.75140381 4.0786705 -1.75140381 4.0786705 -1.75140381 -4.86800575 1.05336189 -4.86800575 1.05336189 4.0786705 -0.0533618927 4.0786705 -0.0533618927 -4.86800575 1.05336189 2.75140381 -0.0533618927 2.75140381 -0.0533618927 -1.75140381 1.05336189 -1.75140381 </float_array>
          <technique_common>
            <accessor count="20" offset="0" source="#meshesQ11S-tex2-array" stride="2">
              <param name="S" type="float" />
              <param name="T" type="float" />
            </accessor>
          </technique_common>
        </source>
        <source id="meshesQ11S-tex3" name="meshesQ11S-tex3">
          <float_array id="meshesQ11S-tex3-array" count="40"> -1.75140381 -4.86800575 -1.75140381 4.0786705 2.75140381 4.0786705 2.75140381 -4.86800575 -0.0533618927 -4.86800575 -0.0533618927 4.0786705 1.05336189 4.0786705 1.05336189 -4.86800575 2.75140381 -4.86800575 2.75140381 4.0786705 -1.75140381 4.0786705 -1.75140381 -4.86800575 1.05336189 -4.86800575 1.05336189 4.0786705 -0.0533618927 4.0786705 -0.0533618927 -4.86800575 1.05336189 2.75140381 -0.0533618927 2.75140381 -0.0533618927 -1.75140381 1.05336189 -1.75140381 </float_array>
          <technique_common>
            <accessor count="20" offset="0" source="#meshesQ11S-tex3-array" stride="2">
              <param name="S" type="float" />
              <param name="T" type="float" />
            </accessor>
          </technique_common>
        </source>
        <source id="meshesQ11S-tex4" name="meshesQ11S-tex4">
          <float_array id="meshesQ11S-tex4-array" count="40"> -1.75140381 -4.86800575 -1.75140381 4.0786705 2.75140381 4.0786705 2.75140381 -4.86800575 -0.0533618927 -4.86800575 -0.0533618927 4.0786705 1.05336189 4.0786705 1.05336189 -4.86800575 2.75140381 -4.86800575 2.75140381 4.0786705 -1.75140381 4.0786705 -1.75140381 -4.86800575 1.05336189 -4.86800575 1.05336189 4.0786705 -0.0533618927 4.0786705 -0.0533618927 -4.86800575 1.05336189 2.75140381 -0.0533618927 2.75140381 -0.0533618927 -1.75140381 1.05336189 -1.75140381 </float_array>
          <technique_common>
            <accessor count="20" offset="0" source="#meshesQ11S-tex4-array" stride="2">
              <param name="S" type="float" />
              <param name="T" type="float" />
            </accessor>
          </technique_common>
        </source>
        <vertices id="meshesQ11S-vertices">
          <input semantic="POSITION" source="#meshesQ11S-positions" />
        </vertices>
        <polylist count="10" material="defaultMaterial">
          <input offset="0" semantic="VERTEX" source="#meshesQ11S-vertices" />
          <input offset="0" semantic="NORMAL" source="#meshesQ11S-normals" />
          <input offset="0" semantic="TEXCOORD" source="#meshesQ11S-tex0" set="0" />
          <input offset="0" semantic="TEXCOORD" source="#meshesQ11S-tex1" set="1" />
          <input offset="0" semantic="TEXCOORD" source="#meshesQ11S-tex2" set="2" />
          <input offset="0" semantic="TEXCOORD" source="#meshesQ11S-tex3" set="3" />
          <input offset="0" semantic="TEXCOORD" source="#meshesQ11S-tex4" set="4" />
          <vcount>3 3 3 3 3 3 3 3 3 3 </vcount>
          <p>0 1 2 0 2 3 4 5 6 4 6 7 8 9 10 8 10 11 12 13 14 12 14 15 16 17 18 16 18 19 </p>
        </polylist>
      </mesh>
    </geometry>
    <geometry id="meshesQ12S" name="meshes[12]" >
      <mesh>
        <source id="meshesQ12S-positions" name="meshesQ12S-positions">
          <float_array id="meshesQ12S-positions-array" count="648"> -1.77882385 23.6796131 1.19873047 0.487071991 23.6796131 1.19873047 0.487071991 24.3455448 0.959503174 -1.77882385 24.3455448 0.959503174 -1.77882385 24.3455448 0.959503174 0.487071991 24.3455448 0.959503174 0.487071991 24.7571106 0.3331604 -1.77882385 24.7571106 0.3331604 -1.77882385 24.7571106 0.3331604 0.487071991 24.7571106 0.3331604 0.487071991 24.7571106 -0.441040039 -1.77882385 24.7571106 -0.441040039 0.487071991 24.241396 -0.908874512 0.487071991 24.5885963 -0.380493164 -1.77882385 24.5885963 -0.380493164 -1.77882385 24.241396 -0.908874512 -1.77882385 24.7571106 -0.441040039 0.487071991 24.7571106 -0.441040039 0.487071991 24.3455448 -1.06735229 -1.77882385 24.3455448 -1.06735229 -1.77882385 24.3455448 -1.06735229 0.487071991 24.3455448 -1.06735229 0.487071991 23.6796131 -1.30657959 -1.77882385 23.6796131 -1.30657959 0.487071991 23.6796131 -1.11068726 0.487071991 24.241396 -0.908874512 -1.77882385 24.241396 -0.908874512 -1.77882385 23.6796131 -1.11068726 -1.77882385 24.241396 0.800994873 -1.77882385 23.6796131 1.00280762 -1.77882385 23.6796131 1.19873047 -1.77882385 24.3455448 0.959503174 0.487071991 23.6796131 1.00280762 0.487071991 24.241396 0.800994873 0.487071991 24.3455448 0.959503174 0.487071991 23.6796131 1.19873047 -1.77882385 24.5885963 0.272613525 -1.77882385 24.7571106 0.3331604 0.487071991 24.5885963 0.272613525 0.487071991 24.7571106 0.3331604 -1.77882385 24.5885963 -0.380493164 -1.77882385 24.7571106 -0.441040039 0.487071991 24.5885963 -0.380493164 0.487071991 24.7571106 -0.441040039 -1.77882385 24.241396 -0.908874512 -1.77882385 24.3455448 -1.06735229 0.487071991 24.241396 -0.908874512 0.487071991 24.3455448 -1.06735229 -1.77882385 23.6796131 -1.11068726 -1.77882385 23.6796131 -1.30657959 0.487071991 23.6796131 -1.11068726 0.487071991 23.6796131 -1.30657959 0.487071991 24.5885963 -0.380493164 0.487071991 24.5885963 0.272613525 -1.77882385 24.5885963 0.272613525 -1.77882385 24.5885963 -0.380493164 0.487071991 24.5885963 0.272613525 0.487071991 24.241396 0.800994873 -1.77882385 24.241396 0.800994873 -1.77882385 24.5885963 0.272613525 0.487071991 24.241396 0.800994873 0.487071991 23.6796131 1.00280762 -1.77882385 23.6796131 1.00280762 -1.77882385 24.241396 0.800994873 0.487071991 23.6796131 -1.30657959 0.487071991 23.6796131 -1.11068726 -1.77882385 23.6796131 -1.11068726 -1.77882385 23.6796131 -1.30657959 -1.77882385 23.6796131 1.19873047 -1.77882385 23.6796131 1.00280762 0.487071991 23.6796131 1.00280762 0.487071991 23.6796131 1.19873047 -1.77882385 21.0245056 1.19873047 0.487071991 21.0245056 1.19873047 0.487071991 21.6904373 0.959503174 -1.77882385 21.6904373 0.959503174 -1.77882385 21.6904373 0.959503174 0.487071991 21.6904373 0.959503174 0.487071991 22.1020031 0.3331604 -1.77882385 22.102005 0.3331604 -1.77882385 22.102005 0.3331604 0.487071991 22.1020031 0.3331604 0.487071991 22.1020031 -0.441040039 -1.77882385 22.102005 -0.441040039 0.487071991 21.5862885 -0.908874512 0.487071991 21.9334888 -0.380493164 -1.77882385 21.9334888 -0.380493164 -1.77882385 21.5862885 -0.908874512 -1.77882385 22.102005 -0.441040039 0.487071991 22.1020031 -0.441040039 0.487071991 21.6904373 -1.06735229 -1.77882385 21.6904373 -1.06735229 -1.77882385 21.6904373 -1.06735229 0.487071991 21.6904373 -1.06735229 0.487071991 21.0245056 -1.30657959 -1.77882385 21.0245056 -1.30657959 0.487071991 21.0245056 -1.11068726 0.487071991 21.5862885 -0.908874512 -1.77882385 21.5862885 -0.908874512 -1.77882385 21.0245056 -1.11068726 -1.77882385 21.5862885 0.800994873 -1.77882385 21.0245056 1.00280762 -1.77882385 21.0245056 1.19873047 -1.77882385 21.6904373 0.959503174 0.487071991 21.0245056 1.00280762 0.487071991 21.5862885 0.800994873 0.487071991 21.6904373 0.959503174 0.487071991 21.0245056 1.19873047 -1.77882385 21.9334888 0.272613525 -1.77882385 22.102005 0.3331604 0.487071991 21.9334888 0.272613525 0.487071991 22.1020031 0.3331604 -1.77882385 21.9334888 -0.380493164 -1.77882385 22.102005 -0.441040039 0.487071991 21.9334888 -0.380493164 0.487071991 22.1020031 -0.441040039 -1.77882385 21.5862885 -0.908874512 -1.77882385 21.6904373 -1.06735229 0.487071991 21.5862885 -0.908874512 0.487071991 21.6904373 -1.06735229 -1.77882385 21.0245056 -1.11068726 -1.77882385 21.0245056 -1.30657959 0.487071991 21.0245056 -1.11068726 0.487071991 21.0245056 -1.30657959 0.487071991 21.9334888 -0.380493164 0.487071991 21.9334888 0.272613525 -1.77882385 21.9334888 0.272613525 -1.77882385 21.9334888 -0.380493164 0.487071991 21.9334888 0.272613525 0.487071991 21.5862885 0.800994873 -1.77882385 21.5862885 0.800994873 -1.77882385 21.9334888 0.272613525 0.487071991 21.5862885 0.800994873 0.487071991 21.0245056 1.00280762 -1.77882385 21.0245056 1.00280762 -1.77882385 21.5862885 0.800994873 0.487071991 21.0245056 -1.30657959 0.487071991 21.0245056 -1.11068726 -1.77882385 21.0245056 -1.11068726 -1.77882385 21.0245056 -1.30657959 -1.77882385 21.0245056 1.19873047 -1.77882385 21.0245056 1.00280762 0.487071991 21.0245056 1.00280762 0.487071991 21.0245056 1.19873047 -1.77882385 18.1639233 1.19873047 0.487071991 18.1639233 1.19873047 0.487071991 18.8298531 0.959503174 -1.77882385 18.8298531 0.959503174 -1.77882385 18.8298531 0.959503174 0.487071991 18.8298531 0.959503174 0.487071991 19.2414227 0.3331604 -1.77882385 19.2414227 0.3331604 -1.77882385 19.2414227 0.3331604 0.487071991 19.2414227 0.3331604 0.487071991 19.2414227 -0.441040039 -1.77882385 19.2414227 -0.441040039 0.487071991 18.7257061 -0.908874512 0.487071991 19.0729065 -0.380493164 -1.77882385 19.0729065 -0.380493164 -1.77882385 18.7257061 -0.908874512 -1.77882385 19.2414227 -0.441040039 0.487071991 19.2414227 -0.441040039 0.487071991 18.8298531 -1.06735229 -1.77882385 18.8298531 -1.06735229 -1.77882385 18.8298531 -1.06735229 0.487071991 18.8298531 -1.06735229 0.487071991 18.1639233 -1.30657959 -1.77882385 18.1639233 -1.30657959 0.487071991 18.1639233 -1.11068726 0.487071991 18.7257061 -0.908874512 -1.77882385 18.7257061 -0.908874512 -1.77882385 18.1639233 -1.11068726 -1.77882385 18.7257061 0.800994873 -1.77882385 18.1639233 1.00280762 -1.77882385 18.1639233 1.19873047 -1.77882385 18.8298531 0.959503174 0.487071991 18.1639233 1.00280762 0.487071991 18.7257061 0.800994873 0.487071991 18.8298531 0.959503174 0.487071991 18.1639233 1.19873047 -1.77882385 19.0729065 0.272613525 -1.77882385 19.2414227 0.3331604 0.487071991 19.0729065 0.272613525 0.487071991 19.2414227 0.3331604 -1.77882385 19.0729065 -0.380493164 -1.77882385 19.2414227 -0.441040039 0.487071991 19.0729065 -0.380493164 0.487071991 19.2414227 -0.441040039 -1.77882385 18.7257061 -0.908874512 -1.77882385 18.8298531 -1.06735229 0.487071991 18.7257061 -0.908874512 0.487071991 18.8298531 -1.06735229 -1.77882385 18.1639233 -1.11068726 -1.77882385 18.1639233 -1.30657959 0.487071991 18.1639233 -1.11068726 0.487071991 18.1639233 -1.30657959 0.487071991 19.0729065 -0.380493164 0.487071991 19.0729065 0.272613525 -1.77882385 19.0729065 0.272613525 -1.77882385 19.0729065 -0.380493164 0.487071991 19.0729065 0.272613525 0.487071991 18.7257061 0.800994873 -1.77882385 18.7257061 0.800994873 -1.77882385 19.0729065 0.272613525 0.487071991 18.7257061 0.800994873 0.487071991 18.1639233 1.00280762 -1.77882385 18.1639233 1.00280762 -1.77882385 18.7257061 0.800994873 0.487071991 18.1639233 -1.30657959 0.487071991 18.1639233 -1.11068726 -1.77882385 18.1639233 -1.11068726 -1.77882385 18.1639233 -1.30657959 -1.77882385 18.1639233 1.19873047 -1.77882385 18.1639233 1.00280762 0.487071991 18.1639233 1.00280762 0.487071991 18.1639233 1.19873047 </float_array>
          <technique_common>
            <accessor count="216" offset="0" source="#meshesQ12S-positions-array" stride="3">
              <param name="X" type="float" />
              <param name="Y" type="float" />
              <param name="Z" type="float" />
            </accessor>
          </technique_common>
        </source>
        <source id="meshesQ12S-normals" name="meshesQ12S-normals">
          <float_array id="meshesQ12S-normals-array" count="648"> 0 0.338103235 0.941109061 0 0.338103235 0.941109061 0 0.338103235 0.941109061 0 0.338103235 0.941109061 0 0.835739553 0.549126029 0 0.835739553 0.549126029 0 0.835739553 0.549126029 0 0.835739553 0.549126029 0 1 0 0 1 0 0 1 0 0 1 0 0 -0.835693717 0.549195886 0 -0.835693717 0.549195886 0 -0.835693717 0.549195886 0 -0.835693717 0.549195886 0 0.835693717 -0.549195886 0 0.835693717 -0.549195886 0 0.835693717 -0.549195886 0 0.835693717 -0.549195886 0 0.338103235 -0.941109061 0 0.338103235 -0.941109061 0 0.338103235 -0.941109061 0 0.338103235 -0.941109061 0 -0.338103235 0.941109061 0 -0.338103235 0.941109061 0 -0.338103235 0.941109061 0 -0.338103235 0.941109061 -1 0 0 -1 0 0 -1 0 0 -1 0 0 1 0 0 1 0 0 1 0 0 1 0 0 -1 0 0 -1 0 0 1 0 0 1 0 0 -1 0 0 -1 0 0 1 0 0 1 0 0 -1 0 0 -1 0 0 1 0 0 1 0 0 -1 0 0 -1 0 0 1 0 0 1 0 0 0 -1 0 0 -1 0 0 -1 0 0 -1 0 0 -0.835693717 -0.549195886 0 -0.835693717 -0.549195886 0 -0.835693717 -0.549195886 0 -0.835693717 -0.549195886 0 -0.338103235 -0.941109061 0 -0.338103235 -0.941109061 0 -0.338103235 -0.941109061 0 -0.338103235 -0.941109061 0 -1 0 0 -1 0 0 -1 0 0 -1 0 0 -1 0 0 -1 0 0 -1 0 0 -1 0 0 0.338103235 0.941109061 0 0.338103235 0.941109061 0 0.338103235 0.941109061 0 0.338103235 0.941109061 0 0.835693717 0.549195886 0 0.835693717 0.549195886 0 0.835693717 0.549195886 0 0.835693717 0.549195886 0 1 0 0 1 0 0 1 0 0 1 0 0 -0.835693717 0.549195886 0 -0.835693717 0.549195886 0 -0.835693717 0.549195886 0 -0.835693717 0.549195886 0 0.835693717 -0.549195886 0 0.835693717 -0.549195886 0 0.835693717 -0.549195886 0 0.835693717 -0.549195886 0 0.338103235 -0.941109061 0 0.338103235 -0.941109061 0 0.338103235 -0.941109061 0 0.338103235 -0.941109061 0 -0.338103235 0.941109061 0 -0.338103235 0.941109061 0 -0.338103235 0.941109061 0 -0.338103235 0.941109061 -1 0 0 -1 0 0 -1 0 0 -1 0 0 1 0 0 1 0 0 1 0 0 1 0 0 -1 0 0 -1 0 0 1 0 0 1 0 0 -1 0 0 -1 0 0 1 0 0 1 0 0 -1 0 0 -1 0 0 1 0 0 1 0 0 -1 0 0 -1 0 0 1 0 0 1 0 0 0 -1 0 0 -1 0 0 -1 0 0 -1 0 0 -0.835693717 -0.549195886 0 -0.835693717 -0.549195886 0 -0.835693717 -0.549195886 0 -0.835693717 -0.549195886 0 -0.338103235 -0.941109061 0 -0.338103235 -0.941109061 0 -0.338103235 -0.941109061 0 -0.338103235 -0.941109061 0 -1 0 0 -1 0 0 -1 0 0 -1 0 0 -1 0 0 -1 0 0 -1 0 0 -1 0 0 0.338103235 0.941109061 0 0.338103235 0.941109061 0 0.338103235 0.941109061 0 0.338103235 0.941109061 0 0.835693717 0.549195886 0 0.835693717 0.549195886 0 0.835693717 0.549195886 0 0.835693717 0.549195886 0 1 0 0 1 0 0 1 0 0 1 0 0 -0.835693717 0.549195886 0 -0.835693717 0.549195886 0 -0.835693717 0.549195886 0 -0.835693717 0.549195886 0 0.835693717 -0.549195886 0 0.835693717 -0.549195886 0 0.835693717 -0.549195886 0 0.835693717 -0.549195886 0 0.338103235 -0.941109061 0 0.338103235 -0.941109061 0 0.338103235 -0.941109061 0 0.338103235 -0.941109061 0 -0.338103235 0.941109061 0 -0.338103235 0.941109061 0 -0.338103235 0.941109061 0 -0.338103235 0.941109061 -1 0 0 -1 0 0 -1 0 0 -1 0 0 1 0 0 1 0 0 1 0 0 1 0 0 -1 0 0 -1 0 0 1 0 0 1 0 0 -1 0 0 -1 0 0 1 0 0 1 0 0 -1 0 0 -1 0 0 1 0 0 1 0 0 -1 0 0 -1 0 0 1 0 0 1 0 0 0 -1 0 0 -1 0 0 -1 0 0 -1 0 0 -0.835693717 -0.549195886 0 -0.835693717 -0.549195886 0 -0.835693717 -0.549195886 0 -0.835693717 -0.549195886 0 -0.338103235 -0.941109061 0 -0.338103235 -0.941109061 0 -0.338103235 -0.941109061 0 -0.338103235 -0.941109061 0 -1 0 0 -1 0 0 -1 0 0 -1 0 0 -1 0 0 -1 0 0 -1 0 0 -1 0 </float_array>
          <technique_common>
            <accessor count="216" offset="0" source="#meshesQ12S-normals-array" stride="3">
              <param name="X" type="float" />
              <param name="Y" type="float" />
              <param name="Z" type="float" />
            </accessor>
          </technique_common>
        </source>
        <source id="meshesQ12S-tex0" name="meshesQ12S-tex0">
          <float_array id="meshesQ12S-tex0-array" count="432"> -0.632947922 2.63919258 1.63294792 2.63919258 1.63294792 3.30512428 -0.632947922 3.30512428 -0.632947922 -0.513438106 1.63294792 -0.513438106 1.63294792 0.112904668 -0.632947922 0.112904668 -0.632947922 0.112904668 1.63294792 0.112904668 1.63294792 0.887105107 -0.632947922 0.887105107 1.63294792 1.35493946 1.63294792 0.826558232 -0.632947922 0.826558232 -0.632947922 1.35493946 -0.632947922 0.887105107 1.63294792 0.887105107 1.63294792 1.51341736 -0.632947922 1.51341736 -0.632947922 3.30512428 1.63294792 3.30512428 1.63294792 2.63919258 -0.632947922 2.63919258 1.63294792 2.63919258 1.63294792 3.20097542 -0.632947922 3.20097542 -0.632947922 2.63919258 -0.354929864 3.20097542 -0.556742549 2.63919258 -0.752665401 2.63919258 -0.513438106 3.30512428 -0.556742549 2.63919258 -0.354929864 3.20097542 -0.513438106 3.30512428 -0.752665401 2.63919258 0.173451513 3.54817581 0.112904638 3.71669006 0.173451513 3.54817581 0.112904638 3.71669006 0.826558232 3.54817581 0.887105107 3.71669006 0.826558232 3.54817581 0.887105107 3.71669006 1.35493946 3.20097542 1.51341736 3.30512428 1.35493946 3.20097542 1.51341736 3.30512428 1.55675232 2.63919258 1.75264466 2.63919258 1.55675232 2.63919258 1.75264466 2.63919258 1.63294792 0.826558232 1.63294792 0.173451543 -0.632947922 0.173451543 -0.632947922 0.826558232 1.63294792 0.173451543 1.63294792 -0.354929924 -0.632947922 -0.354929924 -0.632947922 0.173451543 1.63294792 3.20097542 1.63294792 2.63919258 -0.632947922 2.63919258 -0.632947922 3.20097542 1.63294792 1.75264466 1.63294792 1.55675232 -0.632947922 1.55675232 -0.632947922 1.75264466 -0.632947922 -0.752665401 -0.632947922 -0.556742549 1.63294792 -0.556742549 1.63294792 -0.752665401 -0.632947922 -0.015914917 1.63294792 -0.015914917 1.63294792 0.650016785 -0.632947922 0.650016785 -0.632947922 -0.513438106 1.63294792 -0.513438106 1.63294792 0.112904668 -0.632947922 0.112904668 -0.632947922 0.112904668 1.63294792 0.112904668 1.63294792 0.887105107 -0.632947922 0.887105107 1.63294792 1.35493946 1.63294792 0.826558232 -0.632947922 0.826558232 -0.632947922 1.35493946 -0.632947922 0.887105107 1.63294792 0.887105107 1.63294792 1.51341736 -0.632947922 1.51341736 -0.632947922 0.650016785 1.63294792 0.650016785 1.63294792 -0.015914917 -0.632947922 -0.015914917 1.63294792 -0.015914917 1.63294792 0.54586792 -0.632947922 0.54586792 -0.632947922 -0.015914917 -0.354929864 0.54586792 -0.556742549 -0.015914917 -0.752665401 -0.015914917 -0.513438106 0.650016785 -0.556742549 -0.015914917 -0.354929864 0.54586792 -0.513438106 0.650016785 -0.752665401 -0.015914917 0.173451513 0.893068314 0.112904638 1.06158447 0.173451513 0.893068314 0.112904638 1.06158257 0.826558232 0.893068314 0.887105107 1.06158447 0.826558232 0.893068314 0.887105107 1.06158257 1.35493946 0.54586792 1.51341736 0.650016785 1.35493946 0.54586792 1.51341736 0.650016785 1.55675232 -0.015914917 1.75264466 -0.015914917 1.55675232 -0.015914917 1.75264466 -0.015914917 1.63294792 0.826558232 1.63294792 0.173451543 -0.632947922 0.173451543 -0.632947922 0.826558232 1.63294792 0.173451543 1.63294792 -0.354929924 -0.632947922 -0.354929924 -0.632947922 0.173451543 1.63294792 0.54586792 1.63294792 -0.015914917 -0.632947922 -0.015914917 -0.632947922 0.54586792 1.63294792 1.75264466 1.63294792 1.55675232 -0.632947922 1.55675232 -0.632947922 1.75264466 -0.632947922 -0.752665401 -0.632947922 -0.556742549 1.63294792 -0.556742549 1.63294792 -0.752665401 -0.632947922 -2.87649727 1.63294792 -2.87649727 1.63294792 -2.21056747 -0.632947922 -2.21056747 -0.632947922 -0.513438106 1.63294792 -0.513438106 1.63294792 0.112904668 -0.632947922 0.112904668 -0.632947922 0.112904668 1.63294792 0.112904668 1.63294792 0.887105107 -0.632947922 0.887105107 1.63294792 1.35493946 1.63294792 0.826558232 -0.632947922 0.826558232 -0.632947922 1.35493946 -0.632947922 0.887105107 1.63294792 0.887105107 1.63294792 1.51341736 -0.632947922 1.51341736 -0.632947922 -2.21056747 1.63294792 -2.21056747 1.63294792 -2.87649727 -0.632947922 -2.87649727 1.63294792 -2.87649727 1.63294792 -2.31471443 -0.632947922 -2.31471443 -0.632947922 -2.87649727 -0.354929864 -2.31471443 -0.556742549 -2.87649727 -0.752665401 -2.87649727 -0.513438106 -2.21056747 -0.556742549 -2.87649727 -0.354929864 -2.31471443 -0.513438106 -2.21056747 -0.752665401 -2.87649727 0.173451513 -1.96751404 0.112904638 -1.79899788 0.173451513 -1.96751404 0.112904638 -1.79899788 0.826558232 -1.96751404 0.887105107 -1.79899788 0.826558232 -1.96751404 0.887105107 -1.79899788 1.35493946 -2.31471443 1.51341736 -2.21056747 1.35493946 -2.31471443 1.51341736 -2.21056747 1.55675232 -2.87649727 1.75264466 -2.87649727 1.55675232 -2.87649727 1.75264466 -2.87649727 1.63294792 0.826558232 1.63294792 0.173451543 -0.632947922 0.173451543 -0.632947922 0.826558232 1.63294792 0.173451543 1.63294792 -0.354929924 -0.632947922 -0.354929924 -0.632947922 0.173451543 1.63294792 -2.31471443 1.63294792 -2.87649727 -0.632947922 -2.87649727 -0.632947922 -2.31471443 1.63294792 1.75264466 1.63294792 1.55675232 -0.632947922 1.55675232 -0.632947922 1.75264466 -0.632947922 -0.752665401 -0.632947922 -0.556742549 1.63294792 -0.556742549 1.63294792 -0.752665401 </float_array>
          <technique_common>
            <accessor count="216" offset="0" source="#meshesQ12S-tex0-array" stride="2">
              <param name="S" type="float" />
              <param name="T" type="float" />
            </accessor>
          </technique_common>
        </source>
        <source id="meshesQ12S-tex1" name="meshesQ12S-tex1">
          <float_array id="meshesQ12S-tex1-array" count="432"> 0.499999911 0.5 0.499999911 1 0.399999917 1 0.399999917 0.5 0.399999917 0.5 0.399999917 1 0.299999923 1 0.299999923 0.5 0.299999923 0.5 0.299999923 1 0.199999928 1 0.199999928 0.5 0.130993888 0.413797736 0.0574440844 0.312565148 0.557444096 0.312565207 0.630993843 0.413797796 0.199999928 0.5 0.199999928 1 0.099999927 1 0.099999927 0.5 0.099999927 0.5 0.099999927 1 -7.4505806e-08 1 -7.4505806e-08 0.5 0.249999955 0.452465177 0.130993888 0.413797736 0.630993843 0.413797796 0.749999821 0.452465177 0.630993903 0.0862021446 0.75 0.0475347638 0.75 0.00999999046 0.608931541 0.0558359027 0.24999997 0.0475347638 0.130993903 0.0862021446 0.108931541 0.0558359027 0.25 0.00999999046 0.557444096 0.187434793 0.521746457 0.175835907 0.0574440919 0.187434793 0.0217464417 0.175835907 0.557444096 0.312565207 0.521746457 0.324164093 0.0574440844 0.312565148 0.0217464417 0.324164093 0.630993843 0.413797796 0.608931541 0.444164097 0.130993888 0.413797736 0.108931541 0.444164097 0.749999821 0.452465177 0.75 0.49000001 0.249999955 0.452465177 0.25 0.49000001 0.0574440844 0.312565148 0.0574440919 0.187434793 0.557444096 0.187434793 0.557444096 0.312565207 0.0574440919 0.187434793 0.130993903 0.0862021446 0.630993903 0.0862021446 0.557444096 0.187434793 0.130993903 0.0862021446 0.24999997 0.0475347638 0.75 0.0475347638 0.630993903 0.0862021446 0.25 0.49000001 0.249999955 0.452465177 0.749999821 0.452465177 0.75 0.49000001 0.75 0.00999999046 0.75 0.0475347638 0.24999997 0.0475347638 0.25 0.00999999046 0.499999911 0.5 0.499999911 1 0.399999917 1 0.399999917 0.5 0.399999917 0.5 0.399999917 1 0.299999923 1 0.299999923 0.5 0.299999923 0.5 0.299999923 1 0.199999928 1 0.199999928 0.5 0.130993888 0.413797736 0.0574440844 0.312565148 0.557444096 0.312565207 0.630993843 0.413797796 0.199999928 0.5 0.199999928 1 0.099999927 1 0.099999927 0.5 0.099999927 0.5 0.099999927 1 -7.4505806e-08 1 -7.4505806e-08 0.5 0.249999955 0.452465177 0.130993888 0.413797736 0.630993843 0.413797796 0.749999821 0.452465177 0.630993903 0.0862021446 0.75 0.0475347638 0.75 0.00999999046 0.608931541 0.0558359027 0.24999997 0.0475347638 0.130993903 0.0862021446 0.108931541 0.0558359027 0.25 0.00999999046 0.557444096 0.187434793 0.521746457 0.175835907 0.0574440919 0.187434793 0.0217464417 0.175835907 0.557444096 0.312565207 0.521746457 0.324164093 0.0574440844 0.312565148 0.0217464417 0.324164093 0.630993843 0.413797796 0.608931541 0.444164097 0.130993888 0.413797736 0.108931541 0.444164097 0.749999821 0.452465177 0.75 0.49000001 0.249999955 0.452465177 0.25 0.49000001 0.0574440844 0.312565148 0.0574440919 0.187434793 0.557444096 0.187434793 0.557444096 0.312565207 0.0574440919 0.187434793 0.130993903 0.0862021446 0.630993903 0.0862021446 0.557444096 0.187434793 0.130993903 0.0862021446 0.24999997 0.0475347638 0.75 0.0475347638 0.630993903 0.0862021446 0.25 0.49000001 0.249999955 0.452465177 0.749999821 0.452465177 0.75 0.49000001 0.75 0.00999999046 0.75 0.0475347638 0.24999997 0.0475347638 0.25 0.00999999046 0.499999911 0.5 0.499999911 1 0.399999917 1 0.399999917 0.5 0.399999917 0.5 0.399999917 1 0.299999923 1 0.299999923 0.5 0.299999923 0.5 0.299999923 1 0.199999928 1 0.199999928 0.5 0.130993888 0.413797736 0.0574440844 0.312565148 0.557444096 0.312565207 0.630993843 0.413797796 0.199999928 0.5 0.199999928 1 0.099999927 1 0.099999927 0.5 0.099999927 0.5 0.099999927 1 -7.4505806e-08 1 -7.4505806e-08 0.5 0.249999955 0.452465177 0.130993888 0.413797736 0.630993843 0.413797796 0.749999821 0.452465177 0.630993903 0.0862021446 0.75 0.0475347638 0.75 0.00999999046 0.608931541 0.0558359027 0.24999997 0.0475347638 0.130993903 0.0862021446 0.108931541 0.0558359027 0.25 0.00999999046 0.557444096 0.187434793 0.521746457 0.175835907 0.0574440919 0.187434793 0.0217464417 0.175835907 0.557444096 0.312565207 0.521746457 0.324164093 0.0574440844 0.312565148 0.0217464417 0.324164093 0.630993843 0.413797796 0.608931541 0.444164097 0.130993888 0.413797736 0.108931541 0.444164097 0.749999821 0.452465177 0.75 0.49000001 0.249999955 0.452465177 0.25 0.49000001 0.0574440844 0.312565148 0.0574440919 0.187434793 0.557444096 0.187434793 0.557444096 0.312565207 0.0574440919 0.187434793 0.130993903 0.0862021446 0.630993903 0.0862021446 0.557444096 0.187434793 0.130993903 0.0862021446 0.24999997 0.0475347638 0.75 0.0475347638 0.630993903 0.0862021446 0.25 0.49000001 0.249999955 0.452465177 0.749999821 0.452465177 0.75 0.49000001 0.75 0.00999999046 0.75 0.0475347638 0.24999997 0.0475347638 0.25 0.00999999046 </float_array>
          <technique_common>
            <accessor count="216" offset="0" source="#meshesQ12S-tex1-array" stride="2">
              <param name="S" type="float" />
              <param name="T" type="float" />
            </accessor>
          </technique_common>
        </source>
        <source id="meshesQ12S-tex2" name="meshesQ12S-tex2">
          <float_array id="meshesQ12S-tex2-array" count="432"> -0.632947922 2.63919258 1.63294792 2.63919258 1.63294792 3.30512428 -0.632947922 3.30512428 -0.632947922 -0.513438106 1.63294792 -0.513438106 1.63294792 0.112904668 -0.632947922 0.112904668 -0.632947922 0.112904668 1.63294792 0.112904668 1.63294792 0.887105107 -0.632947922 0.887105107 1.63294792 1.35493946 1.63294792 0.826558232 -0.632947922 0.826558232 -0.632947922 1.35493946 -0.632947922 0.887105107 1.63294792 0.887105107 1.63294792 1.51341736 -0.632947922 1.51341736 -0.632947922 3.30512428 1.63294792 3.30512428 1.63294792 2.63919258 -0.632947922 2.63919258 1.63294792 2.63919258 1.63294792 3.20097542 -0.632947922 3.20097542 -0.632947922 2.63919258 -0.354929864 3.20097542 -0.556742549 2.63919258 -0.752665401 2.63919258 -0.513438106 3.30512428 -0.556742549 2.63919258 -0.354929864 3.20097542 -0.513438106 3.30512428 -0.752665401 2.63919258 0.173451513 3.54817581 0.112904638 3.71669006 0.173451513 3.54817581 0.112904638 3.71669006 0.826558232 3.54817581 0.887105107 3.71669006 0.826558232 3.54817581 0.887105107 3.71669006 1.35493946 3.20097542 1.51341736 3.30512428 1.35493946 3.20097542 1.51341736 3.30512428 1.55675232 2.63919258 1.75264466 2.63919258 1.55675232 2.63919258 1.75264466 2.63919258 1.63294792 0.826558232 1.63294792 0.173451543 -0.632947922 0.173451543 -0.632947922 0.826558232 1.63294792 0.173451543 1.63294792 -0.354929924 -0.632947922 -0.354929924 -0.632947922 0.173451543 1.63294792 3.20097542 1.63294792 2.63919258 -0.632947922 2.63919258 -0.632947922 3.20097542 1.63294792 1.75264466 1.63294792 1.55675232 -0.632947922 1.55675232 -0.632947922 1.75264466 -0.632947922 -0.752665401 -0.632947922 -0.556742549 1.63294792 -0.556742549 1.63294792 -0.752665401 -0.632947922 -0.015914917 1.63294792 -0.015914917 1.63294792 0.650016785 -0.632947922 0.650016785 -0.632947922 -0.513438106 1.63294792 -0.513438106 1.63294792 0.112904668 -0.632947922 0.112904668 -0.632947922 0.112904668 1.63294792 0.112904668 1.63294792 0.887105107 -0.632947922 0.887105107 1.63294792 1.35493946 1.63294792 0.826558232 -0.632947922 0.826558232 -0.632947922 1.35493946 -0.632947922 0.887105107 1.63294792 0.887105107 1.63294792 1.51341736 -0.632947922 1.51341736 -0.632947922 0.650016785 1.63294792 0.650016785 1.63294792 -0.015914917 -0.632947922 -0.015914917 1.63294792 -0.015914917 1.63294792 0.54586792 -0.632947922 0.54586792 -0.632947922 -0.015914917 -0.354929864 0.54586792 -0.556742549 -0.015914917 -0.752665401 -0.015914917 -0.513438106 0.650016785 -0.556742549 -0.015914917 -0.354929864 0.54586792 -0.513438106 0.650016785 -0.752665401 -0.015914917 0.173451513 0.893068314 0.112904638 1.06158447 0.173451513 0.893068314 0.112904638 1.06158257 0.826558232 0.893068314 0.887105107 1.06158447 0.826558232 0.893068314 0.887105107 1.06158257 1.35493946 0.54586792 1.51341736 0.650016785 1.35493946 0.54586792 1.51341736 0.650016785 1.55675232 -0.015914917 1.75264466 -0.015914917 1.55675232 -0.015914917 1.75264466 -0.015914917 1.63294792 0.826558232 1.63294792 0.173451543 -0.632947922 0.173451543 -0.632947922 0.826558232 1.63294792 0.173451543 1.63294792 -0.354929924 -0.632947922 -0.354929924 -0.632947922 0.173451543 1.63294792 0.54586792 1.63294792 -0.015914917 -0.632947922 -0.015914917 -0.632947922 0.54586792 1.63294792 1.75264466 1.63294792 1.55675232 -0.632947922 1.55675232 -0.632947922 1.75264466 -0.632947922 -0.752665401 -0.632947922 -0.556742549 1.63294792 -0.556742549 1.63294792 -0.752665401 -0.632947922 -2.87649727 1.63294792 -2.87649727 1.63294792 -2.21056747 -0.632947922 -2.21056747 -0.632947922 -0.513438106 1.63294792 -0.513438106 1.63294792 0.112904668 -0.632947922 0.112904668 -0.632947922 0.112904668 1.63294792 0.112904668 1.63294792 0.887105107 -0.632947922 0.887105107 1.63294792 1.35493946 1.63294792 0.826558232 -0.632947922 0.826558232 -0.632947922 1.35493946 -0.632947922 0.887105107 1.63294792 0.887105107 1.63294792 1.51341736 -0.632947922 1.51341736 -0.632947922 -2.21056747 1.63294792 -2.21056747 1.63294792 -2.87649727 -0.632947922 -2.87649727 1.63294792 -2.87649727 1.63294792 -2.31471443 -0.632947922 -2.31471443 -0.632947922 -2.87649727 -0.354929864 -2.31471443 -0.556742549 -2.87649727 -0.752665401 -2.87649727 -0.513438106 -2.21056747 -0.556742549 -2.87649727 -0.354929864 -2.31471443 -0.513438106 -2.21056747 -0.752665401 -2.87649727 0.173451513 -1.96751404 0.112904638 -1.79899788 0.173451513 -1.96751404 0.112904638 -1.79899788 0.826558232 -1.96751404 0.887105107 -1.79899788 0.826558232 -1.96751404 0.887105107 -1.79899788 1.35493946 -2.31471443 1.51341736 -2.21056747 1.35493946 -2.31471443 1.51341736 -2.21056747 1.55675232 -2.87649727 1.75264466 -2.87649727 1.55675232 -2.87649727 1.75264466 -2.87649727 1.63294792 0.826558232 1.63294792 0.173451543 -0.632947922 0.173451543 -0.632947922 0.826558232 1.63294792 0.173451543 1.63294792 -0.354929924 -0.632947922 -0.354929924 -0.632947922 0.173451543 1.63294792 -2.31471443 1.63294792 -2.87649727 -0.632947922 -2.87649727 -0.632947922 -2.31471443 1.63294792 1.75264466 1.63294792 1.55675232 -0.632947922 1.55675232 -0.632947922 1.75264466 -0.632947922 -0.752665401 -0.632947922 -0.556742549 1.63294792 -0.556742549 1.63294792 -0.752665401 </float_array>
          <technique_common>
            <accessor count="216" offset="0" source="#meshesQ12S-tex2-array" stride="2">
              <param name="S" type="float" />
              <param name="T" type="float" />
            </accessor>
          </technique_common>
        </source>
        <source id="meshesQ12S-tex3" name="meshesQ12S-tex3">
          <float_array id="meshesQ12S-tex3-array" count="432"> -0.632947922 2.63919258 1.63294792 2.63919258 1.63294792 3.30512428 -0.632947922 3.30512428 -0.632947922 -0.513438106 1.63294792 -0.513438106 1.63294792 0.112904668 -0.632947922 0.112904668 -0.632947922 0.112904668 1.63294792 0.112904668 1.63294792 0.887105107 -0.632947922 0.887105107 1.63294792 1.35493946 1.63294792 0.826558232 -0.632947922 0.826558232 -0.632947922 1.35493946 -0.632947922 0.887105107 1.63294792 0.887105107 1.63294792 1.51341736 -0.632947922 1.51341736 -0.632947922 3.30512428 1.63294792 3.30512428 1.63294792 2.63919258 -0.632947922 2.63919258 1.63294792 2.63919258 1.63294792 3.20097542 -0.632947922 3.20097542 -0.632947922 2.63919258 -0.354929864 3.20097542 -0.556742549 2.63919258 -0.752665401 2.63919258 -0.513438106 3.30512428 -0.556742549 2.63919258 -0.354929864 3.20097542 -0.513438106 3.30512428 -0.752665401 2.63919258 0.173451513 3.54817581 0.112904638 3.71669006 0.173451513 3.54817581 0.112904638 3.71669006 0.826558232 3.54817581 0.887105107 3.71669006 0.826558232 3.54817581 0.887105107 3.71669006 1.35493946 3.20097542 1.51341736 3.30512428 1.35493946 3.20097542 1.51341736 3.30512428 1.55675232 2.63919258 1.75264466 2.63919258 1.55675232 2.63919258 1.75264466 2.63919258 1.63294792 0.826558232 1.63294792 0.173451543 -0.632947922 0.173451543 -0.632947922 0.826558232 1.63294792 0.173451543 1.63294792 -0.354929924 -0.632947922 -0.354929924 -0.632947922 0.173451543 1.63294792 3.20097542 1.63294792 2.63919258 -0.632947922 2.63919258 -0.632947922 3.20097542 1.63294792 1.75264466 1.63294792 1.55675232 -0.632947922 1.55675232 -0.632947922 1.75264466 -0.632947922 -0.752665401 -0.632947922 -0.556742549 1.63294792 -0.556742549 1.63294792 -0.752665401 -0.632947922 -0.015914917 1.63294792 -0.015914917 1.63294792 0.650016785 -0.632947922 0.650016785 -0.632947922 -0.513438106 1.63294792 -0.513438106 1.63294792 0.112904668 -0.632947922 0.112904668 -0.632947922 0.112904668 1.63294792 0.112904668 1.63294792 0.887105107 -0.632947922 0.887105107 1.63294792 1.35493946 1.63294792 0.826558232 -0.632947922 0.826558232 -0.632947922 1.35493946 -0.632947922 0.887105107 1.63294792 0.887105107 1.63294792 1.51341736 -0.632947922 1.51341736 -0.632947922 0.650016785 1.63294792 0.650016785 1.63294792 -0.015914917 -0.632947922 -0.015914917 1.63294792 -0.015914917 1.63294792 0.54586792 -0.632947922 0.54586792 -0.632947922 -0.015914917 -0.354929864 0.54586792 -0.556742549 -0.015914917 -0.752665401 -0.015914917 -0.513438106 0.650016785 -0.556742549 -0.015914917 -0.354929864 0.54586792 -0.513438106 0.650016785 -0.752665401 -0.015914917 0.173451513 0.893068314 0.112904638 1.06158447 0.173451513 0.893068314 0.112904638 1.06158257 0.826558232 0.893068314 0.887105107 1.06158447 0.826558232 0.893068314 0.887105107 1.06158257 1.35493946 0.54586792 1.51341736 0.650016785 1.35493946 0.54586792 1.51341736 0.650016785 1.55675232 -0.015914917 1.75264466 -0.015914917 1.55675232 -0.015914917 1.75264466 -0.015914917 1.63294792 0.826558232 1.63294792 0.173451543 -0.632947922 0.173451543 -0.632947922 0.826558232 1.63294792 0.173451543 1.63294792 -0.354929924 -0.632947922 -0.354929924 -0.632947922 0.173451543 1.63294792 0.54586792 1.63294792 -0.015914917 -0.632947922 -0.015914917 -0.632947922 0.54586792 1.63294792 1.75264466 1.63294792 1.55675232 -0.632947922 1.55675232 -0.632947922 1.75264466 -0.632947922 -0.752665401 -0.632947922 -0.556742549 1.63294792 -0.556742549 1.63294792 -0.752665401 -0.632947922 -2.87649727 1.63294792 -2.87649727 1.63294792 -2.21056747 -0.632947922 -2.21056747 -0.632947922 -0.513438106 1.63294792 -0.513438106 1.63294792 0.112904668 -0.632947922 0.112904668 -0.632947922 0.112904668 1.63294792 0.112904668 1.63294792 0.887105107 -0.632947922 0.887105107 1.63294792 1.35493946 1.63294792 0.826558232 -0.632947922 0.826558232 -0.632947922 1.35493946 -0.632947922 0.887105107 1.63294792 0.887105107 1.63294792 1.51341736 -0.632947922 1.51341736 -0.632947922 -2.21056747 1.63294792 -2.21056747 1.63294792 -2.87649727 -0.632947922 -2.87649727 1.63294792 -2.87649727 1.63294792 -2.31471443 -0.632947922 -2.31471443 -0.632947922 -2.87649727 -0.354929864 -2.31471443 -0.556742549 -2.87649727 -0.752665401 -2.87649727 -0.513438106 -2.21056747 -0.556742549 -2.87649727 -0.354929864 -2.31471443 -0.513438106 -2.21056747 -0.752665401 -2.87649727 0.173451513 -1.96751404 0.112904638 -1.79899788 0.173451513 -1.96751404 0.112904638 -1.79899788 0.826558232 -1.96751404 0.887105107 -1.79899788 0.826558232 -1.96751404 0.887105107 -1.79899788 1.35493946 -2.31471443 1.51341736 -2.21056747 1.35493946 -2.31471443 1.51341736 -2.21056747 1.55675232 -2.87649727 1.75264466 -2.87649727 1.55675232 -2.87649727 1.75264466 -2.87649727 1.63294792 0.826558232 1.63294792 0.173451543 -0.632947922 0.173451543 -0.632947922 0.826558232 1.63294792 0.173451543 1.63294792 -0.354929924 -0.632947922 -0.354929924 -0.632947922 0.173451543 1.63294792 -2.31471443 1.63294792 -2.87649727 -0.632947922 -2.87649727 -0.632947922 -2.31471443 1.63294792 1.75264466 1.63294792 1.55675232 -0.632947922 1.55675232 -0.632947922 1.75264466 -0.632947922 -0.752665401 -0.632947922 -0.556742549 1.63294792 -0.556742549 1.63294792 -0.752665401 </float_array>
          <technique_common>
            <accessor count="216" offset="0" source="#meshesQ12S-tex3-array" stride="2">
              <param name="S" type="float" />
              <param name="T" type="float" />
            </accessor>
          </technique_common>
        </source>
        <source id="meshesQ12S-tex4" name="meshesQ12S-tex4">
          <float_array id="meshesQ12S-tex4-array" count="432"> -0.632947922 2.63919258 1.63294792 2.63919258 1.63294792 3.30512428 -0.632947922 3.30512428 -0.632947922 -0.513438106 1.63294792 -0.513438106 1.63294792 0.112904668 -0.632947922 0.112904668 -0.632947922 0.112904668 1.63294792 0.112904668 1.63294792 0.887105107 -0.632947922 0.887105107 1.63294792 1.35493946 1.63294792 0.826558232 -0.632947922 0.826558232 -0.632947922 1.35493946 -0.632947922 0.887105107 1.63294792 0.887105107 1.63294792 1.51341736 -0.632947922 1.51341736 -0.632947922 3.30512428 1.63294792 3.30512428 1.63294792 2.63919258 -0.632947922 2.63919258 1.63294792 2.63919258 1.63294792 3.20097542 -0.632947922 3.20097542 -0.632947922 2.63919258 -0.354929864 3.20097542 -0.556742549 2.63919258 -0.752665401 2.63919258 -0.513438106 3.30512428 -0.556742549 2.63919258 -0.354929864 3.20097542 -0.513438106 3.30512428 -0.752665401 2.63919258 0.173451513 3.54817581 0.112904638 3.71669006 0.173451513 3.54817581 0.112904638 3.71669006 0.826558232 3.54817581 0.887105107 3.71669006 0.826558232 3.54817581 0.887105107 3.71669006 1.35493946 3.20097542 1.51341736 3.30512428 1.35493946 3.20097542 1.51341736 3.30512428 1.55675232 2.63919258 1.75264466 2.63919258 1.55675232 2.63919258 1.75264466 2.63919258 1.63294792 0.826558232 1.63294792 0.173451543 -0.632947922 0.173451543 -0.632947922 0.826558232 1.63294792 0.173451543 1.63294792 -0.354929924 -0.632947922 -0.354929924 -0.632947922 0.173451543 1.63294792 3.20097542 1.63294792 2.63919258 -0.632947922 2.63919258 -0.632947922 3.20097542 1.63294792 1.75264466 1.63294792 1.55675232 -0.632947922 1.55675232 -0.632947922 1.75264466 -0.632947922 -0.752665401 -0.632947922 -0.556742549 1.63294792 -0.556742549 1.63294792 -0.752665401 -0.632947922 -0.015914917 1.63294792 -0.015914917 1.63294792 0.650016785 -0.632947922 0.650016785 -0.632947922 -0.513438106 1.63294792 -0.513438106 1.63294792 0.112904668 -0.632947922 0.112904668 -0.632947922 0.112904668 1.63294792 0.112904668 1.63294792 0.887105107 -0.632947922 0.887105107 1.63294792 1.35493946 1.63294792 0.826558232 -0.632947922 0.826558232 -0.632947922 1.35493946 -0.632947922 0.887105107 1.63294792 0.887105107 1.63294792 1.51341736 -0.632947922 1.51341736 -0.632947922 0.650016785 1.63294792 0.650016785 1.63294792 -0.015914917 -0.632947922 -0.015914917 1.63294792 -0.015914917 1.63294792 0.54586792 -0.632947922 0.54586792 -0.632947922 -0.015914917 -0.354929864 0.54586792 -0.556742549 -0.015914917 -0.752665401 -0.015914917 -0.513438106 0.650016785 -0.556742549 -0.015914917 -0.354929864 0.54586792 -0.513438106 0.650016785 -0.752665401 -0.015914917 0.173451513 0.893068314 0.112904638 1.06158447 0.173451513 0.893068314 0.112904638 1.06158257 0.826558232 0.893068314 0.887105107 1.06158447 0.826558232 0.893068314 0.887105107 1.06158257 1.35493946 0.54586792 1.51341736 0.650016785 1.35493946 0.54586792 1.51341736 0.650016785 1.55675232 -0.015914917 1.75264466 -0.015914917 1.55675232 -0.015914917 1.75264466 -0.015914917 1.63294792 0.826558232 1.63294792 0.173451543 -0.632947922 0.173451543 -0.632947922 0.826558232 1.63294792 0.173451543 1.63294792 -0.354929924 -0.632947922 -0.354929924 -0.632947922 0.173451543 1.63294792 0.54586792 1.63294792 -0.015914917 -0.632947922 -0.015914917 -0.632947922 0.54586792 1.63294792 1.75264466 1.63294792 1.55675232 -0.632947922 1.55675232 -0.632947922 1.75264466 -0.632947922 -0.752665401 -0.632947922 -0.556742549 1.63294792 -0.556742549 1.63294792 -0.752665401 -0.632947922 -2.87649727 1.63294792 -2.87649727 1.63294792 -2.21056747 -0.632947922 -2.21056747 -0.632947922 -0.513438106 1.63294792 -0.513438106 1.63294792 0.112904668 -0.632947922 0.112904668 -0.632947922 0.112904668 1.63294792 0.112904668 1.63294792 0.887105107 -0.632947922 0.887105107 1.63294792 1.35493946 1.63294792 0.826558232 -0.632947922 0.826558232 -0.632947922 1.35493946 -0.632947922 0.887105107 1.63294792 0.887105107 1.63294792 1.51341736 -0.632947922 1.51341736 -0.632947922 -2.21056747 1.63294792 -2.21056747 1.63294792 -2.87649727 -0.632947922 -2.87649727 1.63294792 -2.87649727 1.63294792 -2.31471443 -0.632947922 -2.31471443 -0.632947922 -2.87649727 -0.354929864 -2.31471443 -0.556742549 -2.87649727 -0.752665401 -2.87649727 -0.513438106 -2.21056747 -0.556742549 -2.87649727 -0.354929864 -2.31471443 -0.513438106 -2.21056747 -0.752665401 -2.87649727 0.173451513 -1.96751404 0.112904638 -1.79899788 0.173451513 -1.96751404 0.112904638 -1.79899788 0.826558232 -1.96751404 0.887105107 -1.79899788 0.826558232 -1.96751404 0.887105107 -1.79899788 1.35493946 -2.31471443 1.51341736 -2.21056747 1.35493946 -2.31471443 1.51341736 -2.21056747 1.55675232 -2.87649727 1.75264466 -2.87649727 1.55675232 -2.87649727 1.75264466 -2.87649727 1.63294792 0.826558232 1.63294792 0.173451543 -0.632947922 0.173451543 -0.632947922 0.826558232 1.63294792 0.173451543 1.63294792 -0.354929924 -0.632947922 -0.354929924 -0.632947922 0.173451543 1.63294792 -2.31471443 1.63294792 -2.87649727 -0.632947922 -2.87649727 -0.632947922 -2.31471443 1.63294792 1.75264466 1.63294792 1.55675232 -0.632947922 1.55675232 -0.632947922 1.75264466 -0.632947922 -0.752665401 -0.632947922 -0.556742549 1.63294792 -0.556742549 1.63294792 -0.752665401 </float_array>
          <technique_common>
            <accessor count="216" offset="0" source="#meshesQ12S-tex4-array" stride="2">
              <param name="S" type="float" />
              <param name="T" type="float" />
            </accessor>
          </technique_common>
        </source>
        <vertices id="meshesQ12S-vertices">
          <input semantic="POSITION" source="#meshesQ12S-positions" />
        </vertices>
        <polylist count="132" material="defaultMaterial">
          <input offset="0" semantic="VERTEX" source="#meshesQ12S-vertices" />
          <input offset="0" semantic="NORMAL" source="#meshesQ12S-normals" />
          <input offset="0" semantic="TEXCOORD" source="#meshesQ12S-tex0" set="0" />
          <input offset="0" semantic="TEXCOORD" source="#meshesQ12S-tex1" set="1" />
          <input offset="0" semantic="TEXCOORD" source="#meshesQ12S-tex2" set="2" />
          <input offset="0" semantic="TEXCOORD" source="#meshesQ12S-tex3" set="3" />
          <input offset="0" semantic="TEXCOORD" source="#meshesQ12S-tex4" set="4" />
          <vcount>3 3 3 3 3 3 3 3 3 3 3 3 3 3 3 3 3 3 3 3 3 3 3 3 3 3 3 3 3 3 3 3 3 3 3 3 3 3 3 3 3 3 3 3 3 3 3 3 3 3 3 3 3 3 3 3 3 3 3 3 3 3 3 3 3 3 3 3 3 3 3 3 3 3 3 3 3 3 3 3 3 3 3 3 3 3 3 3 3 3 3 3 3 3 3 3 3 3 3 3 3 3 3 3 3 3 3 3 3 3 3 3 3 3 3 3 3 3 3 3 3 3 3 3 3 3 3 3 3 3 3 3 </vcount>
          <p>0 1 2 0 2 3 4 5 6 4 6 7 8 9 10 8 10 11 12 13 14 12 14 15 16 17 18 16 18 19 20 21 22 20 22 23 24 25 26 24 26 27 28 29 30 28 30 31 32 33 34 32 34 35 36 28 31 36 31 37 33 38 39 33 39 34 40 36 37 40 37 41 38 42 43 38 43 39 44 40 41 44 41 45 42 46 47 42 47 43 48 44 45 48 45 49 46 50 51 46 51 47 52 53 54 52 54 55 56 57 58 56 58 59 60 61 62 60 62 63 64 65 66 64 66 67 68 69 70 68 70 71 72 73 74 72 74 75 76 77 78 76 78 79 80 81 82 80 82 83 84 85 86 84 86 87 88 89 90 88 90 91 92 93 94 92 94 95 96 97 98 96 98 99 100 101 102 100 102 103 104 105 106 104 106 107 108 100 103 108 103 109 105 110 111 105 111 106 112 108 109 112 109 113 110 114 115 110 115 111 116 112 113 116 113 117 114 118 119 114 119 115 120 116 117 120 117 121 118 122 123 118 123 119 124 125 126 124 126 127 128 129 130 128 130 131 132 133 134 132 134 135 136 137 138 136 138 139 140 141 142 140 142 143 144 145 146 144 146 147 148 149 150 148 150 151 152 153 154 152 154 155 156 157 158 156 158 159 160 161 162 160 162 163 164 165 166 164 166 167 168 169 170 168 170 171 172 173 174 172 174 175 176 177 178 176 178 179 180 172 175 180 175 181 177 182 183 177 183 178 184 180 181 184 181 185 182 186 187 182 187 183 188 184 185 188 185 189 186 190 191 186 191 187 192 188 189 192 189 193 190 194 195 190 195 191 196 197 198 196 198 199 200 201 202 200 202 203 204 205 206 204 206 207 208 209 210 208 210 211 212 213 214 212 214 215 </p>
        </polylist>
      </mesh>
    </geometry>
    <geometry id="meshesQ13S" name="meshes[13]" >
      <mesh>
        <source id="meshesQ13S-positions" name="meshesQ13S-positions">
          <float_array id="meshesQ13S-positions-array" count="198"> -1.19016647 23.5431461 -1.06521606 0.832420349 23.5431461 -1.06521606 0.832420349 22.9964008 -0.904693604 -1.19016647 22.9964008 -0.904693604 -1.19016647 22.9964008 -0.904693604 0.832420349 22.9964008 -0.904693604 0.832420349 22.6232414 -0.474029541 -1.19016647 22.6232414 -0.474029541 -1.19016647 22.6232414 -0.474029541 0.832420349 22.6232414 -0.474029541 0.832420349 22.5421467 0.0899963379 -1.19016647 22.5421467 0.0899963379 -1.19016647 22.5421467 0.0899963379 0.832420349 22.5421467 0.0899963379 0.832420349 22.778862 0.608337402 -1.19016647 22.778862 0.608337402 -1.19016647 22.778862 0.608337402 0.832420349 22.778862 0.608337402 0.832420349 23.2582321 0.916381836 -1.19016647 23.2582321 0.916381836 -1.19016647 23.2582321 0.916381836 0.832420349 23.2582321 0.916381836 0.832420349 23.8280602 0.916381836 -1.19016647 23.8280602 0.916381836 -1.19016647 23.8280602 0.916381836 0.832420349 23.8280602 0.916381836 0.832420349 24.3074303 0.608337402 -1.19016647 24.3074303 0.608337402 -1.19016647 24.3074303 0.608337402 0.832420349 24.3074303 0.608337402 0.832420349 24.5441456 0.0899963379 -1.19016647 24.5441456 0.0899963379 -1.19016647 24.5441456 0.0899963379 0.832420349 24.5441456 0.0899963379 0.832420349 24.4630508 -0.474029541 -1.19016647 24.4630508 -0.474029541 0.832420349 22.6232414 -0.474029541 0.832420349 22.9964008 -0.904693604 0.832420349 23.5431461 -1.06521606 0.832420349 24.0898933 -0.904693604 0.832420349 24.4630508 -0.474029541 0.832420349 24.5441456 0.0899963379 0.832420349 24.3074303 0.608337402 0.832420349 23.8280602 0.916381836 0.832420349 23.2582321 0.916381836 0.832420349 22.778862 0.608337402 0.832420349 22.5421467 0.0899963379 -1.19016647 24.4630508 -0.474029541 0.832420349 24.4630508 -0.474029541 0.832420349 24.0898933 -0.904693604 -1.19016647 24.0898933 -0.904693604 -1.19016647 24.0898933 -0.904693604 0.832420349 24.0898933 -0.904693604 0.832420349 23.5431461 -1.06521606 -1.19016647 23.5431461 -1.06521606 -1.19016647 24.0898933 -0.904693604 -1.19016647 23.5431461 -1.06521606 -1.19016647 22.9964008 -0.904693604 -1.19016647 22.6232414 -0.474029541 -1.19016647 22.5421467 0.0899963379 -1.19016647 22.778862 0.608337402 -1.19016647 23.2582321 0.916381836 -1.19016647 23.8280602 0.916381836 -1.19016647 24.3074303 0.608337402 -1.19016647 24.5441456 0.0899963379 -1.19016647 24.4630508 -0.474029541 </float_array>
          <technique_common>
            <accessor count="66" offset="0" source="#meshesQ13S-positions-array" stride="3">
              <param name="X" type="float" />
              <param name="Y" type="float" />
              <param name="Z" type="float" />
            </accessor>
          </technique_common>
        </source>
        <source id="meshesQ13S-normals" name="meshesQ13S-normals">
          <float_array id="meshesQ13S-normals-array" count="198"> 0 -0.281700671 -0.959502339 0 -0.281700671 -0.959502339 0 -0.281700671 -0.959502339 0 -0.281700671 -0.959502339 0 -0.75580126 -0.654801071 0 -0.75580126 -0.654801071 0 -0.75580126 -0.654801071 0 -0.75580126 -0.654801071 0 -0.989823103 -0.142303318 0 -0.989823103 -0.142303318 0 -0.989823103 -0.142303318 0 -0.989823103 -0.142303318 0 -0.909632146 0.415414691 0 -0.909632146 0.415414691 0 -0.909632146 0.415414691 0 -0.909632146 0.415414691 0 -0.540590823 0.841285765 0 -0.540590823 0.841285765 0 -0.540590823 0.841285765 0 -0.540590823 0.841285765 0 0 1 0 0 1 0 0 1 0 0 1 0 0.540590823 0.841285765 0 0.540590823 0.841285765 0 0.540590823 0.841285765 0 0.540590823 0.841285765 0 0.909632146 0.415414691 0 0.909632146 0.415414691 0 0.909632146 0.415414691 0 0.909632146 0.415414691 0 0.989823103 -0.142303318 0 0.989823103 -0.142303318 0 0.989823103 -0.142303318 0 0.989823103 -0.142303318 1 0 0 1 0 0 1 0 0 1 0 0 1 0 0 1 0 0 1 0 0 1 0 0 1 0 0 1 0 0 1 0 0 0 0.75580126 -0.654801071 0 0.75580126 -0.654801071 0 0.75580126 -0.654801071 0 0.75580126 -0.654801071 0 0.281700671 -0.959502339 0 0.281700671 -0.959502339 0 0.281700671 -0.959502339 0 0.281700671 -0.959502339 -1 0 0 -1 0 0 -1 0 0 -1 0 0 -1 0 0 -1 0 0 -1 0 0 -1 0 0 -1 0 0 -1 0 0 -1 0 0 </float_array>
          <technique_common>
            <accessor count="66" offset="0" source="#meshesQ13S-normals-array" stride="3">
              <param name="X" type="float" />
              <param name="Y" type="float" />
              <param name="Z" type="float" />
            </accessor>
          </technique_common>
        </source>
        <source id="meshesQ13S-tex0" name="meshesQ13S-tex0">
          <float_array id="meshesQ13S-tex0-array" count="132"> -0.511293411 0.499998093 1.51129341 0.499998093 1.51129341 -0.0467472076 -0.511293411 -0.0467472076 -0.511293411 1.35076356 1.51129341 1.35076356 1.51129341 0.920099437 -0.511293411 0.920099437 -0.511293411 0.920099437 1.51129341 0.920099437 1.51129341 0.356073558 -0.511293411 0.356073558 -0.511293411 0.356073558 1.51129341 0.356073558 1.51129341 -0.162267447 -0.511293411 -0.162267447 -0.511293411 -0.264286041 1.51129341 -0.264286041 1.51129341 0.215084076 -0.511293411 0.215084076 -0.511293411 0.215084076 1.51129341 0.215084076 1.51129341 0.784912109 -0.511293411 0.784912109 -0.511293411 0.784912109 1.51129341 0.784912109 1.51129341 1.26428223 -0.511293411 1.26428223 -0.511293411 -0.162267447 1.51129341 -0.162267447 1.51129341 0.356073558 -0.511293411 0.356073558 -0.511293411 0.356073558 1.51129341 0.356073558 1.51129341 0.920099437 -0.511293411 0.920099437 0.920099437 -0.419906616 1.35076356 -0.0467472076 1.5112859 0.499998093 1.35076356 1.0467453 0.920099437 1.4199028 0.356073558 1.50099754 -0.162267506 1.26428223 -0.47031194 0.784912109 -0.47031194 0.215084076 -0.162267506 -0.264286041 0.356073558 -0.501001358 -0.511293411 0.920099437 1.51129341 0.920099437 1.51129341 1.35076356 -0.511293411 1.35076356 -0.511293411 1.0467453 1.51129341 1.0467453 1.51129341 0.499998093 -0.511293411 0.499998093 1.35076356 1.0467453 1.5112859 0.499998093 1.35076356 -0.0467472076 0.920099437 -0.419906616 0.356073558 -0.501001358 -0.162267506 -0.264286041 -0.47031194 0.215084076 -0.47031194 0.784912109 -0.162267506 1.26428223 0.356073558 1.50099754 0.920099437 1.4199028 </float_array>
          <technique_common>
            <accessor count="66" offset="0" source="#meshesQ13S-tex0-array" stride="2">
              <param name="S" type="float" />
              <param name="T" type="float" />
            </accessor>
          </technique_common>
        </source>
        <source id="meshesQ13S-tex1" name="meshesQ13S-tex1">
          <float_array id="meshesQ13S-tex1-array" count="132"> 1 0.5 1 1 0.909090877 1 0.909090877 0.5 0.909090877 0.5 0.909090877 1 0.818181753 1 0.818181753 0.5 0.818181753 0.5 0.818181753 1 0.72727263 1 0.72727263 0.5 0.72727263 0.5 0.72727263 1 0.636363506 1 0.636363506 0.5 0.636363506 0.5 0.636363506 1 0.545454383 1 0.545454383 0.5 0.545454383 0.5 0.545454383 1 0.454545289 1 0.454545289 0.5 0.454545289 0.5 0.454545289 1 0.363636196 1 0.363636196 0.5 0.363636196 0.5 0.363636196 1 0.272727102 1 0.272727102 0.5 0.272727102 0.5 0.272727102 1 0.181818008 1 0.181818008 0.5 0.468311667 0.349699616 0.379753798 0.45190084 0.25 0.49000001 0.120246202 0.45190084 0.0316883326 0.349699616 0.012442857 0.215844452 0.0686201155 0.0928333998 0.182384178 0.0197216868 0.317615807 0.0197216868 0.431379884 0.0928333998 0.487557143 0.215844452 0.181818008 0.5 0.181818008 1 0.0909089148 1 0.0909089148 0.5 0.0909089148 0.5 0.0909089148 1 -1.78813934e-07 1 -1.78813934e-07 0.5 0.620246172 0.45190084 0.75 0.49000001 0.879753828 0.45190084 0.968311667 0.349699616 0.987557173 0.215844452 0.931379914 0.0928333998 0.817615807 0.0197216868 0.682384193 0.0197216868 0.568620086 0.0928333998 0.512442827 0.215844452 0.531688333 0.349699616 </float_array>
          <technique_common>
            <accessor count="66" offset="0" source="#meshesQ13S-tex1-array" stride="2">
              <param name="S" type="float" />
              <param name="T" type="float" />
            </accessor>
          </technique_common>
        </source>
        <source id="meshesQ13S-tex2" name="meshesQ13S-tex2">
          <float_array id="meshesQ13S-tex2-array" count="132"> -0.511293411 0.499998093 1.51129341 0.499998093 1.51129341 -0.0467472076 -0.511293411 -0.0467472076 -0.511293411 1.35076356 1.51129341 1.35076356 1.51129341 0.920099437 -0.511293411 0.920099437 -0.511293411 0.920099437 1.51129341 0.920099437 1.51129341 0.356073558 -0.511293411 0.356073558 -0.511293411 0.356073558 1.51129341 0.356073558 1.51129341 -0.162267447 -0.511293411 -0.162267447 -0.511293411 -0.264286041 1.51129341 -0.264286041 1.51129341 0.215084076 -0.511293411 0.215084076 -0.511293411 0.215084076 1.51129341 0.215084076 1.51129341 0.784912109 -0.511293411 0.784912109 -0.511293411 0.784912109 1.51129341 0.784912109 1.51129341 1.26428223 -0.511293411 1.26428223 -0.511293411 -0.162267447 1.51129341 -0.162267447 1.51129341 0.356073558 -0.511293411 0.356073558 -0.511293411 0.356073558 1.51129341 0.356073558 1.51129341 0.920099437 -0.511293411 0.920099437 0.920099437 -0.419906616 1.35076356 -0.0467472076 1.5112859 0.499998093 1.35076356 1.0467453 0.920099437 1.4199028 0.356073558 1.50099754 -0.162267506 1.26428223 -0.47031194 0.784912109 -0.47031194 0.215084076 -0.162267506 -0.264286041 0.356073558 -0.501001358 -0.511293411 0.920099437 1.51129341 0.920099437 1.51129341 1.35076356 -0.511293411 1.35076356 -0.511293411 1.0467453 1.51129341 1.0467453 1.51129341 0.499998093 -0.511293411 0.499998093 1.35076356 1.0467453 1.5112859 0.499998093 1.35076356 -0.0467472076 0.920099437 -0.419906616 0.356073558 -0.501001358 -0.162267506 -0.264286041 -0.47031194 0.215084076 -0.47031194 0.784912109 -0.162267506 1.26428223 0.356073558 1.50099754 0.920099437 1.4199028 </float_array>
          <technique_common>
            <accessor count="66" offset="0" source="#meshesQ13S-tex2-array" stride="2">
              <param name="S" type="float" />
              <param name="T" type="float" />
            </accessor>
          </technique_common>
        </source>
        <source id="meshesQ13S-tex3" name="meshesQ13S-tex3">
          <float_array id="meshesQ13S-tex3-array" count="132"> -0.511293411 0.499998093 1.51129341 0.499998093 1.51129341 -0.0467472076 -0.511293411 -0.0467472076 -0.511293411 1.35076356 1.51129341 1.35076356 1.51129341 0.920099437 -0.511293411 0.920099437 -0.511293411 0.920099437 1.51129341 0.920099437 1.51129341 0.356073558 -0.511293411 0.356073558 -0.511293411 0.356073558 1.51129341 0.356073558 1.51129341 -0.162267447 -0.511293411 -0.162267447 -0.511293411 -0.264286041 1.51129341 -0.264286041 1.51129341 0.215084076 -0.511293411 0.215084076 -0.511293411 0.215084076 1.51129341 0.215084076 1.51129341 0.784912109 -0.511293411 0.784912109 -0.511293411 0.784912109 1.51129341 0.784912109 1.51129341 1.26428223 -0.511293411 1.26428223 -0.511293411 -0.162267447 1.51129341 -0.162267447 1.51129341 0.356073558 -0.511293411 0.356073558 -0.511293411 0.356073558 1.51129341 0.356073558 1.51129341 0.920099437 -0.511293411 0.920099437 0.920099437 -0.419906616 1.35076356 -0.0467472076 1.5112859 0.499998093 1.35076356 1.0467453 0.920099437 1.4199028 0.356073558 1.50099754 -0.162267506 1.26428223 -0.47031194 0.784912109 -0.47031194 0.215084076 -0.162267506 -0.264286041 0.356073558 -0.501001358 -0.511293411 0.920099437 1.51129341 0.920099437 1.51129341 1.35076356 -0.511293411 1.35076356 -0.511293411 1.0467453 1.51129341 1.0467453 1.51129341 0.499998093 -0.511293411 0.499998093 1.35076356 1.0467453 1.5112859 0.499998093 1.35076356 -0.0467472076 0.920099437 -0.419906616 0.356073558 -0.501001358 -0.162267506 -0.264286041 -0.47031194 0.215084076 -0.47031194 0.784912109 -0.162267506 1.26428223 0.356073558 1.50099754 0.920099437 1.4199028 </float_array>
          <technique_common>
            <accessor count="66" offset="0" source="#meshesQ13S-tex3-array" stride="2">
              <param name="S" type="float" />
              <param name="T" type="float" />
            </accessor>
          </technique_common>
        </source>
        <source id="meshesQ13S-tex4" name="meshesQ13S-tex4">
          <float_array id="meshesQ13S-tex4-array" count="132"> -0.511293411 0.499998093 1.51129341 0.499998093 1.51129341 -0.0467472076 -0.511293411 -0.0467472076 -0.511293411 1.35076356 1.51129341 1.35076356 1.51129341 0.920099437 -0.511293411 0.920099437 -0.511293411 0.920099437 1.51129341 0.920099437 1.51129341 0.356073558 -0.511293411 0.356073558 -0.511293411 0.356073558 1.51129341 0.356073558 1.51129341 -0.162267447 -0.511293411 -0.162267447 -0.511293411 -0.264286041 1.51129341 -0.264286041 1.51129341 0.215084076 -0.511293411 0.215084076 -0.511293411 0.215084076 1.51129341 0.215084076 1.51129341 0.784912109 -0.511293411 0.784912109 -0.511293411 0.784912109 1.51129341 0.784912109 1.51129341 1.26428223 -0.511293411 1.26428223 -0.511293411 -0.162267447 1.51129341 -0.162267447 1.51129341 0.356073558 -0.511293411 0.356073558 -0.511293411 0.356073558 1.51129341 0.356073558 1.51129341 0.920099437 -0.511293411 0.920099437 0.920099437 -0.419906616 1.35076356 -0.0467472076 1.5112859 0.499998093 1.35076356 1.0467453 0.920099437 1.4199028 0.356073558 1.50099754 -0.162267506 1.26428223 -0.47031194 0.784912109 -0.47031194 0.215084076 -0.162267506 -0.264286041 0.356073558 -0.501001358 -0.511293411 0.920099437 1.51129341 0.920099437 1.51129341 1.35076356 -0.511293411 1.35076356 -0.511293411 1.0467453 1.51129341 1.0467453 1.51129341 0.499998093 -0.511293411 0.499998093 1.35076356 1.0467453 1.5112859 0.499998093 1.35076356 -0.0467472076 0.920099437 -0.419906616 0.356073558 -0.501001358 -0.162267506 -0.264286041 -0.47031194 0.215084076 -0.47031194 0.784912109 -0.162267506 1.26428223 0.356073558 1.50099754 0.920099437 1.4199028 </float_array>
          <technique_common>
            <accessor count="66" offset="0" source="#meshesQ13S-tex4-array" stride="2">
              <param name="S" type="float" />
              <param name="T" type="float" />
            </accessor>
          </technique_common>
        </source>
        <source id="meshesQ13S-tex5" name="meshesQ13S-tex5">
          <float_array id="meshesQ13S-tex5-array" count="132"> -0.511293411 0.499998093 1.51129341 0.499998093 1.51129341 -0.0467472076 -0.511293411 -0.0467472076 -0.511293411 1.35076356 1.51129341 1.35076356 1.51129341 0.920099437 -0.511293411 0.920099437 -0.511293411 0.920099437 1.51129341 0.920099437 1.51129341 0.356073558 -0.511293411 0.356073558 -0.511293411 0.356073558 1.51129341 0.356073558 1.51129341 -0.162267447 -0.511293411 -0.162267447 -0.511293411 -0.264286041 1.51129341 -0.264286041 1.51129341 0.215084076 -0.511293411 0.215084076 -0.511293411 0.215084076 1.51129341 0.215084076 1.51129341 0.784912109 -0.511293411 0.784912109 -0.511293411 0.784912109 1.51129341 0.784912109 1.51129341 1.26428223 -0.511293411 1.26428223 -0.511293411 -0.162267447 1.51129341 -0.162267447 1.51129341 0.356073558 -0.511293411 0.356073558 -0.511293411 0.356073558 1.51129341 0.356073558 1.51129341 0.920099437 -0.511293411 0.920099437 0.920099437 -0.419906616 1.35076356 -0.0467472076 1.5112859 0.499998093 1.35076356 1.0467453 0.920099437 1.4199028 0.356073558 1.50099754 -0.162267506 1.26428223 -0.47031194 0.784912109 -0.47031194 0.215084076 -0.162267506 -0.264286041 0.356073558 -0.501001358 -0.511293411 0.920099437 1.51129341 0.920099437 1.51129341 1.35076356 -0.511293411 1.35076356 -0.511293411 1.0467453 1.51129341 1.0467453 1.51129341 0.499998093 -0.511293411 0.499998093 1.35076356 1.0467453 1.5112859 0.499998093 1.35076356 -0.0467472076 0.920099437 -0.419906616 0.356073558 -0.501001358 -0.162267506 -0.264286041 -0.47031194 0.215084076 -0.47031194 0.784912109 -0.162267506 1.26428223 0.356073558 1.50099754 0.920099437 1.4199028 </float_array>
          <technique_common>
            <accessor count="66" offset="0" source="#meshesQ13S-tex5-array" stride="2">
              <param name="S" type="float" />
              <param name="T" type="float" />
            </accessor>
          </technique_common>
        </source>
        <vertices id="meshesQ13S-vertices">
          <input semantic="POSITION" source="#meshesQ13S-positions" />
        </vertices>
        <polylist count="40" material="defaultMaterial">
          <input offset="0" semantic="VERTEX" source="#meshesQ13S-vertices" />
          <input offset="0" semantic="NORMAL" source="#meshesQ13S-normals" />
          <input offset="0" semantic="TEXCOORD" source="#meshesQ13S-tex0" set="0" />
          <input offset="0" semantic="TEXCOORD" source="#meshesQ13S-tex1" set="1" />
          <input offset="0" semantic="TEXCOORD" source="#meshesQ13S-tex2" set="2" />
          <input offset="0" semantic="TEXCOORD" source="#meshesQ13S-tex3" set="3" />
          <input offset="0" semantic="TEXCOORD" source="#meshesQ13S-tex4" set="4" />
          <input offset="0" semantic="TEXCOORD" source="#meshesQ13S-tex5" set="5" />
          <vcount>3 3 3 3 3 3 3 3 3 3 3 3 3 3 3 3 3 3 3 3 3 3 3 3 3 3 3 3 3 3 3 3 3 3 3 3 3 3 3 3 </vcount>
          <p>0 1 2 0 2 3 4 5 6 4 6 7 8 9 10 8 10 11 12 13 14 12 14 15 16 17 18 16 18 19 20 21 22 20 22 23 24 25 26 24 26 27 28 29 30 28 30 31 32 33 34 32 34 35 36 37 38 38 39 40 40 41 42 42 43 44 44 45 46 46 36 38 38 40 42 42 44 46 38 42 46 47 48 49 47 49 50 51 52 53 51 53 54 55 56 57 57 58 59 59 60 61 61 62 63 63 64 65 65 55 57 57 59 61 61 63 65 57 61 65 </p>
        </polylist>
      </mesh>
    </geometry>
    <geometry id="meshesQ14S" name="meshes[14]" >
      <mesh>
        <source id="meshesQ14S-positions" name="meshesQ14S-positions">
          <float_array id="meshesQ14S-positions-array" count="198"> -1.19016647 20.8880405 -1.06521606 0.832420349 20.8880405 -1.06521606 0.832420349 20.3412952 -0.904693604 -1.19016647 20.3412952 -0.904693604 -1.19016647 20.3412952 -0.904693604 0.832420349 20.3412952 -0.904693604 0.832420349 19.9681358 -0.474029541 -1.19016647 19.9681358 -0.474029541 -1.19016647 19.9681358 -0.474029541 0.832420349 19.9681358 -0.474029541 0.832420349 19.887043 0.0899963379 -1.19016647 19.887043 0.0899963379 -1.19016647 19.887043 0.0899963379 0.832420349 19.887043 0.0899963379 0.832420349 20.1237564 0.608337402 -1.19016647 20.1237564 0.608337402 -1.19016647 20.1237564 0.608337402 0.832420349 20.1237564 0.608337402 0.832420349 20.6031265 0.916381836 -1.19016647 20.6031265 0.916381836 -1.19016647 20.6031265 0.916381836 0.832420349 20.6031265 0.916381836 0.832420349 21.1729546 0.916381836 -1.19016647 21.1729546 0.916381836 -1.19016647 21.1729546 0.916381836 0.832420349 21.1729546 0.916381836 0.832420349 21.6523247 0.608337402 -1.19016647 21.6523247 0.608337402 -1.19016647 21.6523247 0.608337402 0.832420349 21.6523247 0.608337402 0.832420349 21.88904 0.0899963379 -1.19016647 21.88904 0.0899963379 -1.19016647 21.88904 0.0899963379 0.832420349 21.88904 0.0899963379 0.832420349 21.8079453 -0.474029541 -1.19016647 21.8079453 -0.474029541 0.832420349 19.9681358 -0.474029541 0.832420349 20.3412952 -0.904693604 0.832420349 20.8880405 -1.06521606 0.832420349 21.4347858 -0.904693604 0.832420349 21.8079453 -0.474029541 0.832420349 21.88904 0.0899963379 0.832420349 21.6523247 0.608337402 0.832420349 21.1729546 0.916381836 0.832420349 20.6031265 0.916381836 0.832420349 20.1237564 0.608337402 0.832420349 19.887043 0.0899963379 -1.19016647 21.8079453 -0.474029541 0.832420349 21.8079453 -0.474029541 0.832420349 21.4347858 -0.904693604 -1.19016647 21.4347858 -0.904693604 -1.19016647 21.4347858 -0.904693604 0.832420349 21.4347858 -0.904693604 0.832420349 20.8880405 -1.06521606 -1.19016647 20.8880405 -1.06521606 -1.19016647 21.4347858 -0.904693604 -1.19016647 20.8880405 -1.06521606 -1.19016647 20.3412952 -0.904693604 -1.19016647 19.9681358 -0.474029541 -1.19016647 19.887043 0.0899963379 -1.19016647 20.1237564 0.608337402 -1.19016647 20.6031265 0.916381836 -1.19016647 21.1729546 0.916381836 -1.19016647 21.6523247 0.608337402 -1.19016647 21.88904 0.0899963379 -1.19016647 21.8079453 -0.474029541 </float_array>
          <technique_common>
            <accessor count="66" offset="0" source="#meshesQ14S-positions-array" stride="3">
              <param name="X" type="float" />
              <param name="Y" type="float" />
              <param name="Z" type="float" />
            </accessor>
          </technique_common>
        </source>
        <source id="meshesQ14S-normals" name="meshesQ14S-normals">
          <float_array id="meshesQ14S-normals-array" count="198"> 0 -0.281700671 -0.959502339 0 -0.281700671 -0.959502339 0 -0.281700671 -0.959502339 0 -0.281700671 -0.959502339 0 -0.75580126 -0.654801071 0 -0.75580126 -0.654801071 0 -0.75580126 -0.654801071 0 -0.75580126 -0.654801071 0 -0.989823103 -0.142303318 0 -0.989823103 -0.142303318 0 -0.989823103 -0.142303318 0 -0.989823103 -0.142303318 0 -0.909632146 0.415414691 0 -0.909632146 0.415414691 0 -0.909632146 0.415414691 0 -0.909632146 0.415414691 0 -0.540590823 0.841285765 0 -0.540590823 0.841285765 0 -0.540590823 0.841285765 0 -0.540590823 0.841285765 0 0 1 0 0 1 0 0 1 0 0 1 0 0.540590823 0.841285765 0 0.540590823 0.841285765 0 0.540590823 0.841285765 0 0.540590823 0.841285765 0 0.909632146 0.415414691 0 0.909632146 0.415414691 0 0.909632146 0.415414691 0 0.909632146 0.415414691 0 0.989823103 -0.142303318 0 0.989823103 -0.142303318 0 0.989823103 -0.142303318 0 0.989823103 -0.142303318 1 0 0 1 0 0 1 0 0 1 0 0 1 0 0 1 0 0 1 0 0 1 0 0 1 0 0 1 0 0 1 0 0 0 0.75580126 -0.654801071 0 0.75580126 -0.654801071 0 0.75580126 -0.654801071 0 0.75580126 -0.654801071 0 0.281700671 -0.959502339 0 0.281700671 -0.959502339 0 0.281700671 -0.959502339 0 0.281700671 -0.959502339 -1 0 0 -1 0 0 -1 0 0 -1 0 0 -1 0 0 -1 0 0 -1 0 0 -1 0 0 -1 0 0 -1 0 0 -1 0 0 </float_array>
          <technique_common>
            <accessor count="66" offset="0" source="#meshesQ14S-normals-array" stride="3">
              <param name="X" type="float" />
              <param name="Y" type="float" />
              <param name="Z" type="float" />
            </accessor>
          </technique_common>
        </source>
        <source id="meshesQ14S-tex0" name="meshesQ14S-tex0">
          <float_array id="meshesQ14S-tex0-array" count="132"> -0.511293411 0.5 1.51129341 0.5 1.51129341 -0.0467453003 -0.511293411 -0.0467453003 -0.511293411 1.35076356 1.51129341 1.35076356 1.51129341 0.920099437 -0.511293411 0.920099437 -0.511293411 0.920099437 1.51129341 0.920099437 1.51129341 0.356073558 -0.511293411 0.356073558 -0.511293411 0.356073558 1.51129341 0.356073558 1.51129341 -0.162267447 -0.511293411 -0.162267447 -0.511293411 -0.264284134 1.51129341 -0.264284134 1.51129341 0.215085983 -0.511293411 0.215085983 -0.511293411 0.215085983 1.51129341 0.215085983 1.51129341 0.784914017 -0.511293411 0.784914017 -0.511293411 0.784914017 1.51129341 0.784914017 1.51129341 1.26428413 -0.511293411 1.26428413 -0.511293411 -0.162267447 1.51129341 -0.162267447 1.51129341 0.356073558 -0.511293411 0.356073558 -0.511293411 0.356073558 1.51129341 0.356073558 1.51129341 0.920099437 -0.511293411 0.920099437 0.920099437 -0.419904709 1.35076356 -0.0467453003 1.5112859 0.5 1.35076356 1.0467453 0.920099437 1.41990471 0.356073558 1.50099945 -0.162267506 1.26428413 -0.47031194 0.784914017 -0.47031194 0.215085983 -0.162267506 -0.264284134 0.356073558 -0.500997543 -0.511293411 0.920099437 1.51129341 0.920099437 1.51129341 1.35076356 -0.511293411 1.35076356 -0.511293411 1.0467453 1.51129341 1.0467453 1.51129341 0.5 -0.511293411 0.5 1.35076356 1.0467453 1.5112859 0.5 1.35076356 -0.0467453003 0.920099437 -0.419904709 0.356073558 -0.500997543 -0.162267506 -0.264284134 -0.47031194 0.215085983 -0.47031194 0.784914017 -0.162267506 1.26428413 0.356073558 1.50099945 0.920099437 1.41990471 </float_array>
          <technique_common>
            <accessor count="66" offset="0" source="#meshesQ14S-tex0-array" stride="2">
              <param name="S" type="float" />
              <param name="T" type="float" />
            </accessor>
          </technique_common>
        </source>
        <source id="meshesQ14S-tex1" name="meshesQ14S-tex1">
          <float_array id="meshesQ14S-tex1-array" count="132"> 1 0.5 1 1 0.909090877 1 0.909090877 0.5 0.909090877 0.5 0.909090877 1 0.818181753 1 0.818181753 0.5 0.818181753 0.5 0.818181753 1 0.72727263 1 0.72727263 0.5 0.72727263 0.5 0.72727263 1 0.636363506 1 0.636363506 0.5 0.636363506 0.5 0.636363506 1 0.545454383 1 0.545454383 0.5 0.545454383 0.5 0.545454383 1 0.454545289 1 0.454545289 0.5 0.454545289 0.5 0.454545289 1 0.363636196 1 0.363636196 0.5 0.363636196 0.5 0.363636196 1 0.272727102 1 0.272727102 0.5 0.272727102 0.5 0.272727102 1 0.181818008 1 0.181818008 0.5 0.468311667 0.349699616 0.379753798 0.45190084 0.25 0.49000001 0.120246202 0.45190084 0.0316883326 0.349699616 0.012442857 0.215844452 0.0686201155 0.0928333998 0.182384178 0.0197216868 0.317615807 0.0197216868 0.431379884 0.0928333998 0.487557143 0.215844452 0.181818008 0.5 0.181818008 1 0.0909089148 1 0.0909089148 0.5 0.0909089148 0.5 0.0909089148 1 -1.78813934e-07 1 -1.78813934e-07 0.5 0.620246172 0.45190084 0.75 0.49000001 0.879753828 0.45190084 0.968311667 0.349699616 0.987557173 0.215844452 0.931379914 0.0928333998 0.817615807 0.0197216868 0.682384193 0.0197216868 0.568620086 0.0928333998 0.512442827 0.215844452 0.531688333 0.349699616 </float_array>
          <technique_common>
            <accessor count="66" offset="0" source="#meshesQ14S-tex1-array" stride="2">
              <param name="S" type="float" />
              <param name="T" type="float" />
            </accessor>
          </technique_common>
        </source>
        <source id="meshesQ14S-tex2" name="meshesQ14S-tex2">
          <float_array id="meshesQ14S-tex2-array" count="132"> -0.511293411 0.5 1.51129341 0.5 1.51129341 -0.0467453003 -0.511293411 -0.0467453003 -0.511293411 1.35076356 1.51129341 1.35076356 1.51129341 0.920099437 -0.511293411 0.920099437 -0.511293411 0.920099437 1.51129341 0.920099437 1.51129341 0.356073558 -0.511293411 0.356073558 -0.511293411 0.356073558 1.51129341 0.356073558 1.51129341 -0.162267447 -0.511293411 -0.162267447 -0.511293411 -0.264284134 1.51129341 -0.264284134 1.51129341 0.215085983 -0.511293411 0.215085983 -0.511293411 0.215085983 1.51129341 0.215085983 1.51129341 0.784914017 -0.511293411 0.784914017 -0.511293411 0.784914017 1.51129341 0.784914017 1.51129341 1.26428413 -0.511293411 1.26428413 -0.511293411 -0.162267447 1.51129341 -0.162267447 1.51129341 0.356073558 -0.511293411 0.356073558 -0.511293411 0.356073558 1.51129341 0.356073558 1.51129341 0.920099437 -0.511293411 0.920099437 0.920099437 -0.419904709 1.35076356 -0.0467453003 1.5112859 0.5 1.35076356 1.0467453 0.920099437 1.41990471 0.356073558 1.50099945 -0.162267506 1.26428413 -0.47031194 0.784914017 -0.47031194 0.215085983 -0.162267506 -0.264284134 0.356073558 -0.500997543 -0.511293411 0.920099437 1.51129341 0.920099437 1.51129341 1.35076356 -0.511293411 1.35076356 -0.511293411 1.0467453 1.51129341 1.0467453 1.51129341 0.5 -0.511293411 0.5 1.35076356 1.0467453 1.5112859 0.5 1.35076356 -0.0467453003 0.920099437 -0.419904709 0.356073558 -0.500997543 -0.162267506 -0.264284134 -0.47031194 0.215085983 -0.47031194 0.784914017 -0.162267506 1.26428413 0.356073558 1.50099945 0.920099437 1.41990471 </float_array>
          <technique_common>
            <accessor count="66" offset="0" source="#meshesQ14S-tex2-array" stride="2">
              <param name="S" type="float" />
              <param name="T" type="float" />
            </accessor>
          </technique_common>
        </source>
        <source id="meshesQ14S-tex3" name="meshesQ14S-tex3">
          <float_array id="meshesQ14S-tex3-array" count="132"> -0.511293411 0.5 1.51129341 0.5 1.51129341 -0.0467453003 -0.511293411 -0.0467453003 -0.511293411 1.35076356 1.51129341 1.35076356 1.51129341 0.920099437 -0.511293411 0.920099437 -0.511293411 0.920099437 1.51129341 0.920099437 1.51129341 0.356073558 -0.511293411 0.356073558 -0.511293411 0.356073558 1.51129341 0.356073558 1.51129341 -0.162267447 -0.511293411 -0.162267447 -0.511293411 -0.264284134 1.51129341 -0.264284134 1.51129341 0.215085983 -0.511293411 0.215085983 -0.511293411 0.215085983 1.51129341 0.215085983 1.51129341 0.784914017 -0.511293411 0.784914017 -0.511293411 0.784914017 1.51129341 0.784914017 1.51129341 1.26428413 -0.511293411 1.26428413 -0.511293411 -0.162267447 1.51129341 -0.162267447 1.51129341 0.356073558 -0.511293411 0.356073558 -0.511293411 0.356073558 1.51129341 0.356073558 1.51129341 0.920099437 -0.511293411 0.920099437 0.920099437 -0.419904709 1.35076356 -0.0467453003 1.5112859 0.5 1.35076356 1.0467453 0.920099437 1.41990471 0.356073558 1.50099945 -0.162267506 1.26428413 -0.47031194 0.784914017 -0.47031194 0.215085983 -0.162267506 -0.264284134 0.356073558 -0.500997543 -0.511293411 0.920099437 1.51129341 0.920099437 1.51129341 1.35076356 -0.511293411 1.35076356 -0.511293411 1.0467453 1.51129341 1.0467453 1.51129341 0.5 -0.511293411 0.5 1.35076356 1.0467453 1.5112859 0.5 1.35076356 -0.0467453003 0.920099437 -0.419904709 0.356073558 -0.500997543 -0.162267506 -0.264284134 -0.47031194 0.215085983 -0.47031194 0.784914017 -0.162267506 1.26428413 0.356073558 1.50099945 0.920099437 1.41990471 </float_array>
          <technique_common>
            <accessor count="66" offset="0" source="#meshesQ14S-tex3-array" stride="2">
              <param name="S" type="float" />
              <param name="T" type="float" />
            </accessor>
          </technique_common>
        </source>
        <source id="meshesQ14S-tex4" name="meshesQ14S-tex4">
          <float_array id="meshesQ14S-tex4-array" count="132"> -0.511293411 0.5 1.51129341 0.5 1.51129341 -0.0467453003 -0.511293411 -0.0467453003 -0.511293411 1.35076356 1.51129341 1.35076356 1.51129341 0.920099437 -0.511293411 0.920099437 -0.511293411 0.920099437 1.51129341 0.920099437 1.51129341 0.356073558 -0.511293411 0.356073558 -0.511293411 0.356073558 1.51129341 0.356073558 1.51129341 -0.162267447 -0.511293411 -0.162267447 -0.511293411 -0.264284134 1.51129341 -0.264284134 1.51129341 0.215085983 -0.511293411 0.215085983 -0.511293411 0.215085983 1.51129341 0.215085983 1.51129341 0.784914017 -0.511293411 0.784914017 -0.511293411 0.784914017 1.51129341 0.784914017 1.51129341 1.26428413 -0.511293411 1.26428413 -0.511293411 -0.162267447 1.51129341 -0.162267447 1.51129341 0.356073558 -0.511293411 0.356073558 -0.511293411 0.356073558 1.51129341 0.356073558 1.51129341 0.920099437 -0.511293411 0.920099437 0.920099437 -0.419904709 1.35076356 -0.0467453003 1.5112859 0.5 1.35076356 1.0467453 0.920099437 1.41990471 0.356073558 1.50099945 -0.162267506 1.26428413 -0.47031194 0.784914017 -0.47031194 0.215085983 -0.162267506 -0.264284134 0.356073558 -0.500997543 -0.511293411 0.920099437 1.51129341 0.920099437 1.51129341 1.35076356 -0.511293411 1.35076356 -0.511293411 1.0467453 1.51129341 1.0467453 1.51129341 0.5 -0.511293411 0.5 1.35076356 1.0467453 1.5112859 0.5 1.35076356 -0.0467453003 0.920099437 -0.419904709 0.356073558 -0.500997543 -0.162267506 -0.264284134 -0.47031194 0.215085983 -0.47031194 0.784914017 -0.162267506 1.26428413 0.356073558 1.50099945 0.920099437 1.41990471 </float_array>
          <technique_common>
            <accessor count="66" offset="0" source="#meshesQ14S-tex4-array" stride="2">
              <param name="S" type="float" />
              <param name="T" type="float" />
            </accessor>
          </technique_common>
        </source>
        <source id="meshesQ14S-tex5" name="meshesQ14S-tex5">
          <float_array id="meshesQ14S-tex5-array" count="132"> -0.511293411 0.5 1.51129341 0.5 1.51129341 -0.0467453003 -0.511293411 -0.0467453003 -0.511293411 1.35076356 1.51129341 1.35076356 1.51129341 0.920099437 -0.511293411 0.920099437 -0.511293411 0.920099437 1.51129341 0.920099437 1.51129341 0.356073558 -0.511293411 0.356073558 -0.511293411 0.356073558 1.51129341 0.356073558 1.51129341 -0.162267447 -0.511293411 -0.162267447 -0.511293411 -0.264284134 1.51129341 -0.264284134 1.51129341 0.215085983 -0.511293411 0.215085983 -0.511293411 0.215085983 1.51129341 0.215085983 1.51129341 0.784914017 -0.511293411 0.784914017 -0.511293411 0.784914017 1.51129341 0.784914017 1.51129341 1.26428413 -0.511293411 1.26428413 -0.511293411 -0.162267447 1.51129341 -0.162267447 1.51129341 0.356073558 -0.511293411 0.356073558 -0.511293411 0.356073558 1.51129341 0.356073558 1.51129341 0.920099437 -0.511293411 0.920099437 0.920099437 -0.419904709 1.35076356 -0.0467453003 1.5112859 0.5 1.35076356 1.0467453 0.920099437 1.41990471 0.356073558 1.50099945 -0.162267506 1.26428413 -0.47031194 0.784914017 -0.47031194 0.215085983 -0.162267506 -0.264284134 0.356073558 -0.500997543 -0.511293411 0.920099437 1.51129341 0.920099437 1.51129341 1.35076356 -0.511293411 1.35076356 -0.511293411 1.0467453 1.51129341 1.0467453 1.51129341 0.5 -0.511293411 0.5 1.35076356 1.0467453 1.5112859 0.5 1.35076356 -0.0467453003 0.920099437 -0.419904709 0.356073558 -0.500997543 -0.162267506 -0.264284134 -0.47031194 0.215085983 -0.47031194 0.784914017 -0.162267506 1.26428413 0.356073558 1.50099945 0.920099437 1.41990471 </float_array>
          <technique_common>
            <accessor count="66" offset="0" source="#meshesQ14S-tex5-array" stride="2">
              <param name="S" type="float" />
              <param name="T" type="float" />
            </accessor>
          </technique_common>
        </source>
        <vertices id="meshesQ14S-vertices">
          <input semantic="POSITION" source="#meshesQ14S-positions" />
        </vertices>
        <polylist count="40" material="defaultMaterial">
          <input offset="0" semantic="VERTEX" source="#meshesQ14S-vertices" />
          <input offset="0" semantic="NORMAL" source="#meshesQ14S-normals" />
          <input offset="0" semantic="TEXCOORD" source="#meshesQ14S-tex0" set="0" />
          <input offset="0" semantic="TEXCOORD" source="#meshesQ14S-tex1" set="1" />
          <input offset="0" semantic="TEXCOORD" source="#meshesQ14S-tex2" set="2" />
          <input offset="0" semantic="TEXCOORD" source="#meshesQ14S-tex3" set="3" />
          <input offset="0" semantic="TEXCOORD" source="#meshesQ14S-tex4" set="4" />
          <input offset="0" semantic="TEXCOORD" source="#meshesQ14S-tex5" set="5" />
          <vcount>3 3 3 3 3 3 3 3 3 3 3 3 3 3 3 3 3 3 3 3 3 3 3 3 3 3 3 3 3 3 3 3 3 3 3 3 3 3 3 3 </vcount>
          <p>0 1 2 0 2 3 4 5 6 4 6 7 8 9 10 8 10 11 12 13 14 12 14 15 16 17 18 16 18 19 20 21 22 20 22 23 24 25 26 24 26 27 28 29 30 28 30 31 32 33 34 32 34 35 36 37 38 38 39 40 40 41 42 42 43 44 44 45 46 46 36 38 38 40 42 42 44 46 38 42 46 47 48 49 47 49 50 51 52 53 51 53 54 55 56 57 57 58 59 59 60 61 61 62 63 63 64 65 65 55 57 57 59 61 61 63 65 57 61 65 </p>
        </polylist>
      </mesh>
    </geometry>
    <geometry id="meshesQ15S" name="meshes[15]" >
      <mesh>
        <source id="meshesQ15S-positions" name="meshesQ15S-positions">
          <float_array id="meshesQ15S-positions-array" count="165"> -1.19016647 18.0274563 -1.06521606 0.832420349 18.0274563 -1.06521606 0.832420349 17.480711 -0.904693604 -1.19016647 17.480711 -0.904693604 -1.19016647 17.480711 -0.904693604 0.832420349 17.480711 -0.904693604 0.832420349 17.1075516 -0.474029541 -1.19016647 17.1075516 -0.474029541 -1.19016647 17.1075516 -0.474029541 0.832420349 17.1075516 -0.474029541 0.832420349 17.0264568 0.0899963379 -1.19016647 17.0264568 0.0899963379 -1.19016647 17.0264568 0.0899963379 0.832420349 17.0264568 0.0899963379 0.832420349 17.2631721 0.608337402 -1.19016647 17.2631721 0.608337402 -1.19016647 17.2631721 0.608337402 0.832420349 17.2631721 0.608337402 0.832420349 17.7425423 0.916381836 -1.19016647 17.7425423 0.916381836 -1.19016647 17.7425423 0.916381836 0.832420349 17.7425423 0.916381836 0.832420349 18.3123703 0.916381836 -1.19016647 18.3123703 0.916381836 -1.19016647 18.3123703 0.916381836 0.832420349 18.3123703 0.916381836 0.832420349 18.7917404 0.608337402 -1.19016647 18.7917404 0.608337402 -1.19016647 18.7917404 0.608337402 0.832420349 18.7917404 0.608337402 0.832420349 19.0284557 0.0899963379 -1.19016647 19.0284557 0.0899963379 -1.19016647 19.0284557 0.0899963379 0.832420349 19.0284557 0.0899963379 0.832420349 18.947361 -0.474029541 -1.19016647 18.947361 -0.474029541 -1.19016647 18.947361 -0.474029541 0.832420349 18.947361 -0.474029541 0.832420349 18.5742035 -0.904693604 -1.19016647 18.5742035 -0.904693604 -1.19016647 18.5742035 -0.904693604 0.832420349 18.5742035 -0.904693604 0.832420349 18.0274563 -1.06521606 -1.19016647 18.0274563 -1.06521606 -1.19016647 18.5742035 -0.904693604 -1.19016647 18.0274563 -1.06521606 -1.19016647 17.480711 -0.904693604 -1.19016647 17.1075516 -0.474029541 -1.19016647 17.0264568 0.0899963379 -1.19016647 17.2631721 0.608337402 -1.19016647 17.7425423 0.916381836 -1.19016647 18.3123703 0.916381836 -1.19016647 18.7917404 0.608337402 -1.19016647 19.0284557 0.0899963379 -1.19016647 18.947361 -0.474029541 </float_array>
          <technique_common>
            <accessor count="55" offset="0" source="#meshesQ15S-positions-array" stride="3">
              <param name="X" type="float" />
              <param name="Y" type="float" />
              <param name="Z" type="float" />
            </accessor>
          </technique_common>
        </source>
        <source id="meshesQ15S-normals" name="meshesQ15S-normals">
          <float_array id="meshesQ15S-normals-array" count="165"> 0 -0.281700671 -0.959502339 0 -0.281700671 -0.959502339 0 -0.281700671 -0.959502339 0 -0.281700671 -0.959502339 0 -0.75580126 -0.654801071 0 -0.75580126 -0.654801071 0 -0.75580126 -0.654801071 0 -0.75580126 -0.654801071 0 -0.989823103 -0.142303318 0 -0.989823103 -0.142303318 0 -0.989823103 -0.142303318 0 -0.989823103 -0.142303318 0 -0.909632146 0.415414691 0 -0.909632146 0.415414691 0 -0.909632146 0.415414691 0 -0.909632146 0.415414691 0 -0.540590823 0.841285765 0 -0.540590823 0.841285765 0 -0.540590823 0.841285765 0 -0.540590823 0.841285765 0 0 1 0 0 1 0 0 1 0 0 1 0 0.540590823 0.841285765 0 0.540590823 0.841285765 0 0.540590823 0.841285765 0 0.540590823 0.841285765 0 0.909632146 0.415414691 0 0.909632146 0.415414691 0 0.909632146 0.415414691 0 0.909632146 0.415414691 0 0.989823103 -0.142303318 0 0.989823103 -0.142303318 0 0.989823103 -0.142303318 0 0.989823103 -0.142303318 0 0.75580126 -0.654801071 0 0.75580126 -0.654801071 0 0.75580126 -0.654801071 0 0.75580126 -0.654801071 0 0.281700671 -0.959502339 0 0.281700671 -0.959502339 0 0.281700671 -0.959502339 0 0.281700671 -0.959502339 -1 0 0 -1 0 0 -1 0 0 -1 0 0 -1 0 0 -1 0 0 -1 0 0 -1 0 0 -1 0 0 -1 0 0 -1 0 0 </float_array>
          <technique_common>
            <accessor count="55" offset="0" source="#meshesQ15S-normals-array" stride="3">
              <param name="X" type="float" />
              <param name="Y" type="float" />
              <param name="Z" type="float" />
            </accessor>
          </technique_common>
        </source>
        <source id="meshesQ15S-tex0" name="meshesQ15S-tex0">
          <float_array id="meshesQ15S-tex0-array" count="110"> -0.42701894 0.499998093 1.59556794 0.499998093 1.59556794 -0.0467472076 -0.42701894 -0.0467472076 -0.42701894 1.35076356 1.59556794 1.35076356 1.59556794 0.920099437 -0.42701894 0.920099437 -0.42701894 0.920099437 1.59556794 0.920099437 1.59556794 0.356073558 -0.42701894 0.356073558 -0.42701894 0.356073558 1.59556794 0.356073558 1.59556794 -0.162267447 -0.42701894 -0.162267447 -0.42701894 -0.264286041 1.59556794 -0.264286041 1.59556794 0.215084076 -0.42701894 0.215084076 -0.42701894 0.215084076 1.59556794 0.215084076 1.59556794 0.784912109 -0.42701894 0.784912109 -0.42701894 0.784912109 1.59556794 0.784912109 1.59556794 1.26428223 -0.42701894 1.26428223 -0.42701894 -0.162267447 1.59556794 -0.162267447 1.59556794 0.356073558 -0.42701894 0.356073558 -0.42701894 0.356073558 1.59556794 0.356073558 1.59556794 0.920099437 -0.42701894 0.920099437 -0.42701894 0.920099437 1.59556794 0.920099437 1.59556794 1.35076356 -0.42701894 1.35076356 -0.42701894 1.0467453 1.59556794 1.0467453 1.59556794 0.499998093 -0.42701894 0.499998093 1.35076356 1.0467453 1.5112859 0.499998093 1.35076356 -0.0467472076 0.920099437 -0.419906616 0.356073558 -0.501001358 -0.162267506 -0.264286041 -0.47031194 0.215084076 -0.47031194 0.784912109 -0.162267506 1.26428223 0.356073558 1.50099754 0.920099437 1.4199028 </float_array>
          <technique_common>
            <accessor count="55" offset="0" source="#meshesQ15S-tex0-array" stride="2">
              <param name="S" type="float" />
              <param name="T" type="float" />
            </accessor>
          </technique_common>
        </source>
        <source id="meshesQ15S-tex1" name="meshesQ15S-tex1">
          <float_array id="meshesQ15S-tex1-array" count="110"> 1 0.5 1 1 0.909090877 1 0.909090877 0.5 0.909090877 0.5 0.909090877 1 0.818181753 1 0.818181753 0.5 0.818181753 0.5 0.818181753 1 0.72727263 1 0.72727263 0.5 0.72727263 0.5 0.72727263 1 0.636363506 1 0.636363506 0.5 0.636363506 0.5 0.636363506 1 0.545454383 1 0.545454383 0.5 0.545454383 0.5 0.545454383 1 0.454545289 1 0.454545289 0.5 0.454545289 0.5 0.454545289 1 0.363636196 1 0.363636196 0.5 0.363636196 0.5 0.363636196 1 0.272727102 1 0.272727102 0.5 0.272727102 0.5 0.272727102 1 0.181818008 1 0.181818008 0.5 0.181818008 0.5 0.181818008 1 0.0909089148 1 0.0909089148 0.5 0.0909089148 0.5 0.0909089148 1 -1.78813934e-07 1 -1.78813934e-07 0.5 0.620246172 0.45190084 0.75 0.49000001 0.879753828 0.45190084 0.968311667 0.349699616 0.987557173 0.215844452 0.931379914 0.0928333998 0.817615807 0.0197216868 0.682384193 0.0197216868 0.568620086 0.0928333998 0.512442827 0.215844452 0.531688333 0.349699616 </float_array>
          <technique_common>
            <accessor count="55" offset="0" source="#meshesQ15S-tex1-array" stride="2">
              <param name="S" type="float" />
              <param name="T" type="float" />
            </accessor>
          </technique_common>
        </source>
        <source id="meshesQ15S-tex2" name="meshesQ15S-tex2">
          <float_array id="meshesQ15S-tex2-array" count="110"> -0.42701894 0.499998093 1.59556794 0.499998093 1.59556794 -0.0467472076 -0.42701894 -0.0467472076 -0.42701894 1.35076356 1.59556794 1.35076356 1.59556794 0.920099437 -0.42701894 0.920099437 -0.42701894 0.920099437 1.59556794 0.920099437 1.59556794 0.356073558 -0.42701894 0.356073558 -0.42701894 0.356073558 1.59556794 0.356073558 1.59556794 -0.162267447 -0.42701894 -0.162267447 -0.42701894 -0.264286041 1.59556794 -0.264286041 1.59556794 0.215084076 -0.42701894 0.215084076 -0.42701894 0.215084076 1.59556794 0.215084076 1.59556794 0.784912109 -0.42701894 0.784912109 -0.42701894 0.784912109 1.59556794 0.784912109 1.59556794 1.26428223 -0.42701894 1.26428223 -0.42701894 -0.162267447 1.59556794 -0.162267447 1.59556794 0.356073558 -0.42701894 0.356073558 -0.42701894 0.356073558 1.59556794 0.356073558 1.59556794 0.920099437 -0.42701894 0.920099437 -0.42701894 0.920099437 1.59556794 0.920099437 1.59556794 1.35076356 -0.42701894 1.35076356 -0.42701894 1.0467453 1.59556794 1.0467453 1.59556794 0.499998093 -0.42701894 0.499998093 1.35076356 1.0467453 1.5112859 0.499998093 1.35076356 -0.0467472076 0.920099437 -0.419906616 0.356073558 -0.501001358 -0.162267506 -0.264286041 -0.47031194 0.215084076 -0.47031194 0.784912109 -0.162267506 1.26428223 0.356073558 1.50099754 0.920099437 1.4199028 </float_array>
          <technique_common>
            <accessor count="55" offset="0" source="#meshesQ15S-tex2-array" stride="2">
              <param name="S" type="float" />
              <param name="T" type="float" />
            </accessor>
          </technique_common>
        </source>
        <source id="meshesQ15S-tex3" name="meshesQ15S-tex3">
          <float_array id="meshesQ15S-tex3-array" count="110"> -0.42701894 0.499998093 1.59556794 0.499998093 1.59556794 -0.0467472076 -0.42701894 -0.0467472076 -0.42701894 1.35076356 1.59556794 1.35076356 1.59556794 0.920099437 -0.42701894 0.920099437 -0.42701894 0.920099437 1.59556794 0.920099437 1.59556794 0.356073558 -0.42701894 0.356073558 -0.42701894 0.356073558 1.59556794 0.356073558 1.59556794 -0.162267447 -0.42701894 -0.162267447 -0.42701894 -0.264286041 1.59556794 -0.264286041 1.59556794 0.215084076 -0.42701894 0.215084076 -0.42701894 0.215084076 1.59556794 0.215084076 1.59556794 0.784912109 -0.42701894 0.784912109 -0.42701894 0.784912109 1.59556794 0.784912109 1.59556794 1.26428223 -0.42701894 1.26428223 -0.42701894 -0.162267447 1.59556794 -0.162267447 1.59556794 0.356073558 -0.42701894 0.356073558 -0.42701894 0.356073558 1.59556794 0.356073558 1.59556794 0.920099437 -0.42701894 0.920099437 -0.42701894 0.920099437 1.59556794 0.920099437 1.59556794 1.35076356 -0.42701894 1.35076356 -0.42701894 1.0467453 1.59556794 1.0467453 1.59556794 0.499998093 -0.42701894 0.499998093 1.35076356 1.0467453 1.5112859 0.499998093 1.35076356 -0.0467472076 0.920099437 -0.419906616 0.356073558 -0.501001358 -0.162267506 -0.264286041 -0.47031194 0.215084076 -0.47031194 0.784912109 -0.162267506 1.26428223 0.356073558 1.50099754 0.920099437 1.4199028 </float_array>
          <technique_common>
            <accessor count="55" offset="0" source="#meshesQ15S-tex3-array" stride="2">
              <param name="S" type="float" />
              <param name="T" type="float" />
            </accessor>
          </technique_common>
        </source>
        <source id="meshesQ15S-tex4" name="meshesQ15S-tex4">
          <float_array id="meshesQ15S-tex4-array" count="110"> -0.42701894 0.499998093 1.59556794 0.499998093 1.59556794 -0.0467472076 -0.42701894 -0.0467472076 -0.42701894 1.35076356 1.59556794 1.35076356 1.59556794 0.920099437 -0.42701894 0.920099437 -0.42701894 0.920099437 1.59556794 0.920099437 1.59556794 0.356073558 -0.42701894 0.356073558 -0.42701894 0.356073558 1.59556794 0.356073558 1.59556794 -0.162267447 -0.42701894 -0.162267447 -0.42701894 -0.264286041 1.59556794 -0.264286041 1.59556794 0.215084076 -0.42701894 0.215084076 -0.42701894 0.215084076 1.59556794 0.215084076 1.59556794 0.784912109 -0.42701894 0.784912109 -0.42701894 0.784912109 1.59556794 0.784912109 1.59556794 1.26428223 -0.42701894 1.26428223 -0.42701894 -0.162267447 1.59556794 -0.162267447 1.59556794 0.356073558 -0.42701894 0.356073558 -0.42701894 0.356073558 1.59556794 0.356073558 1.59556794 0.920099437 -0.42701894 0.920099437 -0.42701894 0.920099437 1.59556794 0.920099437 1.59556794 1.35076356 -0.42701894 1.35076356 -0.42701894 1.0467453 1.59556794 1.0467453 1.59556794 0.499998093 -0.42701894 0.499998093 1.35076356 1.0467453 1.5112859 0.499998093 1.35076356 -0.0467472076 0.920099437 -0.419906616 0.356073558 -0.501001358 -0.162267506 -0.264286041 -0.47031194 0.215084076 -0.47031194 0.784912109 -0.162267506 1.26428223 0.356073558 1.50099754 0.920099437 1.4199028 </float_array>
          <technique_common>
            <accessor count="55" offset="0" source="#meshesQ15S-tex4-array" stride="2">
              <param name="S" type="float" />
              <param name="T" type="float" />
            </accessor>
          </technique_common>
        </source>
        <source id="meshesQ15S-tex5" name="meshesQ15S-tex5">
          <float_array id="meshesQ15S-tex5-array" count="110"> -0.42701894 0.499998093 1.59556794 0.499998093 1.59556794 -0.0467472076 -0.42701894 -0.0467472076 -0.42701894 1.35076356 1.59556794 1.35076356 1.59556794 0.920099437 -0.42701894 0.920099437 -0.42701894 0.920099437 1.59556794 0.920099437 1.59556794 0.356073558 -0.42701894 0.356073558 -0.42701894 0.356073558 1.59556794 0.356073558 1.59556794 -0.162267447 -0.42701894 -0.162267447 -0.42701894 -0.264286041 1.59556794 -0.264286041 1.59556794 0.215084076 -0.42701894 0.215084076 -0.42701894 0.215084076 1.59556794 0.215084076 1.59556794 0.784912109 -0.42701894 0.784912109 -0.42701894 0.784912109 1.59556794 0.784912109 1.59556794 1.26428223 -0.42701894 1.26428223 -0.42701894 -0.162267447 1.59556794 -0.162267447 1.59556794 0.356073558 -0.42701894 0.356073558 -0.42701894 0.356073558 1.59556794 0.356073558 1.59556794 0.920099437 -0.42701894 0.920099437 -0.42701894 0.920099437 1.59556794 0.920099437 1.59556794 1.35076356 -0.42701894 1.35076356 -0.42701894 1.0467453 1.59556794 1.0467453 1.59556794 0.499998093 -0.42701894 0.499998093 1.35076356 1.0467453 1.5112859 0.499998093 1.35076356 -0.0467472076 0.920099437 -0.419906616 0.356073558 -0.501001358 -0.162267506 -0.264286041 -0.47031194 0.215084076 -0.47031194 0.784912109 -0.162267506 1.26428223 0.356073558 1.50099754 0.920099437 1.4199028 </float_array>
          <technique_common>
            <accessor count="55" offset="0" source="#meshesQ15S-tex5-array" stride="2">
              <param name="S" type="float" />
              <param name="T" type="float" />
            </accessor>
          </technique_common>
        </source>
        <vertices id="meshesQ15S-vertices">
          <input semantic="POSITION" source="#meshesQ15S-positions" />
        </vertices>
        <polylist count="31" material="defaultMaterial">
          <input offset="0" semantic="VERTEX" source="#meshesQ15S-vertices" />
          <input offset="0" semantic="NORMAL" source="#meshesQ15S-normals" />
          <input offset="0" semantic="TEXCOORD" source="#meshesQ15S-tex0" set="0" />
          <input offset="0" semantic="TEXCOORD" source="#meshesQ15S-tex1" set="1" />
          <input offset="0" semantic="TEXCOORD" source="#meshesQ15S-tex2" set="2" />
          <input offset="0" semantic="TEXCOORD" source="#meshesQ15S-tex3" set="3" />
          <input offset="0" semantic="TEXCOORD" source="#meshesQ15S-tex4" set="4" />
          <input offset="0" semantic="TEXCOORD" source="#meshesQ15S-tex5" set="5" />
          <vcount>3 3 3 3 3 3 3 3 3 3 3 3 3 3 3 3 3 3 3 3 3 3 3 3 3 3 3 3 3 3 3 </vcount>
          <p>0 1 2 0 2 3 4 5 6 4 6 7 8 9 10 8 10 11 12 13 14 12 14 15 16 17 18 16 18 19 20 21 22 20 22 23 24 25 26 24 26 27 28 29 30 28 30 31 32 33 34 32 34 35 36 37 38 36 38 39 40 41 42 40 42 43 44 45 46 46 47 48 48 49 50 50 51 52 52 53 54 54 44 46 46 48 50 50 52 54 46 50 54 </p>
        </polylist>
      </mesh>
    </geometry>
    <geometry id="meshesQ16S" name="meshes[16]" >
      <mesh>
        <source id="meshesQ16S-positions" name="meshesQ16S-positions">
          <float_array id="meshesQ16S-positions-array" count="156"> -2.67028809e-05 0.00768470764 1.16152954 -2.67028809e-05 1.04417419 1.16152954 -2.67028809e-05 1.04417419 -1.26940918 -2.67028809e-05 0.00768470764 -1.26940918 -2.67028809e-05 0.00768470764 -1.26940918 -2.67028809e-05 1.04417419 -1.26940918 2.4308815 1.04417419 -1.26940918 2.4308815 0.00768470764 -1.26940918 2.4308815 0.00768470764 -1.26940918 2.4308815 1.04417419 -1.26940918 2.4308815 1.04417419 1.16152954 2.4308815 0.00768470764 1.16152954 2.4308815 0.00768470764 1.16152954 2.4308815 1.04417419 1.16152954 -2.67028809e-05 1.04417419 1.16152954 -2.67028809e-05 0.00768470764 1.16152954 -2.67028809e-05 0.00768470764 -1.26940918 2.4308815 0.00768470764 -1.26940918 2.4308815 0.00768470764 1.16152954 -2.67028809e-05 0.00768470764 1.16152954 2.4308815 1.04417419 -1.26940918 -2.67028809e-05 1.04417419 -1.26940918 -2.67028809e-05 1.04417419 1.16152954 2.4308815 1.04417419 1.16152954 0.963574052 0.251595199 0.151761025 0.963574052 41.4409599 0.151761025 0.963574052 41.4409599 -0.19117339 0.963574052 0.251595199 -0.19117339 0.963574052 0.251595199 -0.19117339 0.963574052 41.4409599 -0.19117339 1.30651677 41.4409599 -0.19117339 1.30651677 0.251595199 -0.19117339 1.30651677 0.251595199 -0.19117339 1.30651677 41.4409599 -0.19117339 1.30651677 41.4409599 0.151761025 1.30651677 0.251595199 0.151761025 1.30651677 0.251595199 0.151761025 1.30651677 41.4409599 0.151761025 0.963574052 41.4409599 0.151761025 0.963574052 0.251595199 0.151761025 0.963574052 0.251595199 -0.19117339 1.30651677 0.251595199 -0.19117339 1.30651677 0.251595199 0.151761025 0.963574052 0.251595199 0.151761025 1.30651677 41.4409599 -0.19117339 0.963574052 41.4409599 -0.19117339 0.963574052 41.4409599 0.151761025 1.30651677 41.4409599 0.151761025 0.411679626 27.9265366 -0.842458785 0.816120565 27.9265366 -0.842458785 0.816120565 27.9265366 0.803046465 0.411679626 27.9265366 0.803046465 </float_array>
          <technique_common>
            <accessor count="52" offset="0" source="#meshesQ16S-positions-array" stride="3">
              <param name="X" type="float" />
              <param name="Y" type="float" />
              <param name="Z" type="float" />
            </accessor>
          </technique_common>
        </source>
        <source id="meshesQ16S-normals" name="meshesQ16S-normals">
          <float_array id="meshesQ16S-normals-array" count="156"> -1 0 0 -1 0 0 -1 0 0 -1 0 0 0 0 -1 0 0 -1 0 0 -1 0 0 -1 1 0 0 1 0 0 1 0 0 1 0 0 0 0 1 0 0 1 0 0 1 0 0 1 0 -1 0 0 -1 0 0 -1 0 0 -1 0 0 1 0 0 1 0 0 1 0 0 1 0 -1 0 0 -1 0 0 -1 0 0 -1 0 0 0 0 -1 0 0 -1 0 0 -1 0 0 -1 1 0 0 1 0 0 1 0 0 1 0 0 0 0 1 0 0 1 0 0 1 0 0 1 0 -1 0 0 -1 0 0 -1 0 0 -1 0 0 1 0 0 1 0 0 1 0 0 1 0 0 -1 0 0 -1 0 0 -1 0 0 -1 0 </float_array>
          <technique_common>
            <accessor count="52" offset="0" source="#meshesQ16S-normals-array" stride="3">
              <param name="X" type="float" />
              <param name="Y" type="float" />
              <param name="Z" type="float" />
            </accessor>
          </technique_common>
        </source>
        <source id="meshesQ16S-tex0" name="meshesQ16S-tex0">
          <float_array id="meshesQ16S-tex0-array" count="104"> -0.10773468 0.240877628 -0.10773468 0.759122372 1.10773468 0.759122372 1.10773468 0.240877628 -0.107727051 0.240877628 -0.107727051 0.759122372 1.10772705 0.759122372 1.10772705 0.240877628 1.10773468 0.240877628 1.10773468 0.759122372 -0.10773468 0.759122372 -0.10773468 0.240877628 1.10772705 0.240877628 1.10772705 0.759122372 -0.107727051 0.759122372 -0.107727051 0.240877628 -0.107727051 1.10773468 1.10772705 1.10773468 1.10772705 -0.10773468 -0.107727051 -0.10773468 1.10772705 1.10773468 -0.107727051 1.10773468 -0.107727051 -0.10773468 1.10772705 -0.10773468 0.265396118 -5.86874294 0.265396118 6.27245331 0.734603882 6.27245331 0.734603882 -5.86874294 0.367253006 -5.86874294 0.367253006 6.27245331 0.836472213 6.27245331 0.836472213 -5.86874294 0.734603882 -5.86874294 0.734603882 6.27245331 0.265396118 6.27245331 0.265396118 -5.86874294 0.836472213 -5.86874294 0.836472213 6.27245331 0.367253006 6.27245331 0.367253006 -5.86874294 0.367253006 0.734603882 0.836472213 0.734603882 0.836472213 0.265396118 0.367253006 0.265396118 0.836472213 0.734603882 0.367253006 0.734603882 0.367253006 0.265396118 0.836472213 0.265396118 -0.387856781 1.6257019 0.165505111 1.6257019 0.165505111 -0.625701904 -0.387856781 -0.625701904 </float_array>
          <technique_common>
            <accessor count="52" offset="0" source="#meshesQ16S-tex0-array" stride="2">
              <param name="S" type="float" />
              <param name="T" type="float" />
            </accessor>
          </technique_common>
        </source>
        <source id="meshesQ16S-tex1" name="meshesQ16S-tex1">
          <float_array id="meshesQ16S-tex1-array" count="104"> 0.375 0 0.625 0 0.625 0.25 0.375 0.25 0.375 0.25 0.625 0.25 0.625 0.5 0.375 0.5 0.375 0.5 0.625 0.5 0.625 0.75 0.375 0.75 0.375 0.75 0.625 0.75 0.625 1 0.375 1 0.125 0.5 0.375 0.5 0.375 0.75 0.125 0.75 0.625 0.5 0.875 0.5 0.875 0.75 0.625 0.75 0.375 0 0.625 0 0.625 0.25 0.375 0.25 0.375 0.25 0.625 0.25 0.625 0.5 0.375 0.5 0.375 0.5 0.625 0.5 0.625 0.75 0.375 0.75 0.375 0.75 0.625 0.75 0.625 1 0.375 1 0.125 0.5 0.375 0.5 0.375 0.75 0.125 0.75 0.625 0.5 0.875 0.5 0.875 0.75 0.625 0.75 0.125 0.5 0.375 0.5 0.375 0.75 0.125 0.75 </float_array>
          <technique_common>
            <accessor count="52" offset="0" source="#meshesQ16S-tex1-array" stride="2">
              <param name="S" type="float" />
              <param name="T" type="float" />
            </accessor>
          </technique_common>
        </source>
        <source id="meshesQ16S-tex2" name="meshesQ16S-tex2">
          <float_array id="meshesQ16S-tex2-array" count="104"> -0.10773468 0.240877628 -0.10773468 0.759122372 1.10773468 0.759122372 1.10773468 0.240877628 -0.107727051 0.240877628 -0.107727051 0.759122372 1.10772705 0.759122372 1.10772705 0.240877628 1.10773468 0.240877628 1.10773468 0.759122372 -0.10773468 0.759122372 -0.10773468 0.240877628 1.10772705 0.240877628 1.10772705 0.759122372 -0.107727051 0.759122372 -0.107727051 0.240877628 -0.107727051 1.10773468 1.10772705 1.10773468 1.10772705 -0.10773468 -0.107727051 -0.10773468 1.10772705 1.10773468 -0.107727051 1.10773468 -0.107727051 -0.10773468 1.10772705 -0.10773468 0.265396118 -5.86874294 0.265396118 6.27245331 0.734603882 6.27245331 0.734603882 -5.86874294 0.367253006 -5.86874294 0.367253006 6.27245331 0.836472213 6.27245331 0.836472213 -5.86874294 0.734603882 -5.86874294 0.734603882 6.27245331 0.265396118 6.27245331 0.265396118 -5.86874294 0.836472213 -5.86874294 0.836472213 6.27245331 0.367253006 6.27245331 0.367253006 -5.86874294 0.367253006 0.734603882 0.836472213 0.734603882 0.836472213 0.265396118 0.367253006 0.265396118 0.836472213 0.734603882 0.367253006 0.734603882 0.367253006 0.265396118 0.836472213 0.265396118 -0.387856781 1.6257019 0.165505111 1.6257019 0.165505111 -0.625701904 -0.387856781 -0.625701904 </float_array>
          <technique_common>
            <accessor count="52" offset="0" source="#meshesQ16S-tex2-array" stride="2">
              <param name="S" type="float" />
              <param name="T" type="float" />
            </accessor>
          </technique_common>
        </source>
        <source id="meshesQ16S-tex3" name="meshesQ16S-tex3">
          <float_array id="meshesQ16S-tex3-array" count="104"> -0.10773468 0.240877628 -0.10773468 0.759122372 1.10773468 0.759122372 1.10773468 0.240877628 -0.107727051 0.240877628 -0.107727051 0.759122372 1.10772705 0.759122372 1.10772705 0.240877628 1.10773468 0.240877628 1.10773468 0.759122372 -0.10773468 0.759122372 -0.10773468 0.240877628 1.10772705 0.240877628 1.10772705 0.759122372 -0.107727051 0.759122372 -0.107727051 0.240877628 -0.107727051 1.10773468 1.10772705 1.10773468 1.10772705 -0.10773468 -0.107727051 -0.10773468 1.10772705 1.10773468 -0.107727051 1.10773468 -0.107727051 -0.10773468 1.10772705 -0.10773468 0.265396118 -5.86874294 0.265396118 6.27245331 0.734603882 6.27245331 0.734603882 -5.86874294 0.367253006 -5.86874294 0.367253006 6.27245331 0.836472213 6.27245331 0.836472213 -5.86874294 0.734603882 -5.86874294 0.734603882 6.27245331 0.265396118 6.27245331 0.265396118 -5.86874294 0.836472213 -5.86874294 0.836472213 6.27245331 0.367253006 6.27245331 0.367253006 -5.86874294 0.367253006 0.734603882 0.836472213 0.734603882 0.836472213 0.265396118 0.367253006 0.265396118 0.836472213 0.734603882 0.367253006 0.734603882 0.367253006 0.265396118 0.836472213 0.265396118 -0.387856781 1.6257019 0.165505111 1.6257019 0.165505111 -0.625701904 -0.387856781 -0.625701904 </float_array>
          <technique_common>
            <accessor count="52" offset="0" source="#meshesQ16S-tex3-array" stride="2">
              <param name="S" type="float" />
              <param name="T" type="float" />
            </accessor>
          </technique_common>
        </source>
        <source id="meshesQ16S-tex4" name="meshesQ16S-tex4">
          <float_array id="meshesQ16S-tex4-array" count="104"> -0.10773468 0.240877628 -0.10773468 0.759122372 1.10773468 0.759122372 1.10773468 0.240877628 -0.107727051 0.240877628 -0.107727051 0.759122372 1.10772705 0.759122372 1.10772705 0.240877628 1.10773468 0.240877628 1.10773468 0.759122372 -0.10773468 0.759122372 -0.10773468 0.240877628 1.10772705 0.240877628 1.10772705 0.759122372 -0.107727051 0.759122372 -0.107727051 0.240877628 -0.107727051 1.10773468 1.10772705 1.10773468 1.10772705 -0.10773468 -0.107727051 -0.10773468 1.10772705 1.10773468 -0.107727051 1.10773468 -0.107727051 -0.10773468 1.10772705 -0.10773468 0.265396118 -5.86874294 0.265396118 6.27245331 0.734603882 6.27245331 0.734603882 -5.86874294 0.367253006 -5.86874294 0.367253006 6.27245331 0.836472213 6.27245331 0.836472213 -5.86874294 0.734603882 -5.86874294 0.734603882 6.27245331 0.265396118 6.27245331 0.265396118 -5.86874294 0.836472213 -5.86874294 0.836472213 6.27245331 0.367253006 6.27245331 0.367253006 -5.86874294 0.367253006 0.734603882 0.836472213 0.734603882 0.836472213 0.265396118 0.367253006 0.265396118 0.836472213 0.734603882 0.367253006 0.734603882 0.367253006 0.265396118 0.836472213 0.265396118 -0.387856781 1.6257019 0.165505111 1.6257019 0.165505111 -0.625701904 -0.387856781 -0.625701904 </float_array>
          <technique_common>
            <accessor count="52" offset="0" source="#meshesQ16S-tex4-array" stride="2">
              <param name="S" type="float" />
              <param name="T" type="float" />
            </accessor>
          </technique_common>
        </source>
        <vertices id="meshesQ16S-vertices">
          <input semantic="POSITION" source="#meshesQ16S-positions" />
        </vertices>
        <polylist count="26" material="defaultMaterial">
          <input offset="0" semantic="VERTEX" source="#meshesQ16S-vertices" />
          <input offset="0" semantic="NORMAL" source="#meshesQ16S-normals" />
          <input offset="0" semantic="TEXCOORD" source="#meshesQ16S-tex0" set="0" />
          <input offset="0" semantic="TEXCOORD" source="#meshesQ16S-tex1" set="1" />
          <input offset="0" semantic="TEXCOORD" source="#meshesQ16S-tex2" set="2" />
          <input offset="0" semantic="TEXCOORD" source="#meshesQ16S-tex3" set="3" />
          <input offset="0" semantic="TEXCOORD" source="#meshesQ16S-tex4" set="4" />
          <vcount>3 3 3 3 3 3 3 3 3 3 3 3 3 3 3 3 3 3 3 3 3 3 3 3 3 3 </vcount>
          <p>0 1 2 0 2 3 4 5 6 4 6 7 8 9 10 8 10 11 12 13 14 12 14 15 16 17 18 16 18 19 20 21 22 20 22 23 24 25 26 24 26 27 28 29 30 28 30 31 32 33 34 32 34 35 36 37 38 36 38 39 40 41 42 40 42 43 44 45 46 44 46 47 48 49 50 48 50 51 </p>
        </polylist>
      </mesh>
    </geometry>
    <geometry id="meshesQ17S" name="meshes[17]" >
      <mesh>
        <source id="meshesQ17S-positions" name="meshesQ17S-positions">
          <float_array id="meshesQ17S-positions-array" count="72"> 0.327629089 16.8356152 1.4831543 0.327629089 24.5217876 1.4831543 0.327629089 24.5217876 -1.59103394 0.327629089 16.8356152 -1.59103394 0.327629089 16.8356152 -1.59103394 0.327629089 24.5217876 -1.59103394 2.10322189 24.5217876 -1.59103394 2.10322189 16.8356152 -1.59103394 2.10322189 16.8356152 -1.59103394 2.10322189 24.5217876 -1.59103394 2.10322189 24.5217876 1.4831543 2.10322189 16.8356152 1.4831543 2.10322189 16.8356152 1.4831543 2.10322189 24.5217876 1.4831543 0.327629089 24.5217876 1.4831543 0.327629089 16.8356152 1.4831543 0.327629089 16.8356152 -1.59103394 2.10322189 16.8356152 -1.59103394 2.10322189 16.8356152 1.4831543 0.327629089 16.8356152 1.4831543 2.10322189 24.5217876 -1.59103394 0.327629089 24.5217876 -1.59103394 0.327629089 24.5217876 1.4831543 2.10322189 24.5217876 1.4831543 </float_array>
          <technique_common>
            <accessor count="24" offset="0" source="#meshesQ17S-positions-array" stride="3">
              <param name="X" type="float" />
              <param name="Y" type="float" />
              <param name="Z" type="float" />
            </accessor>
          </technique_common>
        </source>
        <source id="meshesQ17S-normals" name="meshesQ17S-normals">
          <float_array id="meshesQ17S-normals-array" count="72"> -1 0 0 -1 0 0 -1 0 0 -1 0 0 0 0 -1 0 0 -1 0 0 -1 0 0 -1 1 0 0 1 0 0 1 0 0 1 0 0 0 0 1 0 0 1 0 0 1 0 0 1 0 -1 0 0 -1 0 0 -1 0 0 -1 0 0 1 0 0 1 0 0 1 0 0 1 0 </float_array>
          <technique_common>
            <accessor count="24" offset="0" source="#meshesQ17S-normals-array" stride="3">
              <param name="X" type="float" />
              <param name="Y" type="float" />
              <param name="Z" type="float" />
            </accessor>
          </technique_common>
        </source>
        <source id="meshesQ17S-tex0" name="meshesQ17S-tex0">
          <float_array id="meshesQ17S-tex0-array" count="48"> 0.375 0 0.625 0 0.625 0.25 0.375 0.25 0.375 0.25 0.625 0.25 0.625 0.5 0.375 0.5 0.375 0.5 0.625 0.5 0.625 0.75 0.375 0.75 0.375 0.75 0.625 0.75 0.625 1 0.375 1 0.125 0.5 0.375 0.5 0.375 0.75 0.125 0.75 0.625 0.5 0.875 0.5 0.875 0.75 0.625 0.75 </float_array>
          <technique_common>
            <accessor count="24" offset="0" source="#meshesQ17S-tex0-array" stride="2">
              <param name="S" type="float" />
              <param name="T" type="float" />
            </accessor>
          </technique_common>
        </source>
        <vertices id="meshesQ17S-vertices">
          <input semantic="POSITION" source="#meshesQ17S-positions" />
        </vertices>
        <polylist count="12" material="defaultMaterial">
          <input offset="0" semantic="VERTEX" source="#meshesQ17S-vertices" />
          <input offset="0" semantic="NORMAL" source="#meshesQ17S-normals" />
          <input offset="0" semantic="TEXCOORD" source="#meshesQ17S-tex0" set="0" />
          <vcount>3 3 3 3 3 3 3 3 3 3 3 3 </vcount>
          <p>0 1 2 0 2 3 4 5 6 4 6 7 8 9 10 8 10 11 12 13 14 12 14 15 16 17 18 16 18 19 20 21 22 20 22 23 </p>
        </polylist>
      </mesh>
    </geometry>
    <geometry id="meshesQ18S" name="meshes[18]" >
      <mesh>
        <source id="meshesQ18S-positions" name="meshesQ18S-positions">
          <float_array id="meshesQ18S-positions-array" count="72"> -0.764011383 16.4635487 2.19747925 -0.764011383 25.4102249 2.19747925 -0.764011383 25.4102249 -2.30532837 -0.764011383 16.4635487 -2.30532837 -0.764011383 16.4635487 -2.30532837 -0.764011383 25.4102249 -2.30532837 0.342712402 25.4102249 -2.30532837 0.342712402 16.4635487 -2.30532837 0.342712402 16.4635487 -2.30532837 0.342712402 25.4102249 -2.30532837 0.342712402 25.4102249 2.19747925 0.342712402 16.4635487 2.19747925 0.342712402 16.4635487 2.19747925 0.342712402 25.4102249 2.19747925 -0.764011383 25.4102249 2.19747925 -0.764011383 16.4635487 2.19747925 0.342712402 25.4102249 -2.30532837 -0.764011383 25.4102249 -2.30532837 -0.764011383 25.4102249 2.19747925 0.342712402 25.4102249 2.19747925 -0.761055946 16.4399967 2.21239901 3.73052287 16.4399967 2.21239901 3.73052287 16.4399967 -2.31153536 -0.761055946 16.4399967 -2.31153536 </float_array>
          <technique_common>
            <accessor count="24" offset="0" source="#meshesQ18S-positions-array" stride="3">
              <param name="X" type="float" />
              <param name="Y" type="float" />
              <param name="Z" type="float" />
            </accessor>
          </technique_common>
        </source>
        <source id="meshesQ18S-normals" name="meshesQ18S-normals">
          <float_array id="meshesQ18S-normals-array" count="72"> -1 0 0 -1 0 0 -1 0 0 -1 0 0 0 0 -1 0 0 -1 0 0 -1 0 0 -1 1 0 0 1 0 0 1 0 0 1 0 0 0 0 1 0 0 1 0 0 1 0 0 1 0 1 0 0 1 0 0 1 0 0 1 0 0 1 0 0 1 0 0 1 0 0 1 0 </float_array>
          <technique_common>
            <accessor count="24" offset="0" source="#meshesQ18S-normals-array" stride="3">
              <param name="X" type="float" />
              <param name="Y" type="float" />
              <param name="Z" type="float" />
            </accessor>
          </technique_common>
        </source>
        <source id="meshesQ18S-tex0" name="meshesQ18S-tex0">
          <float_array id="meshesQ18S-tex0-array" count="48"> -1.75140381 -4.86800575 -1.75140381 4.0786705 2.75140381 4.0786705 2.75140381 -4.86800575 -0.0533618927 -4.86800575 -0.0533618927 4.0786705 1.05336189 4.0786705 1.05336189 -4.86800575 2.75140381 -4.86800575 2.75140381 4.0786705 -1.75140381 4.0786705 -1.75140381 -4.86800575 1.05336189 -4.86800575 1.05336189 4.0786705 -0.0533618927 4.0786705 -0.0533618927 -4.86800575 1.05336189 2.75140381 -0.0533618927 2.75140381 -0.0533618927 -1.75140381 1.05336189 -1.75140381 0 0 0 0 0 0 0 0 </float_array>
          <technique_common>
            <accessor count="24" offset="0" source="#meshesQ18S-tex0-array" stride="2">
              <param name="S" type="float" />
              <param name="T" type="float" />
            </accessor>
          </technique_common>
        </source>
        <source id="meshesQ18S-tex1" name="meshesQ18S-tex1">
          <float_array id="meshesQ18S-tex1-array" count="48"> 0.375 0 0.625 0 0.625 0.25 0.375 0.25 0.375 0.25 0.625 0.25 0.625 0.5 0.375 0.5 0.375 0.5 0.625 0.5 0.625 0.75 0.375 0.75 0.375 0.75 0.625 0.75 0.625 1 0.375 1 0.625 0.5 0.875 0.5 0.875 0.75 0.625 0.75 0 0 1 0 1 1 0 1 </float_array>
          <technique_common>
            <accessor count="24" offset="0" source="#meshesQ18S-tex1-array" stride="2">
              <param name="S" type="float" />
              <param name="T" type="float" />
            </accessor>
          </technique_common>
        </source>
        <source id="meshesQ18S-tex2" name="meshesQ18S-tex2">
          <float_array id="meshesQ18S-tex2-array" count="48"> -1.75140381 -4.86800575 -1.75140381 4.0786705 2.75140381 4.0786705 2.75140381 -4.86800575 -0.0533618927 -4.86800575 -0.0533618927 4.0786705 1.05336189 4.0786705 1.05336189 -4.86800575 2.75140381 -4.86800575 2.75140381 4.0786705 -1.75140381 4.0786705 -1.75140381 -4.86800575 1.05336189 -4.86800575 1.05336189 4.0786705 -0.0533618927 4.0786705 -0.0533618927 -4.86800575 1.05336189 2.75140381 -0.0533618927 2.75140381 -0.0533618927 -1.75140381 1.05336189 -1.75140381 0 0 0 0 0 0 0 0 </float_array>
          <technique_common>
            <accessor count="24" offset="0" source="#meshesQ18S-tex2-array" stride="2">
              <param name="S" type="float" />
              <param name="T" type="float" />
            </accessor>
          </technique_common>
        </source>
        <source id="meshesQ18S-tex3" name="meshesQ18S-tex3">
          <float_array id="meshesQ18S-tex3-array" count="48"> -1.75140381 -4.86800575 -1.75140381 4.0786705 2.75140381 4.0786705 2.75140381 -4.86800575 -0.0533618927 -4.86800575 -0.0533618927 4.0786705 1.05336189 4.0786705 1.05336189 -4.86800575 2.75140381 -4.86800575 2.75140381 4.0786705 -1.75140381 4.0786705 -1.75140381 -4.86800575 1.05336189 -4.86800575 1.05336189 4.0786705 -0.0533618927 4.0786705 -0.0533618927 -4.86800575 1.05336189 2.75140381 -0.0533618927 2.75140381 -0.0533618927 -1.75140381 1.05336189 -1.75140381 0 0 0 0 0 0 0 0 </float_array>
          <technique_common>
            <accessor count="24" offset="0" source="#meshesQ18S-tex3-array" stride="2">
              <param name="S" type="float" />
              <param name="T" type="float" />
            </accessor>
          </technique_common>
        </source>
        <source id="meshesQ18S-tex4" name="meshesQ18S-tex4">
          <float_array id="meshesQ18S-tex4-array" count="48"> -1.75140381 -4.86800575 -1.75140381 4.0786705 2.75140381 4.0786705 2.75140381 -4.86800575 -0.0533618927 -4.86800575 -0.0533618927 4.0786705 1.05336189 4.0786705 1.05336189 -4.86800575 2.75140381 -4.86800575 2.75140381 4.0786705 -1.75140381 4.0786705 -1.75140381 -4.86800575 1.05336189 -4.86800575 1.05336189 4.0786705 -0.0533618927 4.0786705 -0.0533618927 -4.86800575 1.05336189 2.75140381 -0.0533618927 2.75140381 -0.0533618927 -1.75140381 1.05336189 -1.75140381 0 0 0 0 0 0 0 0 </float_array>
          <technique_common>
            <accessor count="24" offset="0" source="#meshesQ18S-tex4-array" stride="2">
              <param name="S" type="float" />
              <param name="T" type="float" />
            </accessor>
          </technique_common>
        </source>
        <vertices id="meshesQ18S-vertices">
          <input semantic="POSITION" source="#meshesQ18S-positions" />
        </vertices>
        <polylist count="12" material="defaultMaterial">
          <input offset="0" semantic="VERTEX" source="#meshesQ18S-vertices" />
          <input offset="0" semantic="NORMAL" source="#meshesQ18S-normals" />
          <input offset="0" semantic="TEXCOORD" source="#meshesQ18S-tex0" set="0" />
          <input offset="0" semantic="TEXCOORD" source="#meshesQ18S-tex1" set="1" />
          <input offset="0" semantic="TEXCOORD" source="#meshesQ18S-tex2" set="2" />
          <input offset="0" semantic="TEXCOORD" source="#meshesQ18S-tex3" set="3" />
          <input offset="0" semantic="TEXCOORD" source="#meshesQ18S-tex4" set="4" />
          <vcount>3 3 3 3 3 3 3 3 3 3 3 3 </vcount>
          <p>0 1 2 0 2 3 4 5 6 4 6 7 8 9 10 8 10 11 12 13 14 12 14 15 16 17 18 16 18 19 20 21 22 20 22 23 </p>
        </polylist>
      </mesh>
    </geometry>
    <geometry id="meshesQ19S" name="meshes[19]" >
      <mesh>
        <source id="meshesQ19S-positions" name="meshesQ19S-positions">
          <float_array id="meshesQ19S-positions-array" count="648"> -1.77882385 23.6796131 1.19873047 0.487071991 23.6796131 1.19873047 0.487071991 24.3455448 0.959503174 -1.77882385 24.3455448 0.959503174 -1.77882385 24.3455448 0.959503174 0.487071991 24.3455448 0.959503174 0.487071991 24.7571106 0.3331604 -1.77882385 24.7571106 0.3331604 -1.77882385 24.7571106 0.3331604 0.487071991 24.7571106 0.3331604 0.487071991 24.7571106 -0.441040039 -1.77882385 24.7571106 -0.441040039 0.487071991 24.241396 -0.908874512 0.487071991 24.5885963 -0.380493164 -1.77882385 24.5885963 -0.380493164 -1.77882385 24.241396 -0.908874512 -1.77882385 24.7571106 -0.441040039 0.487071991 24.7571106 -0.441040039 0.487071991 24.3455448 -1.06735229 -1.77882385 24.3455448 -1.06735229 -1.77882385 24.3455448 -1.06735229 0.487071991 24.3455448 -1.06735229 0.487071991 23.6796131 -1.30657959 -1.77882385 23.6796131 -1.30657959 0.487071991 23.6796131 -1.11068726 0.487071991 24.241396 -0.908874512 -1.77882385 24.241396 -0.908874512 -1.77882385 23.6796131 -1.11068726 -1.77882385 24.241396 0.800994873 -1.77882385 23.6796131 1.00280762 -1.77882385 23.6796131 1.19873047 -1.77882385 24.3455448 0.959503174 0.487071991 23.6796131 1.00280762 0.487071991 24.241396 0.800994873 0.487071991 24.3455448 0.959503174 0.487071991 23.6796131 1.19873047 -1.77882385 24.5885963 0.272613525 -1.77882385 24.7571106 0.3331604 0.487071991 24.5885963 0.272613525 0.487071991 24.7571106 0.3331604 -1.77882385 24.5885963 -0.380493164 -1.77882385 24.7571106 -0.441040039 0.487071991 24.5885963 -0.380493164 0.487071991 24.7571106 -0.441040039 -1.77882385 24.241396 -0.908874512 -1.77882385 24.3455448 -1.06735229 0.487071991 24.241396 -0.908874512 0.487071991 24.3455448 -1.06735229 -1.77882385 23.6796131 -1.11068726 -1.77882385 23.6796131 -1.30657959 0.487071991 23.6796131 -1.11068726 0.487071991 23.6796131 -1.30657959 0.487071991 24.5885963 -0.380493164 0.487071991 24.5885963 0.272613525 -1.77882385 24.5885963 0.272613525 -1.77882385 24.5885963 -0.380493164 0.487071991 24.5885963 0.272613525 0.487071991 24.241396 0.800994873 -1.77882385 24.241396 0.800994873 -1.77882385 24.5885963 0.272613525 0.487071991 24.241396 0.800994873 0.487071991 23.6796131 1.00280762 -1.77882385 23.6796131 1.00280762 -1.77882385 24.241396 0.800994873 0.487071991 23.6796131 -1.30657959 0.487071991 23.6796131 -1.11068726 -1.77882385 23.6796131 -1.11068726 -1.77882385 23.6796131 -1.30657959 -1.77882385 23.6796131 1.19873047 -1.77882385 23.6796131 1.00280762 0.487071991 23.6796131 1.00280762 0.487071991 23.6796131 1.19873047 -1.77882385 21.0245056 1.19873047 0.487071991 21.0245056 1.19873047 0.487071991 21.6904373 0.959503174 -1.77882385 21.6904373 0.959503174 -1.77882385 21.6904373 0.959503174 0.487071991 21.6904373 0.959503174 0.487071991 22.1020031 0.3331604 -1.77882385 22.102005 0.3331604 -1.77882385 22.102005 0.3331604 0.487071991 22.1020031 0.3331604 0.487071991 22.1020031 -0.441040039 -1.77882385 22.102005 -0.441040039 0.487071991 21.5862885 -0.908874512 0.487071991 21.9334888 -0.380493164 -1.77882385 21.9334888 -0.380493164 -1.77882385 21.5862885 -0.908874512 -1.77882385 22.102005 -0.441040039 0.487071991 22.1020031 -0.441040039 0.487071991 21.6904373 -1.06735229 -1.77882385 21.6904373 -1.06735229 -1.77882385 21.6904373 -1.06735229 0.487071991 21.6904373 -1.06735229 0.487071991 21.0245056 -1.30657959 -1.77882385 21.0245056 -1.30657959 0.487071991 21.0245056 -1.11068726 0.487071991 21.5862885 -0.908874512 -1.77882385 21.5862885 -0.908874512 -1.77882385 21.0245056 -1.11068726 -1.77882385 21.5862885 0.800994873 -1.77882385 21.0245056 1.00280762 -1.77882385 21.0245056 1.19873047 -1.77882385 21.6904373 0.959503174 0.487071991 21.0245056 1.00280762 0.487071991 21.5862885 0.800994873 0.487071991 21.6904373 0.959503174 0.487071991 21.0245056 1.19873047 -1.77882385 21.9334888 0.272613525 -1.77882385 22.102005 0.3331604 0.487071991 21.9334888 0.272613525 0.487071991 22.1020031 0.3331604 -1.77882385 21.9334888 -0.380493164 -1.77882385 22.102005 -0.441040039 0.487071991 21.9334888 -0.380493164 0.487071991 22.1020031 -0.441040039 -1.77882385 21.5862885 -0.908874512 -1.77882385 21.6904373 -1.06735229 0.487071991 21.5862885 -0.908874512 0.487071991 21.6904373 -1.06735229 -1.77882385 21.0245056 -1.11068726 -1.77882385 21.0245056 -1.30657959 0.487071991 21.0245056 -1.11068726 0.487071991 21.0245056 -1.30657959 0.487071991 21.9334888 -0.380493164 0.487071991 21.9334888 0.272613525 -1.77882385 21.9334888 0.272613525 -1.77882385 21.9334888 -0.380493164 0.487071991 21.9334888 0.272613525 0.487071991 21.5862885 0.800994873 -1.77882385 21.5862885 0.800994873 -1.77882385 21.9334888 0.272613525 0.487071991 21.5862885 0.800994873 0.487071991 21.0245056 1.00280762 -1.77882385 21.0245056 1.00280762 -1.77882385 21.5862885 0.800994873 0.487071991 21.0245056 -1.30657959 0.487071991 21.0245056 -1.11068726 -1.77882385 21.0245056 -1.11068726 -1.77882385 21.0245056 -1.30657959 -1.77882385 21.0245056 1.19873047 -1.77882385 21.0245056 1.00280762 0.487071991 21.0245056 1.00280762 0.487071991 21.0245056 1.19873047 -1.77882385 18.1639233 1.19873047 0.487071991 18.1639233 1.19873047 0.487071991 18.8298531 0.959503174 -1.77882385 18.8298531 0.959503174 -1.77882385 18.8298531 0.959503174 0.487071991 18.8298531 0.959503174 0.487071991 19.2414227 0.3331604 -1.77882385 19.2414227 0.3331604 -1.77882385 19.2414227 0.3331604 0.487071991 19.2414227 0.3331604 0.487071991 19.2414227 -0.441040039 -1.77882385 19.2414227 -0.441040039 0.487071991 18.7257061 -0.908874512 0.487071991 19.0729065 -0.380493164 -1.77882385 19.0729065 -0.380493164 -1.77882385 18.7257061 -0.908874512 -1.77882385 19.2414227 -0.441040039 0.487071991 19.2414227 -0.441040039 0.487071991 18.8298531 -1.06735229 -1.77882385 18.8298531 -1.06735229 -1.77882385 18.8298531 -1.06735229 0.487071991 18.8298531 -1.06735229 0.487071991 18.1639233 -1.30657959 -1.77882385 18.1639233 -1.30657959 0.487071991 18.1639233 -1.11068726 0.487071991 18.7257061 -0.908874512 -1.77882385 18.7257061 -0.908874512 -1.77882385 18.1639233 -1.11068726 -1.77882385 18.7257061 0.800994873 -1.77882385 18.1639233 1.00280762 -1.77882385 18.1639233 1.19873047 -1.77882385 18.8298531 0.959503174 0.487071991 18.1639233 1.00280762 0.487071991 18.7257061 0.800994873 0.487071991 18.8298531 0.959503174 0.487071991 18.1639233 1.19873047 -1.77882385 19.0729065 0.272613525 -1.77882385 19.2414227 0.3331604 0.487071991 19.0729065 0.272613525 0.487071991 19.2414227 0.3331604 -1.77882385 19.0729065 -0.380493164 -1.77882385 19.2414227 -0.441040039 0.487071991 19.0729065 -0.380493164 0.487071991 19.2414227 -0.441040039 -1.77882385 18.7257061 -0.908874512 -1.77882385 18.8298531 -1.06735229 0.487071991 18.7257061 -0.908874512 0.487071991 18.8298531 -1.06735229 -1.77882385 18.1639233 -1.11068726 -1.77882385 18.1639233 -1.30657959 0.487071991 18.1639233 -1.11068726 0.487071991 18.1639233 -1.30657959 0.487071991 19.0729065 -0.380493164 0.487071991 19.0729065 0.272613525 -1.77882385 19.0729065 0.272613525 -1.77882385 19.0729065 -0.380493164 0.487071991 19.0729065 0.272613525 0.487071991 18.7257061 0.800994873 -1.77882385 18.7257061 0.800994873 -1.77882385 19.0729065 0.272613525 0.487071991 18.7257061 0.800994873 0.487071991 18.1639233 1.00280762 -1.77882385 18.1639233 1.00280762 -1.77882385 18.7257061 0.800994873 0.487071991 18.1639233 -1.30657959 0.487071991 18.1639233 -1.11068726 -1.77882385 18.1639233 -1.11068726 -1.77882385 18.1639233 -1.30657959 -1.77882385 18.1639233 1.19873047 -1.77882385 18.1639233 1.00280762 0.487071991 18.1639233 1.00280762 0.487071991 18.1639233 1.19873047 </float_array>
          <technique_common>
            <accessor count="216" offset="0" source="#meshesQ19S-positions-array" stride="3">
              <param name="X" type="float" />
              <param name="Y" type="float" />
              <param name="Z" type="float" />
            </accessor>
          </technique_common>
        </source>
        <source id="meshesQ19S-normals" name="meshesQ19S-normals">
          <float_array id="meshesQ19S-normals-array" count="648"> 0 0.338103235 0.941109061 0 0.338103235 0.941109061 0 0.338103235 0.941109061 0 0.338103235 0.941109061 0 0.835739553 0.549126029 0 0.835739553 0.549126029 0 0.835739553 0.549126029 0 0.835739553 0.549126029 0 1 0 0 1 0 0 1 0 0 1 0 0 -0.835693717 0.549195886 0 -0.835693717 0.549195886 0 -0.835693717 0.549195886 0 -0.835693717 0.549195886 0 0.835693717 -0.549195886 0 0.835693717 -0.549195886 0 0.835693717 -0.549195886 0 0.835693717 -0.549195886 0 0.338103235 -0.941109061 0 0.338103235 -0.941109061 0 0.338103235 -0.941109061 0 0.338103235 -0.941109061 0 -0.338103235 0.941109061 0 -0.338103235 0.941109061 0 -0.338103235 0.941109061 0 -0.338103235 0.941109061 -1 0 0 -1 0 0 -1 0 0 -1 0 0 1 0 0 1 0 0 1 0 0 1 0 0 -1 0 0 -1 0 0 1 0 0 1 0 0 -1 0 0 -1 0 0 1 0 0 1 0 0 -1 0 0 -1 0 0 1 0 0 1 0 0 -1 0 0 -1 0 0 1 0 0 1 0 0 0 -1 0 0 -1 0 0 -1 0 0 -1 0 0 -0.835693717 -0.549195886 0 -0.835693717 -0.549195886 0 -0.835693717 -0.549195886 0 -0.835693717 -0.549195886 0 -0.338103235 -0.941109061 0 -0.338103235 -0.941109061 0 -0.338103235 -0.941109061 0 -0.338103235 -0.941109061 0 -1 0 0 -1 0 0 -1 0 0 -1 0 0 -1 0 0 -1 0 0 -1 0 0 -1 0 0 0.338103235 0.941109061 0 0.338103235 0.941109061 0 0.338103235 0.941109061 0 0.338103235 0.941109061 0 0.835693717 0.549195886 0 0.835693717 0.549195886 0 0.835693717 0.549195886 0 0.835693717 0.549195886 0 1 0 0 1 0 0 1 0 0 1 0 0 -0.835693717 0.549195886 0 -0.835693717 0.549195886 0 -0.835693717 0.549195886 0 -0.835693717 0.549195886 0 0.835693717 -0.549195886 0 0.835693717 -0.549195886 0 0.835693717 -0.549195886 0 0.835693717 -0.549195886 0 0.338103235 -0.941109061 0 0.338103235 -0.941109061 0 0.338103235 -0.941109061 0 0.338103235 -0.941109061 0 -0.338103235 0.941109061 0 -0.338103235 0.941109061 0 -0.338103235 0.941109061 0 -0.338103235 0.941109061 -1 0 0 -1 0 0 -1 0 0 -1 0 0 1 0 0 1 0 0 1 0 0 1 0 0 -1 0 0 -1 0 0 1 0 0 1 0 0 -1 0 0 -1 0 0 1 0 0 1 0 0 -1 0 0 -1 0 0 1 0 0 1 0 0 -1 0 0 -1 0 0 1 0 0 1 0 0 0 -1 0 0 -1 0 0 -1 0 0 -1 0 0 -0.835693717 -0.549195886 0 -0.835693717 -0.549195886 0 -0.835693717 -0.549195886 0 -0.835693717 -0.549195886 0 -0.338103235 -0.941109061 0 -0.338103235 -0.941109061 0 -0.338103235 -0.941109061 0 -0.338103235 -0.941109061 0 -1 0 0 -1 0 0 -1 0 0 -1 0 0 -1 0 0 -1 0 0 -1 0 0 -1 0 0 0.338103235 0.941109061 0 0.338103235 0.941109061 0 0.338103235 0.941109061 0 0.338103235 0.941109061 0 0.835693717 0.549195886 0 0.835693717 0.549195886 0 0.835693717 0.549195886 0 0.835693717 0.549195886 0 1 0 0 1 0 0 1 0 0 1 0 0 -0.835693717 0.549195886 0 -0.835693717 0.549195886 0 -0.835693717 0.549195886 0 -0.835693717 0.549195886 0 0.835693717 -0.549195886 0 0.835693717 -0.549195886 0 0.835693717 -0.549195886 0 0.835693717 -0.549195886 0 0.338103235 -0.941109061 0 0.338103235 -0.941109061 0 0.338103235 -0.941109061 0 0.338103235 -0.941109061 0 -0.338103235 0.941109061 0 -0.338103235 0.941109061 0 -0.338103235 0.941109061 0 -0.338103235 0.941109061 -1 0 0 -1 0 0 -1 0 0 -1 0 0 1 0 0 1 0 0 1 0 0 1 0 0 -1 0 0 -1 0 0 1 0 0 1 0 0 -1 0 0 -1 0 0 1 0 0 1 0 0 -1 0 0 -1 0 0 1 0 0 1 0 0 -1 0 0 -1 0 0 1 0 0 1 0 0 0 -1 0 0 -1 0 0 -1 0 0 -1 0 0 -0.835693717 -0.549195886 0 -0.835693717 -0.549195886 0 -0.835693717 -0.549195886 0 -0.835693717 -0.549195886 0 -0.338103235 -0.941109061 0 -0.338103235 -0.941109061 0 -0.338103235 -0.941109061 0 -0.338103235 -0.941109061 0 -1 0 0 -1 0 0 -1 0 0 -1 0 0 -1 0 0 -1 0 0 -1 0 0 -1 0 </float_array>
          <technique_common>
            <accessor count="216" offset="0" source="#meshesQ19S-normals-array" stride="3">
              <param name="X" type="float" />
              <param name="Y" type="float" />
              <param name="Z" type="float" />
            </accessor>
          </technique_common>
        </source>
        <source id="meshesQ19S-tex0" name="meshesQ19S-tex0">
          <float_array id="meshesQ19S-tex0-array" count="432"> -0.632947922 2.63919258 1.63294792 2.63919258 1.63294792 3.30512428 -0.632947922 3.30512428 -0.632947922 -0.513438106 1.63294792 -0.513438106 1.63294792 0.112904668 -0.632947922 0.112904668 -0.632947922 0.112904668 1.63294792 0.112904668 1.63294792 0.887105107 -0.632947922 0.887105107 1.63294792 1.35493946 1.63294792 0.826558232 -0.632947922 0.826558232 -0.632947922 1.35493946 -0.632947922 0.887105107 1.63294792 0.887105107 1.63294792 1.51341736 -0.632947922 1.51341736 -0.632947922 3.30512428 1.63294792 3.30512428 1.63294792 2.63919258 -0.632947922 2.63919258 1.63294792 2.63919258 1.63294792 3.20097542 -0.632947922 3.20097542 -0.632947922 2.63919258 -0.354929864 3.20097542 -0.556742549 2.63919258 -0.752665401 2.63919258 -0.513438106 3.30512428 -0.556742549 2.63919258 -0.354929864 3.20097542 -0.513438106 3.30512428 -0.752665401 2.63919258 0.173451513 3.54817581 0.112904638 3.71669006 0.173451513 3.54817581 0.112904638 3.71669006 0.826558232 3.54817581 0.887105107 3.71669006 0.826558232 3.54817581 0.887105107 3.71669006 1.35493946 3.20097542 1.51341736 3.30512428 1.35493946 3.20097542 1.51341736 3.30512428 1.55675232 2.63919258 1.75264466 2.63919258 1.55675232 2.63919258 1.75264466 2.63919258 1.63294792 0.826558232 1.63294792 0.173451543 -0.632947922 0.173451543 -0.632947922 0.826558232 1.63294792 0.173451543 1.63294792 -0.354929924 -0.632947922 -0.354929924 -0.632947922 0.173451543 1.63294792 3.20097542 1.63294792 2.63919258 -0.632947922 2.63919258 -0.632947922 3.20097542 1.63294792 1.75264466 1.63294792 1.55675232 -0.632947922 1.55675232 -0.632947922 1.75264466 -0.632947922 -0.752665401 -0.632947922 -0.556742549 1.63294792 -0.556742549 1.63294792 -0.752665401 -0.632947922 -0.015914917 1.63294792 -0.015914917 1.63294792 0.650016785 -0.632947922 0.650016785 -0.632947922 -0.513438106 1.63294792 -0.513438106 1.63294792 0.112904668 -0.632947922 0.112904668 -0.632947922 0.112904668 1.63294792 0.112904668 1.63294792 0.887105107 -0.632947922 0.887105107 1.63294792 1.35493946 1.63294792 0.826558232 -0.632947922 0.826558232 -0.632947922 1.35493946 -0.632947922 0.887105107 1.63294792 0.887105107 1.63294792 1.51341736 -0.632947922 1.51341736 -0.632947922 0.650016785 1.63294792 0.650016785 1.63294792 -0.015914917 -0.632947922 -0.015914917 1.63294792 -0.015914917 1.63294792 0.54586792 -0.632947922 0.54586792 -0.632947922 -0.015914917 -0.354929864 0.54586792 -0.556742549 -0.015914917 -0.752665401 -0.015914917 -0.513438106 0.650016785 -0.556742549 -0.015914917 -0.354929864 0.54586792 -0.513438106 0.650016785 -0.752665401 -0.015914917 0.173451513 0.893068314 0.112904638 1.06158447 0.173451513 0.893068314 0.112904638 1.06158257 0.826558232 0.893068314 0.887105107 1.06158447 0.826558232 0.893068314 0.887105107 1.06158257 1.35493946 0.54586792 1.51341736 0.650016785 1.35493946 0.54586792 1.51341736 0.650016785 1.55675232 -0.015914917 1.75264466 -0.015914917 1.55675232 -0.015914917 1.75264466 -0.015914917 1.63294792 0.826558232 1.63294792 0.173451543 -0.632947922 0.173451543 -0.632947922 0.826558232 1.63294792 0.173451543 1.63294792 -0.354929924 -0.632947922 -0.354929924 -0.632947922 0.173451543 1.63294792 0.54586792 1.63294792 -0.015914917 -0.632947922 -0.015914917 -0.632947922 0.54586792 1.63294792 1.75264466 1.63294792 1.55675232 -0.632947922 1.55675232 -0.632947922 1.75264466 -0.632947922 -0.752665401 -0.632947922 -0.556742549 1.63294792 -0.556742549 1.63294792 -0.752665401 -0.632947922 -2.87649727 1.63294792 -2.87649727 1.63294792 -2.21056747 -0.632947922 -2.21056747 -0.632947922 -0.513438106 1.63294792 -0.513438106 1.63294792 0.112904668 -0.632947922 0.112904668 -0.632947922 0.112904668 1.63294792 0.112904668 1.63294792 0.887105107 -0.632947922 0.887105107 1.63294792 1.35493946 1.63294792 0.826558232 -0.632947922 0.826558232 -0.632947922 1.35493946 -0.632947922 0.887105107 1.63294792 0.887105107 1.63294792 1.51341736 -0.632947922 1.51341736 -0.632947922 -2.21056747 1.63294792 -2.21056747 1.63294792 -2.87649727 -0.632947922 -2.87649727 1.63294792 -2.87649727 1.63294792 -2.31471443 -0.632947922 -2.31471443 -0.632947922 -2.87649727 -0.354929864 -2.31471443 -0.556742549 -2.87649727 -0.752665401 -2.87649727 -0.513438106 -2.21056747 -0.556742549 -2.87649727 -0.354929864 -2.31471443 -0.513438106 -2.21056747 -0.752665401 -2.87649727 0.173451513 -1.96751404 0.112904638 -1.79899788 0.173451513 -1.96751404 0.112904638 -1.79899788 0.826558232 -1.96751404 0.887105107 -1.79899788 0.826558232 -1.96751404 0.887105107 -1.79899788 1.35493946 -2.31471443 1.51341736 -2.21056747 1.35493946 -2.31471443 1.51341736 -2.21056747 1.55675232 -2.87649727 1.75264466 -2.87649727 1.55675232 -2.87649727 1.75264466 -2.87649727 1.63294792 0.826558232 1.63294792 0.173451543 -0.632947922 0.173451543 -0.632947922 0.826558232 1.63294792 0.173451543 1.63294792 -0.354929924 -0.632947922 -0.354929924 -0.632947922 0.173451543 1.63294792 -2.31471443 1.63294792 -2.87649727 -0.632947922 -2.87649727 -0.632947922 -2.31471443 1.63294792 1.75264466 1.63294792 1.55675232 -0.632947922 1.55675232 -0.632947922 1.75264466 -0.632947922 -0.752665401 -0.632947922 -0.556742549 1.63294792 -0.556742549 1.63294792 -0.752665401 </float_array>
          <technique_common>
            <accessor count="216" offset="0" source="#meshesQ19S-tex0-array" stride="2">
              <param name="S" type="float" />
              <param name="T" type="float" />
            </accessor>
          </technique_common>
        </source>
        <source id="meshesQ19S-tex1" name="meshesQ19S-tex1">
          <float_array id="meshesQ19S-tex1-array" count="432"> 0.499999911 0.5 0.499999911 1 0.399999917 1 0.399999917 0.5 0.399999917 0.5 0.399999917 1 0.299999923 1 0.299999923 0.5 0.299999923 0.5 0.299999923 1 0.199999928 1 0.199999928 0.5 0.130993888 0.413797736 0.0574440844 0.312565148 0.557444096 0.312565207 0.630993843 0.413797796 0.199999928 0.5 0.199999928 1 0.099999927 1 0.099999927 0.5 0.099999927 0.5 0.099999927 1 -7.4505806e-08 1 -7.4505806e-08 0.5 0.249999955 0.452465177 0.130993888 0.413797736 0.630993843 0.413797796 0.749999821 0.452465177 0.630993903 0.0862021446 0.75 0.0475347638 0.75 0.00999999046 0.608931541 0.0558359027 0.24999997 0.0475347638 0.130993903 0.0862021446 0.108931541 0.0558359027 0.25 0.00999999046 0.557444096 0.187434793 0.521746457 0.175835907 0.0574440919 0.187434793 0.0217464417 0.175835907 0.557444096 0.312565207 0.521746457 0.324164093 0.0574440844 0.312565148 0.0217464417 0.324164093 0.630993843 0.413797796 0.608931541 0.444164097 0.130993888 0.413797736 0.108931541 0.444164097 0.749999821 0.452465177 0.75 0.49000001 0.249999955 0.452465177 0.25 0.49000001 0.0574440844 0.312565148 0.0574440919 0.187434793 0.557444096 0.187434793 0.557444096 0.312565207 0.0574440919 0.187434793 0.130993903 0.0862021446 0.630993903 0.0862021446 0.557444096 0.187434793 0.130993903 0.0862021446 0.24999997 0.0475347638 0.75 0.0475347638 0.630993903 0.0862021446 0.25 0.49000001 0.249999955 0.452465177 0.749999821 0.452465177 0.75 0.49000001 0.75 0.00999999046 0.75 0.0475347638 0.24999997 0.0475347638 0.25 0.00999999046 0.499999911 0.5 0.499999911 1 0.399999917 1 0.399999917 0.5 0.399999917 0.5 0.399999917 1 0.299999923 1 0.299999923 0.5 0.299999923 0.5 0.299999923 1 0.199999928 1 0.199999928 0.5 0.130993888 0.413797736 0.0574440844 0.312565148 0.557444096 0.312565207 0.630993843 0.413797796 0.199999928 0.5 0.199999928 1 0.099999927 1 0.099999927 0.5 0.099999927 0.5 0.099999927 1 -7.4505806e-08 1 -7.4505806e-08 0.5 0.249999955 0.452465177 0.130993888 0.413797736 0.630993843 0.413797796 0.749999821 0.452465177 0.630993903 0.0862021446 0.75 0.0475347638 0.75 0.00999999046 0.608931541 0.0558359027 0.24999997 0.0475347638 0.130993903 0.0862021446 0.108931541 0.0558359027 0.25 0.00999999046 0.557444096 0.187434793 0.521746457 0.175835907 0.0574440919 0.187434793 0.0217464417 0.175835907 0.557444096 0.312565207 0.521746457 0.324164093 0.0574440844 0.312565148 0.0217464417 0.324164093 0.630993843 0.413797796 0.608931541 0.444164097 0.130993888 0.413797736 0.108931541 0.444164097 0.749999821 0.452465177 0.75 0.49000001 0.249999955 0.452465177 0.25 0.49000001 0.0574440844 0.312565148 0.0574440919 0.187434793 0.557444096 0.187434793 0.557444096 0.312565207 0.0574440919 0.187434793 0.130993903 0.0862021446 0.630993903 0.0862021446 0.557444096 0.187434793 0.130993903 0.0862021446 0.24999997 0.0475347638 0.75 0.0475347638 0.630993903 0.0862021446 0.25 0.49000001 0.249999955 0.452465177 0.749999821 0.452465177 0.75 0.49000001 0.75 0.00999999046 0.75 0.0475347638 0.24999997 0.0475347638 0.25 0.00999999046 0.499999911 0.5 0.499999911 1 0.399999917 1 0.399999917 0.5 0.399999917 0.5 0.399999917 1 0.299999923 1 0.299999923 0.5 0.299999923 0.5 0.299999923 1 0.199999928 1 0.199999928 0.5 0.130993888 0.413797736 0.0574440844 0.312565148 0.557444096 0.312565207 0.630993843 0.413797796 0.199999928 0.5 0.199999928 1 0.099999927 1 0.099999927 0.5 0.099999927 0.5 0.099999927 1 -7.4505806e-08 1 -7.4505806e-08 0.5 0.249999955 0.452465177 0.130993888 0.413797736 0.630993843 0.413797796 0.749999821 0.452465177 0.630993903 0.0862021446 0.75 0.0475347638 0.75 0.00999999046 0.608931541 0.0558359027 0.24999997 0.0475347638 0.130993903 0.0862021446 0.108931541 0.0558359027 0.25 0.00999999046 0.557444096 0.187434793 0.521746457 0.175835907 0.0574440919 0.187434793 0.0217464417 0.175835907 0.557444096 0.312565207 0.521746457 0.324164093 0.0574440844 0.312565148 0.0217464417 0.324164093 0.630993843 0.413797796 0.608931541 0.444164097 0.130993888 0.413797736 0.108931541 0.444164097 0.749999821 0.452465177 0.75 0.49000001 0.249999955 0.452465177 0.25 0.49000001 0.0574440844 0.312565148 0.0574440919 0.187434793 0.557444096 0.187434793 0.557444096 0.312565207 0.0574440919 0.187434793 0.130993903 0.0862021446 0.630993903 0.0862021446 0.557444096 0.187434793 0.130993903 0.0862021446 0.24999997 0.0475347638 0.75 0.0475347638 0.630993903 0.0862021446 0.25 0.49000001 0.249999955 0.452465177 0.749999821 0.452465177 0.75 0.49000001 0.75 0.00999999046 0.75 0.0475347638 0.24999997 0.0475347638 0.25 0.00999999046 </float_array>
          <technique_common>
            <accessor count="216" offset="0" source="#meshesQ19S-tex1-array" stride="2">
              <param name="S" type="float" />
              <param name="T" type="float" />
            </accessor>
          </technique_common>
        </source>
        <source id="meshesQ19S-tex2" name="meshesQ19S-tex2">
          <float_array id="meshesQ19S-tex2-array" count="432"> -0.632947922 2.63919258 1.63294792 2.63919258 1.63294792 3.30512428 -0.632947922 3.30512428 -0.632947922 -0.513438106 1.63294792 -0.513438106 1.63294792 0.112904668 -0.632947922 0.112904668 -0.632947922 0.112904668 1.63294792 0.112904668 1.63294792 0.887105107 -0.632947922 0.887105107 1.63294792 1.35493946 1.63294792 0.826558232 -0.632947922 0.826558232 -0.632947922 1.35493946 -0.632947922 0.887105107 1.63294792 0.887105107 1.63294792 1.51341736 -0.632947922 1.51341736 -0.632947922 3.30512428 1.63294792 3.30512428 1.63294792 2.63919258 -0.632947922 2.63919258 1.63294792 2.63919258 1.63294792 3.20097542 -0.632947922 3.20097542 -0.632947922 2.63919258 -0.354929864 3.20097542 -0.556742549 2.63919258 -0.752665401 2.63919258 -0.513438106 3.30512428 -0.556742549 2.63919258 -0.354929864 3.20097542 -0.513438106 3.30512428 -0.752665401 2.63919258 0.173451513 3.54817581 0.112904638 3.71669006 0.173451513 3.54817581 0.112904638 3.71669006 0.826558232 3.54817581 0.887105107 3.71669006 0.826558232 3.54817581 0.887105107 3.71669006 1.35493946 3.20097542 1.51341736 3.30512428 1.35493946 3.20097542 1.51341736 3.30512428 1.55675232 2.63919258 1.75264466 2.63919258 1.55675232 2.63919258 1.75264466 2.63919258 1.63294792 0.826558232 1.63294792 0.173451543 -0.632947922 0.173451543 -0.632947922 0.826558232 1.63294792 0.173451543 1.63294792 -0.354929924 -0.632947922 -0.354929924 -0.632947922 0.173451543 1.63294792 3.20097542 1.63294792 2.63919258 -0.632947922 2.63919258 -0.632947922 3.20097542 1.63294792 1.75264466 1.63294792 1.55675232 -0.632947922 1.55675232 -0.632947922 1.75264466 -0.632947922 -0.752665401 -0.632947922 -0.556742549 1.63294792 -0.556742549 1.63294792 -0.752665401 -0.632947922 -0.015914917 1.63294792 -0.015914917 1.63294792 0.650016785 -0.632947922 0.650016785 -0.632947922 -0.513438106 1.63294792 -0.513438106 1.63294792 0.112904668 -0.632947922 0.112904668 -0.632947922 0.112904668 1.63294792 0.112904668 1.63294792 0.887105107 -0.632947922 0.887105107 1.63294792 1.35493946 1.63294792 0.826558232 -0.632947922 0.826558232 -0.632947922 1.35493946 -0.632947922 0.887105107 1.63294792 0.887105107 1.63294792 1.51341736 -0.632947922 1.51341736 -0.632947922 0.650016785 1.63294792 0.650016785 1.63294792 -0.015914917 -0.632947922 -0.015914917 1.63294792 -0.015914917 1.63294792 0.54586792 -0.632947922 0.54586792 -0.632947922 -0.015914917 -0.354929864 0.54586792 -0.556742549 -0.015914917 -0.752665401 -0.015914917 -0.513438106 0.650016785 -0.556742549 -0.015914917 -0.354929864 0.54586792 -0.513438106 0.650016785 -0.752665401 -0.015914917 0.173451513 0.893068314 0.112904638 1.06158447 0.173451513 0.893068314 0.112904638 1.06158257 0.826558232 0.893068314 0.887105107 1.06158447 0.826558232 0.893068314 0.887105107 1.06158257 1.35493946 0.54586792 1.51341736 0.650016785 1.35493946 0.54586792 1.51341736 0.650016785 1.55675232 -0.015914917 1.75264466 -0.015914917 1.55675232 -0.015914917 1.75264466 -0.015914917 1.63294792 0.826558232 1.63294792 0.173451543 -0.632947922 0.173451543 -0.632947922 0.826558232 1.63294792 0.173451543 1.63294792 -0.354929924 -0.632947922 -0.354929924 -0.632947922 0.173451543 1.63294792 0.54586792 1.63294792 -0.015914917 -0.632947922 -0.015914917 -0.632947922 0.54586792 1.63294792 1.75264466 1.63294792 1.55675232 -0.632947922 1.55675232 -0.632947922 1.75264466 -0.632947922 -0.752665401 -0.632947922 -0.556742549 1.63294792 -0.556742549 1.63294792 -0.752665401 -0.632947922 -2.87649727 1.63294792 -2.87649727 1.63294792 -2.21056747 -0.632947922 -2.21056747 -0.632947922 -0.513438106 1.63294792 -0.513438106 1.63294792 0.112904668 -0.632947922 0.112904668 -0.632947922 0.112904668 1.63294792 0.112904668 1.63294792 0.887105107 -0.632947922 0.887105107 1.63294792 1.35493946 1.63294792 0.826558232 -0.632947922 0.826558232 -0.632947922 1.35493946 -0.632947922 0.887105107 1.63294792 0.887105107 1.63294792 1.51341736 -0.632947922 1.51341736 -0.632947922 -2.21056747 1.63294792 -2.21056747 1.63294792 -2.87649727 -0.632947922 -2.87649727 1.63294792 -2.87649727 1.63294792 -2.31471443 -0.632947922 -2.31471443 -0.632947922 -2.87649727 -0.354929864 -2.31471443 -0.556742549 -2.87649727 -0.752665401 -2.87649727 -0.513438106 -2.21056747 -0.556742549 -2.87649727 -0.354929864 -2.31471443 -0.513438106 -2.21056747 -0.752665401 -2.87649727 0.173451513 -1.96751404 0.112904638 -1.79899788 0.173451513 -1.96751404 0.112904638 -1.79899788 0.826558232 -1.96751404 0.887105107 -1.79899788 0.826558232 -1.96751404 0.887105107 -1.79899788 1.35493946 -2.31471443 1.51341736 -2.21056747 1.35493946 -2.31471443 1.51341736 -2.21056747 1.55675232 -2.87649727 1.75264466 -2.87649727 1.55675232 -2.87649727 1.75264466 -2.87649727 1.63294792 0.826558232 1.63294792 0.173451543 -0.632947922 0.173451543 -0.632947922 0.826558232 1.63294792 0.173451543 1.63294792 -0.354929924 -0.632947922 -0.354929924 -0.632947922 0.173451543 1.63294792 -2.31471443 1.63294792 -2.87649727 -0.632947922 -2.87649727 -0.632947922 -2.31471443 1.63294792 1.75264466 1.63294792 1.55675232 -0.632947922 1.55675232 -0.632947922 1.75264466 -0.632947922 -0.752665401 -0.632947922 -0.556742549 1.63294792 -0.556742549 1.63294792 -0.752665401 </float_array>
          <technique_common>
            <accessor count="216" offset="0" source="#meshesQ19S-tex2-array" stride="2">
              <param name="S" type="float" />
              <param name="T" type="float" />
            </accessor>
          </technique_common>
        </source>
        <source id="meshesQ19S-tex3" name="meshesQ19S-tex3">
          <float_array id="meshesQ19S-tex3-array" count="432"> -0.632947922 2.63919258 1.63294792 2.63919258 1.63294792 3.30512428 -0.632947922 3.30512428 -0.632947922 -0.513438106 1.63294792 -0.513438106 1.63294792 0.112904668 -0.632947922 0.112904668 -0.632947922 0.112904668 1.63294792 0.112904668 1.63294792 0.887105107 -0.632947922 0.887105107 1.63294792 1.35493946 1.63294792 0.826558232 -0.632947922 0.826558232 -0.632947922 1.35493946 -0.632947922 0.887105107 1.63294792 0.887105107 1.63294792 1.51341736 -0.632947922 1.51341736 -0.632947922 3.30512428 1.63294792 3.30512428 1.63294792 2.63919258 -0.632947922 2.63919258 1.63294792 2.63919258 1.63294792 3.20097542 -0.632947922 3.20097542 -0.632947922 2.63919258 -0.354929864 3.20097542 -0.556742549 2.63919258 -0.752665401 2.63919258 -0.513438106 3.30512428 -0.556742549 2.63919258 -0.354929864 3.20097542 -0.513438106 3.30512428 -0.752665401 2.63919258 0.173451513 3.54817581 0.112904638 3.71669006 0.173451513 3.54817581 0.112904638 3.71669006 0.826558232 3.54817581 0.887105107 3.71669006 0.826558232 3.54817581 0.887105107 3.71669006 1.35493946 3.20097542 1.51341736 3.30512428 1.35493946 3.20097542 1.51341736 3.30512428 1.55675232 2.63919258 1.75264466 2.63919258 1.55675232 2.63919258 1.75264466 2.63919258 1.63294792 0.826558232 1.63294792 0.173451543 -0.632947922 0.173451543 -0.632947922 0.826558232 1.63294792 0.173451543 1.63294792 -0.354929924 -0.632947922 -0.354929924 -0.632947922 0.173451543 1.63294792 3.20097542 1.63294792 2.63919258 -0.632947922 2.63919258 -0.632947922 3.20097542 1.63294792 1.75264466 1.63294792 1.55675232 -0.632947922 1.55675232 -0.632947922 1.75264466 -0.632947922 -0.752665401 -0.632947922 -0.556742549 1.63294792 -0.556742549 1.63294792 -0.752665401 -0.632947922 -0.015914917 1.63294792 -0.015914917 1.63294792 0.650016785 -0.632947922 0.650016785 -0.632947922 -0.513438106 1.63294792 -0.513438106 1.63294792 0.112904668 -0.632947922 0.112904668 -0.632947922 0.112904668 1.63294792 0.112904668 1.63294792 0.887105107 -0.632947922 0.887105107 1.63294792 1.35493946 1.63294792 0.826558232 -0.632947922 0.826558232 -0.632947922 1.35493946 -0.632947922 0.887105107 1.63294792 0.887105107 1.63294792 1.51341736 -0.632947922 1.51341736 -0.632947922 0.650016785 1.63294792 0.650016785 1.63294792 -0.015914917 -0.632947922 -0.015914917 1.63294792 -0.015914917 1.63294792 0.54586792 -0.632947922 0.54586792 -0.632947922 -0.015914917 -0.354929864 0.54586792 -0.556742549 -0.015914917 -0.752665401 -0.015914917 -0.513438106 0.650016785 -0.556742549 -0.015914917 -0.354929864 0.54586792 -0.513438106 0.650016785 -0.752665401 -0.015914917 0.173451513 0.893068314 0.112904638 1.06158447 0.173451513 0.893068314 0.112904638 1.06158257 0.826558232 0.893068314 0.887105107 1.06158447 0.826558232 0.893068314 0.887105107 1.06158257 1.35493946 0.54586792 1.51341736 0.650016785 1.35493946 0.54586792 1.51341736 0.650016785 1.55675232 -0.015914917 1.75264466 -0.015914917 1.55675232 -0.015914917 1.75264466 -0.015914917 1.63294792 0.826558232 1.63294792 0.173451543 -0.632947922 0.173451543 -0.632947922 0.826558232 1.63294792 0.173451543 1.63294792 -0.354929924 -0.632947922 -0.354929924 -0.632947922 0.173451543 1.63294792 0.54586792 1.63294792 -0.015914917 -0.632947922 -0.015914917 -0.632947922 0.54586792 1.63294792 1.75264466 1.63294792 1.55675232 -0.632947922 1.55675232 -0.632947922 1.75264466 -0.632947922 -0.752665401 -0.632947922 -0.556742549 1.63294792 -0.556742549 1.63294792 -0.752665401 -0.632947922 -2.87649727 1.63294792 -2.87649727 1.63294792 -2.21056747 -0.632947922 -2.21056747 -0.632947922 -0.513438106 1.63294792 -0.513438106 1.63294792 0.112904668 -0.632947922 0.112904668 -0.632947922 0.112904668 1.63294792 0.112904668 1.63294792 0.887105107 -0.632947922 0.887105107 1.63294792 1.35493946 1.63294792 0.826558232 -0.632947922 0.826558232 -0.632947922 1.35493946 -0.632947922 0.887105107 1.63294792 0.887105107 1.63294792 1.51341736 -0.632947922 1.51341736 -0.632947922 -2.21056747 1.63294792 -2.21056747 1.63294792 -2.87649727 -0.632947922 -2.87649727 1.63294792 -2.87649727 1.63294792 -2.31471443 -0.632947922 -2.31471443 -0.632947922 -2.87649727 -0.354929864 -2.31471443 -0.556742549 -2.87649727 -0.752665401 -2.87649727 -0.513438106 -2.21056747 -0.556742549 -2.87649727 -0.354929864 -2.31471443 -0.513438106 -2.21056747 -0.752665401 -2.87649727 0.173451513 -1.96751404 0.112904638 -1.79899788 0.173451513 -1.96751404 0.112904638 -1.79899788 0.826558232 -1.96751404 0.887105107 -1.79899788 0.826558232 -1.96751404 0.887105107 -1.79899788 1.35493946 -2.31471443 1.51341736 -2.21056747 1.35493946 -2.31471443 1.51341736 -2.21056747 1.55675232 -2.87649727 1.75264466 -2.87649727 1.55675232 -2.87649727 1.75264466 -2.87649727 1.63294792 0.826558232 1.63294792 0.173451543 -0.632947922 0.173451543 -0.632947922 0.826558232 1.63294792 0.173451543 1.63294792 -0.354929924 -0.632947922 -0.354929924 -0.632947922 0.173451543 1.63294792 -2.31471443 1.63294792 -2.87649727 -0.632947922 -2.87649727 -0.632947922 -2.31471443 1.63294792 1.75264466 1.63294792 1.55675232 -0.632947922 1.55675232 -0.632947922 1.75264466 -0.632947922 -0.752665401 -0.632947922 -0.556742549 1.63294792 -0.556742549 1.63294792 -0.752665401 </float_array>
          <technique_common>
            <accessor count="216" offset="0" source="#meshesQ19S-tex3-array" stride="2">
              <param name="S" type="float" />
              <param name="T" type="float" />
            </accessor>
          </technique_common>
        </source>
        <source id="meshesQ19S-tex4" name="meshesQ19S-tex4">
          <float_array id="meshesQ19S-tex4-array" count="432"> -0.632947922 2.63919258 1.63294792 2.63919258 1.63294792 3.30512428 -0.632947922 3.30512428 -0.632947922 -0.513438106 1.63294792 -0.513438106 1.63294792 0.112904668 -0.632947922 0.112904668 -0.632947922 0.112904668 1.63294792 0.112904668 1.63294792 0.887105107 -0.632947922 0.887105107 1.63294792 1.35493946 1.63294792 0.826558232 -0.632947922 0.826558232 -0.632947922 1.35493946 -0.632947922 0.887105107 1.63294792 0.887105107 1.63294792 1.51341736 -0.632947922 1.51341736 -0.632947922 3.30512428 1.63294792 3.30512428 1.63294792 2.63919258 -0.632947922 2.63919258 1.63294792 2.63919258 1.63294792 3.20097542 -0.632947922 3.20097542 -0.632947922 2.63919258 -0.354929864 3.20097542 -0.556742549 2.63919258 -0.752665401 2.63919258 -0.513438106 3.30512428 -0.556742549 2.63919258 -0.354929864 3.20097542 -0.513438106 3.30512428 -0.752665401 2.63919258 0.173451513 3.54817581 0.112904638 3.71669006 0.173451513 3.54817581 0.112904638 3.71669006 0.826558232 3.54817581 0.887105107 3.71669006 0.826558232 3.54817581 0.887105107 3.71669006 1.35493946 3.20097542 1.51341736 3.30512428 1.35493946 3.20097542 1.51341736 3.30512428 1.55675232 2.63919258 1.75264466 2.63919258 1.55675232 2.63919258 1.75264466 2.63919258 1.63294792 0.826558232 1.63294792 0.173451543 -0.632947922 0.173451543 -0.632947922 0.826558232 1.63294792 0.173451543 1.63294792 -0.354929924 -0.632947922 -0.354929924 -0.632947922 0.173451543 1.63294792 3.20097542 1.63294792 2.63919258 -0.632947922 2.63919258 -0.632947922 3.20097542 1.63294792 1.75264466 1.63294792 1.55675232 -0.632947922 1.55675232 -0.632947922 1.75264466 -0.632947922 -0.752665401 -0.632947922 -0.556742549 1.63294792 -0.556742549 1.63294792 -0.752665401 -0.632947922 -0.015914917 1.63294792 -0.015914917 1.63294792 0.650016785 -0.632947922 0.650016785 -0.632947922 -0.513438106 1.63294792 -0.513438106 1.63294792 0.112904668 -0.632947922 0.112904668 -0.632947922 0.112904668 1.63294792 0.112904668 1.63294792 0.887105107 -0.632947922 0.887105107 1.63294792 1.35493946 1.63294792 0.826558232 -0.632947922 0.826558232 -0.632947922 1.35493946 -0.632947922 0.887105107 1.63294792 0.887105107 1.63294792 1.51341736 -0.632947922 1.51341736 -0.632947922 0.650016785 1.63294792 0.650016785 1.63294792 -0.015914917 -0.632947922 -0.015914917 1.63294792 -0.015914917 1.63294792 0.54586792 -0.632947922 0.54586792 -0.632947922 -0.015914917 -0.354929864 0.54586792 -0.556742549 -0.015914917 -0.752665401 -0.015914917 -0.513438106 0.650016785 -0.556742549 -0.015914917 -0.354929864 0.54586792 -0.513438106 0.650016785 -0.752665401 -0.015914917 0.173451513 0.893068314 0.112904638 1.06158447 0.173451513 0.893068314 0.112904638 1.06158257 0.826558232 0.893068314 0.887105107 1.06158447 0.826558232 0.893068314 0.887105107 1.06158257 1.35493946 0.54586792 1.51341736 0.650016785 1.35493946 0.54586792 1.51341736 0.650016785 1.55675232 -0.015914917 1.75264466 -0.015914917 1.55675232 -0.015914917 1.75264466 -0.015914917 1.63294792 0.826558232 1.63294792 0.173451543 -0.632947922 0.173451543 -0.632947922 0.826558232 1.63294792 0.173451543 1.63294792 -0.354929924 -0.632947922 -0.354929924 -0.632947922 0.173451543 1.63294792 0.54586792 1.63294792 -0.015914917 -0.632947922 -0.015914917 -0.632947922 0.54586792 1.63294792 1.75264466 1.63294792 1.55675232 -0.632947922 1.55675232 -0.632947922 1.75264466 -0.632947922 -0.752665401 -0.632947922 -0.556742549 1.63294792 -0.556742549 1.63294792 -0.752665401 -0.632947922 -2.87649727 1.63294792 -2.87649727 1.63294792 -2.21056747 -0.632947922 -2.21056747 -0.632947922 -0.513438106 1.63294792 -0.513438106 1.63294792 0.112904668 -0.632947922 0.112904668 -0.632947922 0.112904668 1.63294792 0.112904668 1.63294792 0.887105107 -0.632947922 0.887105107 1.63294792 1.35493946 1.63294792 0.826558232 -0.632947922 0.826558232 -0.632947922 1.35493946 -0.632947922 0.887105107 1.63294792 0.887105107 1.63294792 1.51341736 -0.632947922 1.51341736 -0.632947922 -2.21056747 1.63294792 -2.21056747 1.63294792 -2.87649727 -0.632947922 -2.87649727 1.63294792 -2.87649727 1.63294792 -2.31471443 -0.632947922 -2.31471443 -0.632947922 -2.87649727 -0.354929864 -2.31471443 -0.556742549 -2.87649727 -0.752665401 -2.87649727 -0.513438106 -2.21056747 -0.556742549 -2.87649727 -0.354929864 -2.31471443 -0.513438106 -2.21056747 -0.752665401 -2.87649727 0.173451513 -1.96751404 0.112904638 -1.79899788 0.173451513 -1.96751404 0.112904638 -1.79899788 0.826558232 -1.96751404 0.887105107 -1.79899788 0.826558232 -1.96751404 0.887105107 -1.79899788 1.35493946 -2.31471443 1.51341736 -2.21056747 1.35493946 -2.31471443 1.51341736 -2.21056747 1.55675232 -2.87649727 1.75264466 -2.87649727 1.55675232 -2.87649727 1.75264466 -2.87649727 1.63294792 0.826558232 1.63294792 0.173451543 -0.632947922 0.173451543 -0.632947922 0.826558232 1.63294792 0.173451543 1.63294792 -0.354929924 -0.632947922 -0.354929924 -0.632947922 0.173451543 1.63294792 -2.31471443 1.63294792 -2.87649727 -0.632947922 -2.87649727 -0.632947922 -2.31471443 1.63294792 1.75264466 1.63294792 1.55675232 -0.632947922 1.55675232 -0.632947922 1.75264466 -0.632947922 -0.752665401 -0.632947922 -0.556742549 1.63294792 -0.556742549 1.63294792 -0.752665401 </float_array>
          <technique_common>
            <accessor count="216" offset="0" source="#meshesQ19S-tex4-array" stride="2">
              <param name="S" type="float" />
              <param name="T" type="float" />
            </accessor>
          </technique_common>
        </source>
        <vertices id="meshesQ19S-vertices">
          <input semantic="POSITION" source="#meshesQ19S-positions" />
        </vertices>
        <polylist count="132" material="defaultMaterial">
          <input offset="0" semantic="VERTEX" source="#meshesQ19S-vertices" />
          <input offset="0" semantic="NORMAL" source="#meshesQ19S-normals" />
          <input offset="0" semantic="TEXCOORD" source="#meshesQ19S-tex0" set="0" />
          <input offset="0" semantic="TEXCOORD" source="#meshesQ19S-tex1" set="1" />
          <input offset="0" semantic="TEXCOORD" source="#meshesQ19S-tex2" set="2" />
          <input offset="0" semantic="TEXCOORD" source="#meshesQ19S-tex3" set="3" />
          <input offset="0" semantic="TEXCOORD" source="#meshesQ19S-tex4" set="4" />
          <vcount>3 3 3 3 3 3 3 3 3 3 3 3 3 3 3 3 3 3 3 3 3 3 3 3 3 3 3 3 3 3 3 3 3 3 3 3 3 3 3 3 3 3 3 3 3 3 3 3 3 3 3 3 3 3 3 3 3 3 3 3 3 3 3 3 3 3 3 3 3 3 3 3 3 3 3 3 3 3 3 3 3 3 3 3 3 3 3 3 3 3 3 3 3 3 3 3 3 3 3 3 3 3 3 3 3 3 3 3 3 3 3 3 3 3 3 3 3 3 3 3 3 3 3 3 3 3 3 3 3 3 3 3 </vcount>
          <p>0 1 2 0 2 3 4 5 6 4 6 7 8 9 10 8 10 11 12 13 14 12 14 15 16 17 18 16 18 19 20 21 22 20 22 23 24 25 26 24 26 27 28 29 30 28 30 31 32 33 34 32 34 35 36 28 31 36 31 37 33 38 39 33 39 34 40 36 37 40 37 41 38 42 43 38 43 39 44 40 41 44 41 45 42 46 47 42 47 43 48 44 45 48 45 49 46 50 51 46 51 47 52 53 54 52 54 55 56 57 58 56 58 59 60 61 62 60 62 63 64 65 66 64 66 67 68 69 70 68 70 71 72 73 74 72 74 75 76 77 78 76 78 79 80 81 82 80 82 83 84 85 86 84 86 87 88 89 90 88 90 91 92 93 94 92 94 95 96 97 98 96 98 99 100 101 102 100 102 103 104 105 106 104 106 107 108 100 103 108 103 109 105 110 111 105 111 106 112 108 109 112 109 113 110 114 115 110 115 111 116 112 113 116 113 117 114 118 119 114 119 115 120 116 117 120 117 121 118 122 123 118 123 119 124 125 126 124 126 127 128 129 130 128 130 131 132 133 134 132 134 135 136 137 138 136 138 139 140 141 142 140 142 143 144 145 146 144 146 147 148 149 150 148 150 151 152 153 154 152 154 155 156 157 158 156 158 159 160 161 162 160 162 163 164 165 166 164 166 167 168 169 170 168 170 171 172 173 174 172 174 175 176 177 178 176 178 179 180 172 175 180 175 181 177 182 183 177 183 178 184 180 181 184 181 185 182 186 187 182 187 183 188 184 185 188 185 189 186 190 191 186 191 187 192 188 189 192 189 193 190 194 195 190 195 191 196 197 198 196 198 199 200 201 202 200 202 203 204 205 206 204 206 207 208 209 210 208 210 211 212 213 214 212 214 215 </p>
        </polylist>
      </mesh>
    </geometry>
    <geometry id="meshesQ20S" name="meshes[20]" >
      <mesh>
        <source id="meshesQ20S-positions" name="meshesQ20S-positions">
          <float_array id="meshesQ20S-positions-array" count="198"> -1.19016647 23.5431461 -1.06521606 0.832420349 23.5431461 -1.06521606 0.832420349 22.9964008 -0.904693604 -1.19016647 22.9964008 -0.904693604 -1.19016647 22.9964008 -0.904693604 0.832420349 22.9964008 -0.904693604 0.832420349 22.6232414 -0.474029541 -1.19016647 22.6232414 -0.474029541 -1.19016647 22.6232414 -0.474029541 0.832420349 22.6232414 -0.474029541 0.832420349 22.5421467 0.0899963379 -1.19016647 22.5421467 0.0899963379 -1.19016647 22.5421467 0.0899963379 0.832420349 22.5421467 0.0899963379 0.832420349 22.778862 0.608337402 -1.19016647 22.778862 0.608337402 -1.19016647 22.778862 0.608337402 0.832420349 22.778862 0.608337402 0.832420349 23.2582321 0.916381836 -1.19016647 23.2582321 0.916381836 -1.19016647 23.2582321 0.916381836 0.832420349 23.2582321 0.916381836 0.832420349 23.8280602 0.916381836 -1.19016647 23.8280602 0.916381836 -1.19016647 23.8280602 0.916381836 0.832420349 23.8280602 0.916381836 0.832420349 24.3074303 0.608337402 -1.19016647 24.3074303 0.608337402 -1.19016647 24.3074303 0.608337402 0.832420349 24.3074303 0.608337402 0.832420349 24.5441456 0.0899963379 -1.19016647 24.5441456 0.0899963379 -1.19016647 24.5441456 0.0899963379 0.832420349 24.5441456 0.0899963379 0.832420349 24.4630508 -0.474029541 -1.19016647 24.4630508 -0.474029541 0.832420349 22.6232414 -0.474029541 0.832420349 22.9964008 -0.904693604 0.832420349 23.5431461 -1.06521606 0.832420349 24.0898933 -0.904693604 0.832420349 24.4630508 -0.474029541 0.832420349 24.5441456 0.0899963379 0.832420349 24.3074303 0.608337402 0.832420349 23.8280602 0.916381836 0.832420349 23.2582321 0.916381836 0.832420349 22.778862 0.608337402 0.832420349 22.5421467 0.0899963379 -1.19016647 24.4630508 -0.474029541 0.832420349 24.4630508 -0.474029541 0.832420349 24.0898933 -0.904693604 -1.19016647 24.0898933 -0.904693604 -1.19016647 24.0898933 -0.904693604 0.832420349 24.0898933 -0.904693604 0.832420349 23.5431461 -1.06521606 -1.19016647 23.5431461 -1.06521606 -1.19016647 24.0898933 -0.904693604 -1.19016647 23.5431461 -1.06521606 -1.19016647 22.9964008 -0.904693604 -1.19016647 22.6232414 -0.474029541 -1.19016647 22.5421467 0.0899963379 -1.19016647 22.778862 0.608337402 -1.19016647 23.2582321 0.916381836 -1.19016647 23.8280602 0.916381836 -1.19016647 24.3074303 0.608337402 -1.19016647 24.5441456 0.0899963379 -1.19016647 24.4630508 -0.474029541 </float_array>
          <technique_common>
            <accessor count="66" offset="0" source="#meshesQ20S-positions-array" stride="3">
              <param name="X" type="float" />
              <param name="Y" type="float" />
              <param name="Z" type="float" />
            </accessor>
          </technique_common>
        </source>
        <source id="meshesQ20S-normals" name="meshesQ20S-normals">
          <float_array id="meshesQ20S-normals-array" count="198"> 0 -0.281700671 -0.959502339 0 -0.281700671 -0.959502339 0 -0.281700671 -0.959502339 0 -0.281700671 -0.959502339 0 -0.75580126 -0.654801071 0 -0.75580126 -0.654801071 0 -0.75580126 -0.654801071 0 -0.75580126 -0.654801071 0 -0.989823103 -0.142303318 0 -0.989823103 -0.142303318 0 -0.989823103 -0.142303318 0 -0.989823103 -0.142303318 0 -0.909632146 0.415414691 0 -0.909632146 0.415414691 0 -0.909632146 0.415414691 0 -0.909632146 0.415414691 0 -0.540590823 0.841285765 0 -0.540590823 0.841285765 0 -0.540590823 0.841285765 0 -0.540590823 0.841285765 0 0 1 0 0 1 0 0 1 0 0 1 0 0.540590823 0.841285765 0 0.540590823 0.841285765 0 0.540590823 0.841285765 0 0.540590823 0.841285765 0 0.909632146 0.415414691 0 0.909632146 0.415414691 0 0.909632146 0.415414691 0 0.909632146 0.415414691 0 0.989823103 -0.142303318 0 0.989823103 -0.142303318 0 0.989823103 -0.142303318 0 0.989823103 -0.142303318 1 0 0 1 0 0 1 0 0 1 0 0 1 0 0 1 0 0 1 0 0 1 0 0 1 0 0 1 0 0 1 0 0 0 0.75580126 -0.654801071 0 0.75580126 -0.654801071 0 0.75580126 -0.654801071 0 0.75580126 -0.654801071 0 0.281700671 -0.959502339 0 0.281700671 -0.959502339 0 0.281700671 -0.959502339 0 0.281700671 -0.959502339 -1 0 0 -1 0 0 -1 0 0 -1 0 0 -1 0 0 -1 0 0 -1 0 0 -1 0 0 -1 0 0 -1 0 0 -1 0 0 </float_array>
          <technique_common>
            <accessor count="66" offset="0" source="#meshesQ20S-normals-array" stride="3">
              <param name="X" type="float" />
              <param name="Y" type="float" />
              <param name="Z" type="float" />
            </accessor>
          </technique_common>
        </source>
        <source id="meshesQ20S-tex0" name="meshesQ20S-tex0">
          <float_array id="meshesQ20S-tex0-array" count="132"> -0.511293411 0.499998093 1.51129341 0.499998093 1.51129341 -0.0467472076 -0.511293411 -0.0467472076 -0.511293411 1.35076356 1.51129341 1.35076356 1.51129341 0.920099437 -0.511293411 0.920099437 -0.511293411 0.920099437 1.51129341 0.920099437 1.51129341 0.356073558 -0.511293411 0.356073558 -0.511293411 0.356073558 1.51129341 0.356073558 1.51129341 -0.162267447 -0.511293411 -0.162267447 -0.511293411 -0.264286041 1.51129341 -0.264286041 1.51129341 0.215084076 -0.511293411 0.215084076 -0.511293411 0.215084076 1.51129341 0.215084076 1.51129341 0.784912109 -0.511293411 0.784912109 -0.511293411 0.784912109 1.51129341 0.784912109 1.51129341 1.26428223 -0.511293411 1.26428223 -0.511293411 -0.162267447 1.51129341 -0.162267447 1.51129341 0.356073558 -0.511293411 0.356073558 -0.511293411 0.356073558 1.51129341 0.356073558 1.51129341 0.920099437 -0.511293411 0.920099437 0.920099437 -0.419906616 1.35076356 -0.0467472076 1.5112859 0.499998093 1.35076356 1.0467453 0.920099437 1.4199028 0.356073558 1.50099754 -0.162267506 1.26428223 -0.47031194 0.784912109 -0.47031194 0.215084076 -0.162267506 -0.264286041 0.356073558 -0.501001358 -0.511293411 0.920099437 1.51129341 0.920099437 1.51129341 1.35076356 -0.511293411 1.35076356 -0.511293411 1.0467453 1.51129341 1.0467453 1.51129341 0.499998093 -0.511293411 0.499998093 1.35076356 1.0467453 1.5112859 0.499998093 1.35076356 -0.0467472076 0.920099437 -0.419906616 0.356073558 -0.501001358 -0.162267506 -0.264286041 -0.47031194 0.215084076 -0.47031194 0.784912109 -0.162267506 1.26428223 0.356073558 1.50099754 0.920099437 1.4199028 </float_array>
          <technique_common>
            <accessor count="66" offset="0" source="#meshesQ20S-tex0-array" stride="2">
              <param name="S" type="float" />
              <param name="T" type="float" />
            </accessor>
          </technique_common>
        </source>
        <source id="meshesQ20S-tex1" name="meshesQ20S-tex1">
          <float_array id="meshesQ20S-tex1-array" count="132"> 1 0.5 1 1 0.909090877 1 0.909090877 0.5 0.909090877 0.5 0.909090877 1 0.818181753 1 0.818181753 0.5 0.818181753 0.5 0.818181753 1 0.72727263 1 0.72727263 0.5 0.72727263 0.5 0.72727263 1 0.636363506 1 0.636363506 0.5 0.636363506 0.5 0.636363506 1 0.545454383 1 0.545454383 0.5 0.545454383 0.5 0.545454383 1 0.454545289 1 0.454545289 0.5 0.454545289 0.5 0.454545289 1 0.363636196 1 0.363636196 0.5 0.363636196 0.5 0.363636196 1 0.272727102 1 0.272727102 0.5 0.272727102 0.5 0.272727102 1 0.181818008 1 0.181818008 0.5 0.468311667 0.349699616 0.379753798 0.45190084 0.25 0.49000001 0.120246202 0.45190084 0.0316883326 0.349699616 0.012442857 0.215844452 0.0686201155 0.0928333998 0.182384178 0.0197216868 0.317615807 0.0197216868 0.431379884 0.0928333998 0.487557143 0.215844452 0.181818008 0.5 0.181818008 1 0.0909089148 1 0.0909089148 0.5 0.0909089148 0.5 0.0909089148 1 -1.78813934e-07 1 -1.78813934e-07 0.5 0.620246172 0.45190084 0.75 0.49000001 0.879753828 0.45190084 0.968311667 0.349699616 0.987557173 0.215844452 0.931379914 0.0928333998 0.817615807 0.0197216868 0.682384193 0.0197216868 0.568620086 0.0928333998 0.512442827 0.215844452 0.531688333 0.349699616 </float_array>
          <technique_common>
            <accessor count="66" offset="0" source="#meshesQ20S-tex1-array" stride="2">
              <param name="S" type="float" />
              <param name="T" type="float" />
            </accessor>
          </technique_common>
        </source>
        <source id="meshesQ20S-tex2" name="meshesQ20S-tex2">
          <float_array id="meshesQ20S-tex2-array" count="132"> -0.511293411 0.499998093 1.51129341 0.499998093 1.51129341 -0.0467472076 -0.511293411 -0.0467472076 -0.511293411 1.35076356 1.51129341 1.35076356 1.51129341 0.920099437 -0.511293411 0.920099437 -0.511293411 0.920099437 1.51129341 0.920099437 1.51129341 0.356073558 -0.511293411 0.356073558 -0.511293411 0.356073558 1.51129341 0.356073558 1.51129341 -0.162267447 -0.511293411 -0.162267447 -0.511293411 -0.264286041 1.51129341 -0.264286041 1.51129341 0.215084076 -0.511293411 0.215084076 -0.511293411 0.215084076 1.51129341 0.215084076 1.51129341 0.784912109 -0.511293411 0.784912109 -0.511293411 0.784912109 1.51129341 0.784912109 1.51129341 1.26428223 -0.511293411 1.26428223 -0.511293411 -0.162267447 1.51129341 -0.162267447 1.51129341 0.356073558 -0.511293411 0.356073558 -0.511293411 0.356073558 1.51129341 0.356073558 1.51129341 0.920099437 -0.511293411 0.920099437 0.920099437 -0.419906616 1.35076356 -0.0467472076 1.5112859 0.499998093 1.35076356 1.0467453 0.920099437 1.4199028 0.356073558 1.50099754 -0.162267506 1.26428223 -0.47031194 0.784912109 -0.47031194 0.215084076 -0.162267506 -0.264286041 0.356073558 -0.501001358 -0.511293411 0.920099437 1.51129341 0.920099437 1.51129341 1.35076356 -0.511293411 1.35076356 -0.511293411 1.0467453 1.51129341 1.0467453 1.51129341 0.499998093 -0.511293411 0.499998093 1.35076356 1.0467453 1.5112859 0.499998093 1.35076356 -0.0467472076 0.920099437 -0.419906616 0.356073558 -0.501001358 -0.162267506 -0.264286041 -0.47031194 0.215084076 -0.47031194 0.784912109 -0.162267506 1.26428223 0.356073558 1.50099754 0.920099437 1.4199028 </float_array>
          <technique_common>
            <accessor count="66" offset="0" source="#meshesQ20S-tex2-array" stride="2">
              <param name="S" type="float" />
              <param name="T" type="float" />
            </accessor>
          </technique_common>
        </source>
        <source id="meshesQ20S-tex3" name="meshesQ20S-tex3">
          <float_array id="meshesQ20S-tex3-array" count="132"> -0.511293411 0.499998093 1.51129341 0.499998093 1.51129341 -0.0467472076 -0.511293411 -0.0467472076 -0.511293411 1.35076356 1.51129341 1.35076356 1.51129341 0.920099437 -0.511293411 0.920099437 -0.511293411 0.920099437 1.51129341 0.920099437 1.51129341 0.356073558 -0.511293411 0.356073558 -0.511293411 0.356073558 1.51129341 0.356073558 1.51129341 -0.162267447 -0.511293411 -0.162267447 -0.511293411 -0.264286041 1.51129341 -0.264286041 1.51129341 0.215084076 -0.511293411 0.215084076 -0.511293411 0.215084076 1.51129341 0.215084076 1.51129341 0.784912109 -0.511293411 0.784912109 -0.511293411 0.784912109 1.51129341 0.784912109 1.51129341 1.26428223 -0.511293411 1.26428223 -0.511293411 -0.162267447 1.51129341 -0.162267447 1.51129341 0.356073558 -0.511293411 0.356073558 -0.511293411 0.356073558 1.51129341 0.356073558 1.51129341 0.920099437 -0.511293411 0.920099437 0.920099437 -0.419906616 1.35076356 -0.0467472076 1.5112859 0.499998093 1.35076356 1.0467453 0.920099437 1.4199028 0.356073558 1.50099754 -0.162267506 1.26428223 -0.47031194 0.784912109 -0.47031194 0.215084076 -0.162267506 -0.264286041 0.356073558 -0.501001358 -0.511293411 0.920099437 1.51129341 0.920099437 1.51129341 1.35076356 -0.511293411 1.35076356 -0.511293411 1.0467453 1.51129341 1.0467453 1.51129341 0.499998093 -0.511293411 0.499998093 1.35076356 1.0467453 1.5112859 0.499998093 1.35076356 -0.0467472076 0.920099437 -0.419906616 0.356073558 -0.501001358 -0.162267506 -0.264286041 -0.47031194 0.215084076 -0.47031194 0.784912109 -0.162267506 1.26428223 0.356073558 1.50099754 0.920099437 1.4199028 </float_array>
          <technique_common>
            <accessor count="66" offset="0" source="#meshesQ20S-tex3-array" stride="2">
              <param name="S" type="float" />
              <param name="T" type="float" />
            </accessor>
          </technique_common>
        </source>
        <source id="meshesQ20S-tex4" name="meshesQ20S-tex4">
          <float_array id="meshesQ20S-tex4-array" count="132"> -0.511293411 0.499998093 1.51129341 0.499998093 1.51129341 -0.0467472076 -0.511293411 -0.0467472076 -0.511293411 1.35076356 1.51129341 1.35076356 1.51129341 0.920099437 -0.511293411 0.920099437 -0.511293411 0.920099437 1.51129341 0.920099437 1.51129341 0.356073558 -0.511293411 0.356073558 -0.511293411 0.356073558 1.51129341 0.356073558 1.51129341 -0.162267447 -0.511293411 -0.162267447 -0.511293411 -0.264286041 1.51129341 -0.264286041 1.51129341 0.215084076 -0.511293411 0.215084076 -0.511293411 0.215084076 1.51129341 0.215084076 1.51129341 0.784912109 -0.511293411 0.784912109 -0.511293411 0.784912109 1.51129341 0.784912109 1.51129341 1.26428223 -0.511293411 1.26428223 -0.511293411 -0.162267447 1.51129341 -0.162267447 1.51129341 0.356073558 -0.511293411 0.356073558 -0.511293411 0.356073558 1.51129341 0.356073558 1.51129341 0.920099437 -0.511293411 0.920099437 0.920099437 -0.419906616 1.35076356 -0.0467472076 1.5112859 0.499998093 1.35076356 1.0467453 0.920099437 1.4199028 0.356073558 1.50099754 -0.162267506 1.26428223 -0.47031194 0.784912109 -0.47031194 0.215084076 -0.162267506 -0.264286041 0.356073558 -0.501001358 -0.511293411 0.920099437 1.51129341 0.920099437 1.51129341 1.35076356 -0.511293411 1.35076356 -0.511293411 1.0467453 1.51129341 1.0467453 1.51129341 0.499998093 -0.511293411 0.499998093 1.35076356 1.0467453 1.5112859 0.499998093 1.35076356 -0.0467472076 0.920099437 -0.419906616 0.356073558 -0.501001358 -0.162267506 -0.264286041 -0.47031194 0.215084076 -0.47031194 0.784912109 -0.162267506 1.26428223 0.356073558 1.50099754 0.920099437 1.4199028 </float_array>
          <technique_common>
            <accessor count="66" offset="0" source="#meshesQ20S-tex4-array" stride="2">
              <param name="S" type="float" />
              <param name="T" type="float" />
            </accessor>
          </technique_common>
        </source>
        <source id="meshesQ20S-tex5" name="meshesQ20S-tex5">
          <float_array id="meshesQ20S-tex5-array" count="132"> -0.511293411 0.499998093 1.51129341 0.499998093 1.51129341 -0.0467472076 -0.511293411 -0.0467472076 -0.511293411 1.35076356 1.51129341 1.35076356 1.51129341 0.920099437 -0.511293411 0.920099437 -0.511293411 0.920099437 1.51129341 0.920099437 1.51129341 0.356073558 -0.511293411 0.356073558 -0.511293411 0.356073558 1.51129341 0.356073558 1.51129341 -0.162267447 -0.511293411 -0.162267447 -0.511293411 -0.264286041 1.51129341 -0.264286041 1.51129341 0.215084076 -0.511293411 0.215084076 -0.511293411 0.215084076 1.51129341 0.215084076 1.51129341 0.784912109 -0.511293411 0.784912109 -0.511293411 0.784912109 1.51129341 0.784912109 1.51129341 1.26428223 -0.511293411 1.26428223 -0.511293411 -0.162267447 1.51129341 -0.162267447 1.51129341 0.356073558 -0.511293411 0.356073558 -0.511293411 0.356073558 1.51129341 0.356073558 1.51129341 0.920099437 -0.511293411 0.920099437 0.920099437 -0.419906616 1.35076356 -0.0467472076 1.5112859 0.499998093 1.35076356 1.0467453 0.920099437 1.4199028 0.356073558 1.50099754 -0.162267506 1.26428223 -0.47031194 0.784912109 -0.47031194 0.215084076 -0.162267506 -0.264286041 0.356073558 -0.501001358 -0.511293411 0.920099437 1.51129341 0.920099437 1.51129341 1.35076356 -0.511293411 1.35076356 -0.511293411 1.0467453 1.51129341 1.0467453 1.51129341 0.499998093 -0.511293411 0.499998093 1.35076356 1.0467453 1.5112859 0.499998093 1.35076356 -0.0467472076 0.920099437 -0.419906616 0.356073558 -0.501001358 -0.162267506 -0.264286041 -0.47031194 0.215084076 -0.47031194 0.784912109 -0.162267506 1.26428223 0.356073558 1.50099754 0.920099437 1.4199028 </float_array>
          <technique_common>
            <accessor count="66" offset="0" source="#meshesQ20S-tex5-array" stride="2">
              <param name="S" type="float" />
              <param name="T" type="float" />
            </accessor>
          </technique_common>
        </source>
        <vertices id="meshesQ20S-vertices">
          <input semantic="POSITION" source="#meshesQ20S-positions" />
        </vertices>
        <polylist count="40" material="defaultMaterial">
          <input offset="0" semantic="VERTEX" source="#meshesQ20S-vertices" />
          <input offset="0" semantic="NORMAL" source="#meshesQ20S-normals" />
          <input offset="0" semantic="TEXCOORD" source="#meshesQ20S-tex0" set="0" />
          <input offset="0" semantic="TEXCOORD" source="#meshesQ20S-tex1" set="1" />
          <input offset="0" semantic="TEXCOORD" source="#meshesQ20S-tex2" set="2" />
          <input offset="0" semantic="TEXCOORD" source="#meshesQ20S-tex3" set="3" />
          <input offset="0" semantic="TEXCOORD" source="#meshesQ20S-tex4" set="4" />
          <input offset="0" semantic="TEXCOORD" source="#meshesQ20S-tex5" set="5" />
          <vcount>3 3 3 3 3 3 3 3 3 3 3 3 3 3 3 3 3 3 3 3 3 3 3 3 3 3 3 3 3 3 3 3 3 3 3 3 3 3 3 3 </vcount>
          <p>0 1 2 0 2 3 4 5 6 4 6 7 8 9 10 8 10 11 12 13 14 12 14 15 16 17 18 16 18 19 20 21 22 20 22 23 24 25 26 24 26 27 28 29 30 28 30 31 32 33 34 32 34 35 36 37 38 38 39 40 40 41 42 42 43 44 44 45 46 46 36 38 38 40 42 42 44 46 38 42 46 47 48 49 47 49 50 51 52 53 51 53 54 55 56 57 57 58 59 59 60 61 61 62 63 63 64 65 65 55 57 57 59 61 61 63 65 57 61 65 </p>
        </polylist>
      </mesh>
    </geometry>
    <geometry id="meshesQ21S" name="meshes[21]" >
      <mesh>
        <source id="meshesQ21S-positions" name="meshesQ21S-positions">
          <float_array id="meshesQ21S-positions-array" count="198"> -1.19016647 20.8880405 -1.06521606 0.832420349 20.8880405 -1.06521606 0.832420349 20.3412952 -0.904693604 -1.19016647 20.3412952 -0.904693604 -1.19016647 20.3412952 -0.904693604 0.832420349 20.3412952 -0.904693604 0.832420349 19.9681358 -0.474029541 -1.19016647 19.9681358 -0.474029541 -1.19016647 19.9681358 -0.474029541 0.832420349 19.9681358 -0.474029541 0.832420349 19.887043 0.0899963379 -1.19016647 19.887043 0.0899963379 -1.19016647 19.887043 0.0899963379 0.832420349 19.887043 0.0899963379 0.832420349 20.1237564 0.608337402 -1.19016647 20.1237564 0.608337402 -1.19016647 20.1237564 0.608337402 0.832420349 20.1237564 0.608337402 0.832420349 20.6031265 0.916381836 -1.19016647 20.6031265 0.916381836 -1.19016647 20.6031265 0.916381836 0.832420349 20.6031265 0.916381836 0.832420349 21.1729546 0.916381836 -1.19016647 21.1729546 0.916381836 -1.19016647 21.1729546 0.916381836 0.832420349 21.1729546 0.916381836 0.832420349 21.6523247 0.608337402 -1.19016647 21.6523247 0.608337402 -1.19016647 21.6523247 0.608337402 0.832420349 21.6523247 0.608337402 0.832420349 21.88904 0.0899963379 -1.19016647 21.88904 0.0899963379 -1.19016647 21.88904 0.0899963379 0.832420349 21.88904 0.0899963379 0.832420349 21.8079453 -0.474029541 -1.19016647 21.8079453 -0.474029541 0.832420349 19.9681358 -0.474029541 0.832420349 20.3412952 -0.904693604 0.832420349 20.8880405 -1.06521606 0.832420349 21.4347858 -0.904693604 0.832420349 21.8079453 -0.474029541 0.832420349 21.88904 0.0899963379 0.832420349 21.6523247 0.608337402 0.832420349 21.1729546 0.916381836 0.832420349 20.6031265 0.916381836 0.832420349 20.1237564 0.608337402 0.832420349 19.887043 0.0899963379 -1.19016647 21.8079453 -0.474029541 0.832420349 21.8079453 -0.474029541 0.832420349 21.4347858 -0.904693604 -1.19016647 21.4347858 -0.904693604 -1.19016647 21.4347858 -0.904693604 0.832420349 21.4347858 -0.904693604 0.832420349 20.8880405 -1.06521606 -1.19016647 20.8880405 -1.06521606 -1.19016647 21.4347858 -0.904693604 -1.19016647 20.8880405 -1.06521606 -1.19016647 20.3412952 -0.904693604 -1.19016647 19.9681358 -0.474029541 -1.19016647 19.887043 0.0899963379 -1.19016647 20.1237564 0.608337402 -1.19016647 20.6031265 0.916381836 -1.19016647 21.1729546 0.916381836 -1.19016647 21.6523247 0.608337402 -1.19016647 21.88904 0.0899963379 -1.19016647 21.8079453 -0.474029541 </float_array>
          <technique_common>
            <accessor count="66" offset="0" source="#meshesQ21S-positions-array" stride="3">
              <param name="X" type="float" />
              <param name="Y" type="float" />
              <param name="Z" type="float" />
            </accessor>
          </technique_common>
        </source>
        <source id="meshesQ21S-normals" name="meshesQ21S-normals">
          <float_array id="meshesQ21S-normals-array" count="198"> 0 -0.281700671 -0.959502339 0 -0.281700671 -0.959502339 0 -0.281700671 -0.959502339 0 -0.281700671 -0.959502339 0 -0.75580126 -0.654801071 0 -0.75580126 -0.654801071 0 -0.75580126 -0.654801071 0 -0.75580126 -0.654801071 0 -0.989823103 -0.142303318 0 -0.989823103 -0.142303318 0 -0.989823103 -0.142303318 0 -0.989823103 -0.142303318 0 -0.909632146 0.415414691 0 -0.909632146 0.415414691 0 -0.909632146 0.415414691 0 -0.909632146 0.415414691 0 -0.540590823 0.841285765 0 -0.540590823 0.841285765 0 -0.540590823 0.841285765 0 -0.540590823 0.841285765 0 0 1 0 0 1 0 0 1 0 0 1 0 0.540590823 0.841285765 0 0.540590823 0.841285765 0 0.540590823 0.841285765 0 0.540590823 0.841285765 0 0.909632146 0.415414691 0 0.909632146 0.415414691 0 0.909632146 0.415414691 0 0.909632146 0.415414691 0 0.989823103 -0.142303318 0 0.989823103 -0.142303318 0 0.989823103 -0.142303318 0 0.989823103 -0.142303318 1 0 0 1 0 0 1 0 0 1 0 0 1 0 0 1 0 0 1 0 0 1 0 0 1 0 0 1 0 0 1 0 0 0 0.75580126 -0.654801071 0 0.75580126 -0.654801071 0 0.75580126 -0.654801071 0 0.75580126 -0.654801071 0 0.281700671 -0.959502339 0 0.281700671 -0.959502339 0 0.281700671 -0.959502339 0 0.281700671 -0.959502339 -1 0 0 -1 0 0 -1 0 0 -1 0 0 -1 0 0 -1 0 0 -1 0 0 -1 0 0 -1 0 0 -1 0 0 -1 0 0 </float_array>
          <technique_common>
            <accessor count="66" offset="0" source="#meshesQ21S-normals-array" stride="3">
              <param name="X" type="float" />
              <param name="Y" type="float" />
              <param name="Z" type="float" />
            </accessor>
          </technique_common>
        </source>
        <source id="meshesQ21S-tex0" name="meshesQ21S-tex0">
          <float_array id="meshesQ21S-tex0-array" count="132"> -0.511293411 0.5 1.51129341 0.5 1.51129341 -0.0467453003 -0.511293411 -0.0467453003 -0.511293411 1.35076356 1.51129341 1.35076356 1.51129341 0.920099437 -0.511293411 0.920099437 -0.511293411 0.920099437 1.51129341 0.920099437 1.51129341 0.356073558 -0.511293411 0.356073558 -0.511293411 0.356073558 1.51129341 0.356073558 1.51129341 -0.162267447 -0.511293411 -0.162267447 -0.511293411 -0.264284134 1.51129341 -0.264284134 1.51129341 0.215085983 -0.511293411 0.215085983 -0.511293411 0.215085983 1.51129341 0.215085983 1.51129341 0.784914017 -0.511293411 0.784914017 -0.511293411 0.784914017 1.51129341 0.784914017 1.51129341 1.26428413 -0.511293411 1.26428413 -0.511293411 -0.162267447 1.51129341 -0.162267447 1.51129341 0.356073558 -0.511293411 0.356073558 -0.511293411 0.356073558 1.51129341 0.356073558 1.51129341 0.920099437 -0.511293411 0.920099437 0.920099437 -0.419904709 1.35076356 -0.0467453003 1.5112859 0.5 1.35076356 1.0467453 0.920099437 1.41990471 0.356073558 1.50099945 -0.162267506 1.26428413 -0.47031194 0.784914017 -0.47031194 0.215085983 -0.162267506 -0.264284134 0.356073558 -0.500997543 -0.511293411 0.920099437 1.51129341 0.920099437 1.51129341 1.35076356 -0.511293411 1.35076356 -0.511293411 1.0467453 1.51129341 1.0467453 1.51129341 0.5 -0.511293411 0.5 1.35076356 1.0467453 1.5112859 0.5 1.35076356 -0.0467453003 0.920099437 -0.419904709 0.356073558 -0.500997543 -0.162267506 -0.264284134 -0.47031194 0.215085983 -0.47031194 0.784914017 -0.162267506 1.26428413 0.356073558 1.50099945 0.920099437 1.41990471 </float_array>
          <technique_common>
            <accessor count="66" offset="0" source="#meshesQ21S-tex0-array" stride="2">
              <param name="S" type="float" />
              <param name="T" type="float" />
            </accessor>
          </technique_common>
        </source>
        <source id="meshesQ21S-tex1" name="meshesQ21S-tex1">
          <float_array id="meshesQ21S-tex1-array" count="132"> 1 0.5 1 1 0.909090877 1 0.909090877 0.5 0.909090877 0.5 0.909090877 1 0.818181753 1 0.818181753 0.5 0.818181753 0.5 0.818181753 1 0.72727263 1 0.72727263 0.5 0.72727263 0.5 0.72727263 1 0.636363506 1 0.636363506 0.5 0.636363506 0.5 0.636363506 1 0.545454383 1 0.545454383 0.5 0.545454383 0.5 0.545454383 1 0.454545289 1 0.454545289 0.5 0.454545289 0.5 0.454545289 1 0.363636196 1 0.363636196 0.5 0.363636196 0.5 0.363636196 1 0.272727102 1 0.272727102 0.5 0.272727102 0.5 0.272727102 1 0.181818008 1 0.181818008 0.5 0.468311667 0.349699616 0.379753798 0.45190084 0.25 0.49000001 0.120246202 0.45190084 0.0316883326 0.349699616 0.012442857 0.215844452 0.0686201155 0.0928333998 0.182384178 0.0197216868 0.317615807 0.0197216868 0.431379884 0.0928333998 0.487557143 0.215844452 0.181818008 0.5 0.181818008 1 0.0909089148 1 0.0909089148 0.5 0.0909089148 0.5 0.0909089148 1 -1.78813934e-07 1 -1.78813934e-07 0.5 0.620246172 0.45190084 0.75 0.49000001 0.879753828 0.45190084 0.968311667 0.349699616 0.987557173 0.215844452 0.931379914 0.0928333998 0.817615807 0.0197216868 0.682384193 0.0197216868 0.568620086 0.0928333998 0.512442827 0.215844452 0.531688333 0.349699616 </float_array>
          <technique_common>
            <accessor count="66" offset="0" source="#meshesQ21S-tex1-array" stride="2">
              <param name="S" type="float" />
              <param name="T" type="float" />
            </accessor>
          </technique_common>
        </source>
        <source id="meshesQ21S-tex2" name="meshesQ21S-tex2">
          <float_array id="meshesQ21S-tex2-array" count="132"> -0.511293411 0.5 1.51129341 0.5 1.51129341 -0.0467453003 -0.511293411 -0.0467453003 -0.511293411 1.35076356 1.51129341 1.35076356 1.51129341 0.920099437 -0.511293411 0.920099437 -0.511293411 0.920099437 1.51129341 0.920099437 1.51129341 0.356073558 -0.511293411 0.356073558 -0.511293411 0.356073558 1.51129341 0.356073558 1.51129341 -0.162267447 -0.511293411 -0.162267447 -0.511293411 -0.264284134 1.51129341 -0.264284134 1.51129341 0.215085983 -0.511293411 0.215085983 -0.511293411 0.215085983 1.51129341 0.215085983 1.51129341 0.784914017 -0.511293411 0.784914017 -0.511293411 0.784914017 1.51129341 0.784914017 1.51129341 1.26428413 -0.511293411 1.26428413 -0.511293411 -0.162267447 1.51129341 -0.162267447 1.51129341 0.356073558 -0.511293411 0.356073558 -0.511293411 0.356073558 1.51129341 0.356073558 1.51129341 0.920099437 -0.511293411 0.920099437 0.920099437 -0.419904709 1.35076356 -0.0467453003 1.5112859 0.5 1.35076356 1.0467453 0.920099437 1.41990471 0.356073558 1.50099945 -0.162267506 1.26428413 -0.47031194 0.784914017 -0.47031194 0.215085983 -0.162267506 -0.264284134 0.356073558 -0.500997543 -0.511293411 0.920099437 1.51129341 0.920099437 1.51129341 1.35076356 -0.511293411 1.35076356 -0.511293411 1.0467453 1.51129341 1.0467453 1.51129341 0.5 -0.511293411 0.5 1.35076356 1.0467453 1.5112859 0.5 1.35076356 -0.0467453003 0.920099437 -0.419904709 0.356073558 -0.500997543 -0.162267506 -0.264284134 -0.47031194 0.215085983 -0.47031194 0.784914017 -0.162267506 1.26428413 0.356073558 1.50099945 0.920099437 1.41990471 </float_array>
          <technique_common>
            <accessor count="66" offset="0" source="#meshesQ21S-tex2-array" stride="2">
              <param name="S" type="float" />
              <param name="T" type="float" />
            </accessor>
          </technique_common>
        </source>
        <source id="meshesQ21S-tex3" name="meshesQ21S-tex3">
          <float_array id="meshesQ21S-tex3-array" count="132"> -0.511293411 0.5 1.51129341 0.5 1.51129341 -0.0467453003 -0.511293411 -0.0467453003 -0.511293411 1.35076356 1.51129341 1.35076356 1.51129341 0.920099437 -0.511293411 0.920099437 -0.511293411 0.920099437 1.51129341 0.920099437 1.51129341 0.356073558 -0.511293411 0.356073558 -0.511293411 0.356073558 1.51129341 0.356073558 1.51129341 -0.162267447 -0.511293411 -0.162267447 -0.511293411 -0.264284134 1.51129341 -0.264284134 1.51129341 0.215085983 -0.511293411 0.215085983 -0.511293411 0.215085983 1.51129341 0.215085983 1.51129341 0.784914017 -0.511293411 0.784914017 -0.511293411 0.784914017 1.51129341 0.784914017 1.51129341 1.26428413 -0.511293411 1.26428413 -0.511293411 -0.162267447 1.51129341 -0.162267447 1.51129341 0.356073558 -0.511293411 0.356073558 -0.511293411 0.356073558 1.51129341 0.356073558 1.51129341 0.920099437 -0.511293411 0.920099437 0.920099437 -0.419904709 1.35076356 -0.0467453003 1.5112859 0.5 1.35076356 1.0467453 0.920099437 1.41990471 0.356073558 1.50099945 -0.162267506 1.26428413 -0.47031194 0.784914017 -0.47031194 0.215085983 -0.162267506 -0.264284134 0.356073558 -0.500997543 -0.511293411 0.920099437 1.51129341 0.920099437 1.51129341 1.35076356 -0.511293411 1.35076356 -0.511293411 1.0467453 1.51129341 1.0467453 1.51129341 0.5 -0.511293411 0.5 1.35076356 1.0467453 1.5112859 0.5 1.35076356 -0.0467453003 0.920099437 -0.419904709 0.356073558 -0.500997543 -0.162267506 -0.264284134 -0.47031194 0.215085983 -0.47031194 0.784914017 -0.162267506 1.26428413 0.356073558 1.50099945 0.920099437 1.41990471 </float_array>
          <technique_common>
            <accessor count="66" offset="0" source="#meshesQ21S-tex3-array" stride="2">
              <param name="S" type="float" />
              <param name="T" type="float" />
            </accessor>
          </technique_common>
        </source>
        <source id="meshesQ21S-tex4" name="meshesQ21S-tex4">
          <float_array id="meshesQ21S-tex4-array" count="132"> -0.511293411 0.5 1.51129341 0.5 1.51129341 -0.0467453003 -0.511293411 -0.0467453003 -0.511293411 1.35076356 1.51129341 1.35076356 1.51129341 0.920099437 -0.511293411 0.920099437 -0.511293411 0.920099437 1.51129341 0.920099437 1.51129341 0.356073558 -0.511293411 0.356073558 -0.511293411 0.356073558 1.51129341 0.356073558 1.51129341 -0.162267447 -0.511293411 -0.162267447 -0.511293411 -0.264284134 1.51129341 -0.264284134 1.51129341 0.215085983 -0.511293411 0.215085983 -0.511293411 0.215085983 1.51129341 0.215085983 1.51129341 0.784914017 -0.511293411 0.784914017 -0.511293411 0.784914017 1.51129341 0.784914017 1.51129341 1.26428413 -0.511293411 1.26428413 -0.511293411 -0.162267447 1.51129341 -0.162267447 1.51129341 0.356073558 -0.511293411 0.356073558 -0.511293411 0.356073558 1.51129341 0.356073558 1.51129341 0.920099437 -0.511293411 0.920099437 0.920099437 -0.419904709 1.35076356 -0.0467453003 1.5112859 0.5 1.35076356 1.0467453 0.920099437 1.41990471 0.356073558 1.50099945 -0.162267506 1.26428413 -0.47031194 0.784914017 -0.47031194 0.215085983 -0.162267506 -0.264284134 0.356073558 -0.500997543 -0.511293411 0.920099437 1.51129341 0.920099437 1.51129341 1.35076356 -0.511293411 1.35076356 -0.511293411 1.0467453 1.51129341 1.0467453 1.51129341 0.5 -0.511293411 0.5 1.35076356 1.0467453 1.5112859 0.5 1.35076356 -0.0467453003 0.920099437 -0.419904709 0.356073558 -0.500997543 -0.162267506 -0.264284134 -0.47031194 0.215085983 -0.47031194 0.784914017 -0.162267506 1.26428413 0.356073558 1.50099945 0.920099437 1.41990471 </float_array>
          <technique_common>
            <accessor count="66" offset="0" source="#meshesQ21S-tex4-array" stride="2">
              <param name="S" type="float" />
              <param name="T" type="float" />
            </accessor>
          </technique_common>
        </source>
        <source id="meshesQ21S-tex5" name="meshesQ21S-tex5">
          <float_array id="meshesQ21S-tex5-array" count="132"> -0.511293411 0.5 1.51129341 0.5 1.51129341 -0.0467453003 -0.511293411 -0.0467453003 -0.511293411 1.35076356 1.51129341 1.35076356 1.51129341 0.920099437 -0.511293411 0.920099437 -0.511293411 0.920099437 1.51129341 0.920099437 1.51129341 0.356073558 -0.511293411 0.356073558 -0.511293411 0.356073558 1.51129341 0.356073558 1.51129341 -0.162267447 -0.511293411 -0.162267447 -0.511293411 -0.264284134 1.51129341 -0.264284134 1.51129341 0.215085983 -0.511293411 0.215085983 -0.511293411 0.215085983 1.51129341 0.215085983 1.51129341 0.784914017 -0.511293411 0.784914017 -0.511293411 0.784914017 1.51129341 0.784914017 1.51129341 1.26428413 -0.511293411 1.26428413 -0.511293411 -0.162267447 1.51129341 -0.162267447 1.51129341 0.356073558 -0.511293411 0.356073558 -0.511293411 0.356073558 1.51129341 0.356073558 1.51129341 0.920099437 -0.511293411 0.920099437 0.920099437 -0.419904709 1.35076356 -0.0467453003 1.5112859 0.5 1.35076356 1.0467453 0.920099437 1.41990471 0.356073558 1.50099945 -0.162267506 1.26428413 -0.47031194 0.784914017 -0.47031194 0.215085983 -0.162267506 -0.264284134 0.356073558 -0.500997543 -0.511293411 0.920099437 1.51129341 0.920099437 1.51129341 1.35076356 -0.511293411 1.35076356 -0.511293411 1.0467453 1.51129341 1.0467453 1.51129341 0.5 -0.511293411 0.5 1.35076356 1.0467453 1.5112859 0.5 1.35076356 -0.0467453003 0.920099437 -0.419904709 0.356073558 -0.500997543 -0.162267506 -0.264284134 -0.47031194 0.215085983 -0.47031194 0.784914017 -0.162267506 1.26428413 0.356073558 1.50099945 0.920099437 1.41990471 </float_array>
          <technique_common>
            <accessor count="66" offset="0" source="#meshesQ21S-tex5-array" stride="2">
              <param name="S" type="float" />
              <param name="T" type="float" />
            </accessor>
          </technique_common>
        </source>
        <vertices id="meshesQ21S-vertices">
          <input semantic="POSITION" source="#meshesQ21S-positions" />
        </vertices>
        <polylist count="40" material="defaultMaterial">
          <input offset="0" semantic="VERTEX" source="#meshesQ21S-vertices" />
          <input offset="0" semantic="NORMAL" source="#meshesQ21S-normals" />
          <input offset="0" semantic="TEXCOORD" source="#meshesQ21S-tex0" set="0" />
          <input offset="0" semantic="TEXCOORD" source="#meshesQ21S-tex1" set="1" />
          <input offset="0" semantic="TEXCOORD" source="#meshesQ21S-tex2" set="2" />
          <input offset="0" semantic="TEXCOORD" source="#meshesQ21S-tex3" set="3" />
          <input offset="0" semantic="TEXCOORD" source="#meshesQ21S-tex4" set="4" />
          <input offset="0" semantic="TEXCOORD" source="#meshesQ21S-tex5" set="5" />
          <vcount>3 3 3 3 3 3 3 3 3 3 3 3 3 3 3 3 3 3 3 3 3 3 3 3 3 3 3 3 3 3 3 3 3 3 3 3 3 3 3 3 </vcount>
          <p>0 1 2 0 2 3 4 5 6 4 6 7 8 9 10 8 10 11 12 13 14 12 14 15 16 17 18 16 18 19 20 21 22 20 22 23 24 25 26 24 26 27 28 29 30 28 30 31 32 33 34 32 34 35 36 37 38 38 39 40 40 41 42 42 43 44 44 45 46 46 36 38 38 40 42 42 44 46 38 42 46 47 48 49 47 49 50 51 52 53 51 53 54 55 56 57 57 58 59 59 60 61 61 62 63 63 64 65 65 55 57 57 59 61 61 63 65 57 61 65 </p>
        </polylist>
      </mesh>
    </geometry>
    <geometry id="meshesQ22S" name="meshes[22]" >
      <mesh>
        <source id="meshesQ22S-positions" name="meshesQ22S-positions">
          <float_array id="meshesQ22S-positions-array" count="165"> -1.19016647 18.0274563 -1.06521606 0.832420349 18.0274563 -1.06521606 0.832420349 17.480711 -0.904693604 -1.19016647 17.480711 -0.904693604 -1.19016647 17.480711 -0.904693604 0.832420349 17.480711 -0.904693604 0.832420349 17.1075516 -0.474029541 -1.19016647 17.1075516 -0.474029541 -1.19016647 17.1075516 -0.474029541 0.832420349 17.1075516 -0.474029541 0.832420349 17.0264568 0.0899963379 -1.19016647 17.0264568 0.0899963379 -1.19016647 17.0264568 0.0899963379 0.832420349 17.0264568 0.0899963379 0.832420349 17.2631721 0.608337402 -1.19016647 17.2631721 0.608337402 -1.19016647 17.2631721 0.608337402 0.832420349 17.2631721 0.608337402 0.832420349 17.7425423 0.916381836 -1.19016647 17.7425423 0.916381836 -1.19016647 17.7425423 0.916381836 0.832420349 17.7425423 0.916381836 0.832420349 18.3123703 0.916381836 -1.19016647 18.3123703 0.916381836 -1.19016647 18.3123703 0.916381836 0.832420349 18.3123703 0.916381836 0.832420349 18.7917404 0.608337402 -1.19016647 18.7917404 0.608337402 -1.19016647 18.7917404 0.608337402 0.832420349 18.7917404 0.608337402 0.832420349 19.0284557 0.0899963379 -1.19016647 19.0284557 0.0899963379 -1.19016647 19.0284557 0.0899963379 0.832420349 19.0284557 0.0899963379 0.832420349 18.947361 -0.474029541 -1.19016647 18.947361 -0.474029541 -1.19016647 18.947361 -0.474029541 0.832420349 18.947361 -0.474029541 0.832420349 18.5742035 -0.904693604 -1.19016647 18.5742035 -0.904693604 -1.19016647 18.5742035 -0.904693604 0.832420349 18.5742035 -0.904693604 0.832420349 18.0274563 -1.06521606 -1.19016647 18.0274563 -1.06521606 -1.19016647 18.5742035 -0.904693604 -1.19016647 18.0274563 -1.06521606 -1.19016647 17.480711 -0.904693604 -1.19016647 17.1075516 -0.474029541 -1.19016647 17.0264568 0.0899963379 -1.19016647 17.2631721 0.608337402 -1.19016647 17.7425423 0.916381836 -1.19016647 18.3123703 0.916381836 -1.19016647 18.7917404 0.608337402 -1.19016647 19.0284557 0.0899963379 -1.19016647 18.947361 -0.474029541 </float_array>
          <technique_common>
            <accessor count="55" offset="0" source="#meshesQ22S-positions-array" stride="3">
              <param name="X" type="float" />
              <param name="Y" type="float" />
              <param name="Z" type="float" />
            </accessor>
          </technique_common>
        </source>
        <source id="meshesQ22S-normals" name="meshesQ22S-normals">
          <float_array id="meshesQ22S-normals-array" count="165"> 0 -0.281700671 -0.959502339 0 -0.281700671 -0.959502339 0 -0.281700671 -0.959502339 0 -0.281700671 -0.959502339 0 -0.75580126 -0.654801071 0 -0.75580126 -0.654801071 0 -0.75580126 -0.654801071 0 -0.75580126 -0.654801071 0 -0.989823103 -0.142303318 0 -0.989823103 -0.142303318 0 -0.989823103 -0.142303318 0 -0.989823103 -0.142303318 0 -0.909632146 0.415414691 0 -0.909632146 0.415414691 0 -0.909632146 0.415414691 0 -0.909632146 0.415414691 0 -0.540590823 0.841285765 0 -0.540590823 0.841285765 0 -0.540590823 0.841285765 0 -0.540590823 0.841285765 0 0 1 0 0 1 0 0 1 0 0 1 0 0.540590823 0.841285765 0 0.540590823 0.841285765 0 0.540590823 0.841285765 0 0.540590823 0.841285765 0 0.909632146 0.415414691 0 0.909632146 0.415414691 0 0.909632146 0.415414691 0 0.909632146 0.415414691 0 0.989823103 -0.142303318 0 0.989823103 -0.142303318 0 0.989823103 -0.142303318 0 0.989823103 -0.142303318 0 0.75580126 -0.654801071 0 0.75580126 -0.654801071 0 0.75580126 -0.654801071 0 0.75580126 -0.654801071 0 0.281700671 -0.959502339 0 0.281700671 -0.959502339 0 0.281700671 -0.959502339 0 0.281700671 -0.959502339 -1 0 0 -1 0 0 -1 0 0 -1 0 0 -1 0 0 -1 0 0 -1 0 0 -1 0 0 -1 0 0 -1 0 0 -1 0 0 </float_array>
          <technique_common>
            <accessor count="55" offset="0" source="#meshesQ22S-normals-array" stride="3">
              <param name="X" type="float" />
              <param name="Y" type="float" />
              <param name="Z" type="float" />
            </accessor>
          </technique_common>
        </source>
        <source id="meshesQ22S-tex0" name="meshesQ22S-tex0">
          <float_array id="meshesQ22S-tex0-array" count="110"> -0.42701894 0.499998093 1.59556794 0.499998093 1.59556794 -0.0467472076 -0.42701894 -0.0467472076 -0.42701894 1.35076356 1.59556794 1.35076356 1.59556794 0.920099437 -0.42701894 0.920099437 -0.42701894 0.920099437 1.59556794 0.920099437 1.59556794 0.356073558 -0.42701894 0.356073558 -0.42701894 0.356073558 1.59556794 0.356073558 1.59556794 -0.162267447 -0.42701894 -0.162267447 -0.42701894 -0.264286041 1.59556794 -0.264286041 1.59556794 0.215084076 -0.42701894 0.215084076 -0.42701894 0.215084076 1.59556794 0.215084076 1.59556794 0.784912109 -0.42701894 0.784912109 -0.42701894 0.784912109 1.59556794 0.784912109 1.59556794 1.26428223 -0.42701894 1.26428223 -0.42701894 -0.162267447 1.59556794 -0.162267447 1.59556794 0.356073558 -0.42701894 0.356073558 -0.42701894 0.356073558 1.59556794 0.356073558 1.59556794 0.920099437 -0.42701894 0.920099437 -0.42701894 0.920099437 1.59556794 0.920099437 1.59556794 1.35076356 -0.42701894 1.35076356 -0.42701894 1.0467453 1.59556794 1.0467453 1.59556794 0.499998093 -0.42701894 0.499998093 1.35076356 1.0467453 1.5112859 0.499998093 1.35076356 -0.0467472076 0.920099437 -0.419906616 0.356073558 -0.501001358 -0.162267506 -0.264286041 -0.47031194 0.215084076 -0.47031194 0.784912109 -0.162267506 1.26428223 0.356073558 1.50099754 0.920099437 1.4199028 </float_array>
          <technique_common>
            <accessor count="55" offset="0" source="#meshesQ22S-tex0-array" stride="2">
              <param name="S" type="float" />
              <param name="T" type="float" />
            </accessor>
          </technique_common>
        </source>
        <source id="meshesQ22S-tex1" name="meshesQ22S-tex1">
          <float_array id="meshesQ22S-tex1-array" count="110"> 1 0.5 1 1 0.909090877 1 0.909090877 0.5 0.909090877 0.5 0.909090877 1 0.818181753 1 0.818181753 0.5 0.818181753 0.5 0.818181753 1 0.72727263 1 0.72727263 0.5 0.72727263 0.5 0.72727263 1 0.636363506 1 0.636363506 0.5 0.636363506 0.5 0.636363506 1 0.545454383 1 0.545454383 0.5 0.545454383 0.5 0.545454383 1 0.454545289 1 0.454545289 0.5 0.454545289 0.5 0.454545289 1 0.363636196 1 0.363636196 0.5 0.363636196 0.5 0.363636196 1 0.272727102 1 0.272727102 0.5 0.272727102 0.5 0.272727102 1 0.181818008 1 0.181818008 0.5 0.181818008 0.5 0.181818008 1 0.0909089148 1 0.0909089148 0.5 0.0909089148 0.5 0.0909089148 1 -1.78813934e-07 1 -1.78813934e-07 0.5 0.620246172 0.45190084 0.75 0.49000001 0.879753828 0.45190084 0.968311667 0.349699616 0.987557173 0.215844452 0.931379914 0.0928333998 0.817615807 0.0197216868 0.682384193 0.0197216868 0.568620086 0.0928333998 0.512442827 0.215844452 0.531688333 0.349699616 </float_array>
          <technique_common>
            <accessor count="55" offset="0" source="#meshesQ22S-tex1-array" stride="2">
              <param name="S" type="float" />
              <param name="T" type="float" />
            </accessor>
          </technique_common>
        </source>
        <source id="meshesQ22S-tex2" name="meshesQ22S-tex2">
          <float_array id="meshesQ22S-tex2-array" count="110"> -0.42701894 0.499998093 1.59556794 0.499998093 1.59556794 -0.0467472076 -0.42701894 -0.0467472076 -0.42701894 1.35076356 1.59556794 1.35076356 1.59556794 0.920099437 -0.42701894 0.920099437 -0.42701894 0.920099437 1.59556794 0.920099437 1.59556794 0.356073558 -0.42701894 0.356073558 -0.42701894 0.356073558 1.59556794 0.356073558 1.59556794 -0.162267447 -0.42701894 -0.162267447 -0.42701894 -0.264286041 1.59556794 -0.264286041 1.59556794 0.215084076 -0.42701894 0.215084076 -0.42701894 0.215084076 1.59556794 0.215084076 1.59556794 0.784912109 -0.42701894 0.784912109 -0.42701894 0.784912109 1.59556794 0.784912109 1.59556794 1.26428223 -0.42701894 1.26428223 -0.42701894 -0.162267447 1.59556794 -0.162267447 1.59556794 0.356073558 -0.42701894 0.356073558 -0.42701894 0.356073558 1.59556794 0.356073558 1.59556794 0.920099437 -0.42701894 0.920099437 -0.42701894 0.920099437 1.59556794 0.920099437 1.59556794 1.35076356 -0.42701894 1.35076356 -0.42701894 1.0467453 1.59556794 1.0467453 1.59556794 0.499998093 -0.42701894 0.499998093 1.35076356 1.0467453 1.5112859 0.499998093 1.35076356 -0.0467472076 0.920099437 -0.419906616 0.356073558 -0.501001358 -0.162267506 -0.264286041 -0.47031194 0.215084076 -0.47031194 0.784912109 -0.162267506 1.26428223 0.356073558 1.50099754 0.920099437 1.4199028 </float_array>
          <technique_common>
            <accessor count="55" offset="0" source="#meshesQ22S-tex2-array" stride="2">
              <param name="S" type="float" />
              <param name="T" type="float" />
            </accessor>
          </technique_common>
        </source>
        <source id="meshesQ22S-tex3" name="meshesQ22S-tex3">
          <float_array id="meshesQ22S-tex3-array" count="110"> -0.42701894 0.499998093 1.59556794 0.499998093 1.59556794 -0.0467472076 -0.42701894 -0.0467472076 -0.42701894 1.35076356 1.59556794 1.35076356 1.59556794 0.920099437 -0.42701894 0.920099437 -0.42701894 0.920099437 1.59556794 0.920099437 1.59556794 0.356073558 -0.42701894 0.356073558 -0.42701894 0.356073558 1.59556794 0.356073558 1.59556794 -0.162267447 -0.42701894 -0.162267447 -0.42701894 -0.264286041 1.59556794 -0.264286041 1.59556794 0.215084076 -0.42701894 0.215084076 -0.42701894 0.215084076 1.59556794 0.215084076 1.59556794 0.784912109 -0.42701894 0.784912109 -0.42701894 0.784912109 1.59556794 0.784912109 1.59556794 1.26428223 -0.42701894 1.26428223 -0.42701894 -0.162267447 1.59556794 -0.162267447 1.59556794 0.356073558 -0.42701894 0.356073558 -0.42701894 0.356073558 1.59556794 0.356073558 1.59556794 0.920099437 -0.42701894 0.920099437 -0.42701894 0.920099437 1.59556794 0.920099437 1.59556794 1.35076356 -0.42701894 1.35076356 -0.42701894 1.0467453 1.59556794 1.0467453 1.59556794 0.499998093 -0.42701894 0.499998093 1.35076356 1.0467453 1.5112859 0.499998093 1.35076356 -0.0467472076 0.920099437 -0.419906616 0.356073558 -0.501001358 -0.162267506 -0.264286041 -0.47031194 0.215084076 -0.47031194 0.784912109 -0.162267506 1.26428223 0.356073558 1.50099754 0.920099437 1.4199028 </float_array>
          <technique_common>
            <accessor count="55" offset="0" source="#meshesQ22S-tex3-array" stride="2">
              <param name="S" type="float" />
              <param name="T" type="float" />
            </accessor>
          </technique_common>
        </source>
        <source id="meshesQ22S-tex4" name="meshesQ22S-tex4">
          <float_array id="meshesQ22S-tex4-array" count="110"> -0.42701894 0.499998093 1.59556794 0.499998093 1.59556794 -0.0467472076 -0.42701894 -0.0467472076 -0.42701894 1.35076356 1.59556794 1.35076356 1.59556794 0.920099437 -0.42701894 0.920099437 -0.42701894 0.920099437 1.59556794 0.920099437 1.59556794 0.356073558 -0.42701894 0.356073558 -0.42701894 0.356073558 1.59556794 0.356073558 1.59556794 -0.162267447 -0.42701894 -0.162267447 -0.42701894 -0.264286041 1.59556794 -0.264286041 1.59556794 0.215084076 -0.42701894 0.215084076 -0.42701894 0.215084076 1.59556794 0.215084076 1.59556794 0.784912109 -0.42701894 0.784912109 -0.42701894 0.784912109 1.59556794 0.784912109 1.59556794 1.26428223 -0.42701894 1.26428223 -0.42701894 -0.162267447 1.59556794 -0.162267447 1.59556794 0.356073558 -0.42701894 0.356073558 -0.42701894 0.356073558 1.59556794 0.356073558 1.59556794 0.920099437 -0.42701894 0.920099437 -0.42701894 0.920099437 1.59556794 0.920099437 1.59556794 1.35076356 -0.42701894 1.35076356 -0.42701894 1.0467453 1.59556794 1.0467453 1.59556794 0.499998093 -0.42701894 0.499998093 1.35076356 1.0467453 1.5112859 0.499998093 1.35076356 -0.0467472076 0.920099437 -0.419906616 0.356073558 -0.501001358 -0.162267506 -0.264286041 -0.47031194 0.215084076 -0.47031194 0.784912109 -0.162267506 1.26428223 0.356073558 1.50099754 0.920099437 1.4199028 </float_array>
          <technique_common>
            <accessor count="55" offset="0" source="#meshesQ22S-tex4-array" stride="2">
              <param name="S" type="float" />
              <param name="T" type="float" />
            </accessor>
          </technique_common>
        </source>
        <source id="meshesQ22S-tex5" name="meshesQ22S-tex5">
          <float_array id="meshesQ22S-tex5-array" count="110"> -0.42701894 0.499998093 1.59556794 0.499998093 1.59556794 -0.0467472076 -0.42701894 -0.0467472076 -0.42701894 1.35076356 1.59556794 1.35076356 1.59556794 0.920099437 -0.42701894 0.920099437 -0.42701894 0.920099437 1.59556794 0.920099437 1.59556794 0.356073558 -0.42701894 0.356073558 -0.42701894 0.356073558 1.59556794 0.356073558 1.59556794 -0.162267447 -0.42701894 -0.162267447 -0.42701894 -0.264286041 1.59556794 -0.264286041 1.59556794 0.215084076 -0.42701894 0.215084076 -0.42701894 0.215084076 1.59556794 0.215084076 1.59556794 0.784912109 -0.42701894 0.784912109 -0.42701894 0.784912109 1.59556794 0.784912109 1.59556794 1.26428223 -0.42701894 1.26428223 -0.42701894 -0.162267447 1.59556794 -0.162267447 1.59556794 0.356073558 -0.42701894 0.356073558 -0.42701894 0.356073558 1.59556794 0.356073558 1.59556794 0.920099437 -0.42701894 0.920099437 -0.42701894 0.920099437 1.59556794 0.920099437 1.59556794 1.35076356 -0.42701894 1.35076356 -0.42701894 1.0467453 1.59556794 1.0467453 1.59556794 0.499998093 -0.42701894 0.499998093 1.35076356 1.0467453 1.5112859 0.499998093 1.35076356 -0.0467472076 0.920099437 -0.419906616 0.356073558 -0.501001358 -0.162267506 -0.264286041 -0.47031194 0.215084076 -0.47031194 0.784912109 -0.162267506 1.26428223 0.356073558 1.50099754 0.920099437 1.4199028 </float_array>
          <technique_common>
            <accessor count="55" offset="0" source="#meshesQ22S-tex5-array" stride="2">
              <param name="S" type="float" />
              <param name="T" type="float" />
            </accessor>
          </technique_common>
        </source>
        <vertices id="meshesQ22S-vertices">
          <input semantic="POSITION" source="#meshesQ22S-positions" />
        </vertices>
        <polylist count="31" material="defaultMaterial">
          <input offset="0" semantic="VERTEX" source="#meshesQ22S-vertices" />
          <input offset="0" semantic="NORMAL" source="#meshesQ22S-normals" />
          <input offset="0" semantic="TEXCOORD" source="#meshesQ22S-tex0" set="0" />
          <input offset="0" semantic="TEXCOORD" source="#meshesQ22S-tex1" set="1" />
          <input offset="0" semantic="TEXCOORD" source="#meshesQ22S-tex2" set="2" />
          <input offset="0" semantic="TEXCOORD" source="#meshesQ22S-tex3" set="3" />
          <input offset="0" semantic="TEXCOORD" source="#meshesQ22S-tex4" set="4" />
          <input offset="0" semantic="TEXCOORD" source="#meshesQ22S-tex5" set="5" />
          <vcount>3 3 3 3 3 3 3 3 3 3 3 3 3 3 3 3 3 3 3 3 3 3 3 3 3 3 3 3 3 3 3 </vcount>
          <p>0 1 2 0 2 3 4 5 6 4 6 7 8 9 10 8 10 11 12 13 14 12 14 15 16 17 18 16 18 19 20 21 22 20 22 23 24 25 26 24 26 27 28 29 30 28 30 31 32 33 34 32 34 35 36 37 38 36 38 39 40 41 42 40 42 43 44 45 46 46 47 48 48 49 50 50 51 52 52 53 54 54 44 46 46 48 50 50 52 54 46 50 54 </p>
        </polylist>
      </mesh>
    </geometry>
    <geometry id="meshesQ23S" name="meshes[23]" >
      <mesh>
        <source id="meshesQ23S-positions" name="meshesQ23S-positions">
          <float_array id="meshesQ23S-positions-array" count="33"> 0.832420349 17.1075516 -0.474029541 0.832420349 17.480711 -0.904693604 0.832420349 18.0274563 -1.06521606 0.832420349 18.5742035 -0.904693604 0.832420349 18.947361 -0.474029541 0.832420349 19.0284557 0.0899963379 0.832420349 18.7917404 0.608337402 0.832420349 18.3123703 0.916381836 0.832420349 17.7425423 0.916381836 0.832420349 17.2631721 0.608337402 0.832420349 17.0264568 0.0899963379 </float_array>
          <technique_common>
            <accessor count="11" offset="0" source="#meshesQ23S-positions-array" stride="3">
              <param name="X" type="float" />
              <param name="Y" type="float" />
              <param name="Z" type="float" />
            </accessor>
          </technique_common>
        </source>
        <source id="meshesQ23S-normals" name="meshesQ23S-normals">
          <float_array id="meshesQ23S-normals-array" count="33"> 1 0 0 1 0 0 1 0 0 1 0 0 1 0 0 1 0 0 1 0 0 1 0 0 1 0 0 1 0 0 1 0 0 </float_array>
          <technique_common>
            <accessor count="11" offset="0" source="#meshesQ23S-normals-array" stride="3">
              <param name="X" type="float" />
              <param name="Y" type="float" />
              <param name="Z" type="float" />
            </accessor>
          </technique_common>
        </source>
        <source id="meshesQ23S-tex0" name="meshesQ23S-tex0">
          <float_array id="meshesQ23S-tex0-array" count="22"> 0.468311667 0.349699616 0.379753798 0.45190084 0.25 0.49000001 0.120246202 0.45190084 0.0316883326 0.349699616 0.012442857 0.215844452 0.0686201155 0.0928333998 0.182384178 0.0197216868 0.317615807 0.0197216868 0.431379884 0.0928333998 0.487557143 0.215844452 </float_array>
          <technique_common>
            <accessor count="11" offset="0" source="#meshesQ23S-tex0-array" stride="2">
              <param name="S" type="float" />
              <param name="T" type="float" />
            </accessor>
          </technique_common>
        </source>
        <vertices id="meshesQ23S-vertices">
          <input semantic="POSITION" source="#meshesQ23S-positions" />
        </vertices>
        <polylist count="9" material="defaultMaterial">
          <input offset="0" semantic="VERTEX" source="#meshesQ23S-vertices" />
          <input offset="0" semantic="NORMAL" source="#meshesQ23S-normals" />
          <input offset="0" semantic="TEXCOORD" source="#meshesQ23S-tex0" set="0" />
          <vcount>3 3 3 3 3 3 3 3 3 </vcount>
          <p>0 1 2 2 3 4 4 5 6 6 7 8 8 9 10 10 0 2 2 4 6 6 8 10 2 6 10 </p>
        </polylist>
      </mesh>
    </geometry>
  </library_geometries>
  <library_controllers>
  </library_controllers>
  <library_visual_scenes>
    <visual_scene id="Sketchfab_Scene" name="Sketchfab_Scene">
      <node id="Sketchfab_model" name="Sketchfab_model" type="NODE">
        <matrix sid="matrix">1 0 0 0 0 2.22044605e-16 1 0 0 -1 2.22044605e-16 0 0 0 0 1</matrix>
        <node id="root" name="root" type="NODE">
          <matrix sid="matrix">1 0 0 0 0 1 0 0 0 0 1 0 0 0 0 1</matrix>
          <node id="GLTF_SceneRootNode" name="GLTF_SceneRootNode" type="NODE">
            <matrix sid="matrix">1 0 0 0 0 2.22044605e-16 -1 0 0 1 2.22044605e-16 0 0 0 0 1</matrix>
            <node id="Cylinder052_0" name="Cylinder052_0" type="NODE">
              <matrix sid="matrix">3.30616415e-16 1.58787847 0 0.0281667709 -0.744481981 7.05159693e-16 0 25.586401 0 0 1.58787847 0.194442749 0 0 0 1</matrix>
              <node id="Object_4" name="Object_4" type="NODE">
                <matrix sid="matrix">1 0 0 0 0 1 0 0 0 0 1 0 0 0 0 1</matrix>
                <instance_geometry url="#meshesQ0S">
                  <bind_material>
                    <technique_common>
                      <instance_material symbol="defaultMaterial" target="#Scratched_black_metal">
                        <bind_vertex_input semantic="CHANNEL0" input_semantic="TEXCOORD" input_set="0"/>
                        <bind_vertex_input semantic="CHANNEL1" input_semantic="TEXCOORD" input_set="1"/>
                        <bind_vertex_input semantic="CHANNEL2" input_semantic="TEXCOORD" input_set="2"/>
                        <bind_vertex_input semantic="CHANNEL3" input_semantic="TEXCOORD" input_set="3"/>
                        <bind_vertex_input semantic="CHANNEL4" input_semantic="TEXCOORD" input_set="4"/>
                      </instance_material>
                    </technique_common>
                  </bind_material>
                </instance_geometry>
              </node>
            </node>
            <node id="Cylinder051_1" name="Cylinder051_1" type="NODE">
              <matrix sid="matrix">-0.999999881 0 -0.000452861539 1.51296902 0 1 0 -0.106735229 0.000452861539 0 -0.999999881 0.158050537 0 0 0 1</matrix>
              <node id="Object_6" name="Object_6" type="NODE">
                <matrix sid="matrix">1 0 0 0 0 1 0 0 0 0 1 0 0 0 0 1</matrix>
                <instance_geometry url="#meshesQ1S">
                  <bind_material>
                    <technique_common>
                      <instance_material symbol="defaultMaterial" target="#Scratched_black_metal">
                        <bind_vertex_input semantic="CHANNEL0" input_semantic="TEXCOORD" input_set="0"/>
                        <bind_vertex_input semantic="CHANNEL1" input_semantic="TEXCOORD" input_set="1"/>
                        <bind_vertex_input semantic="CHANNEL2" input_semantic="TEXCOORD" input_set="2"/>
                        <bind_vertex_input semantic="CHANNEL3" input_semantic="TEXCOORD" input_set="3"/>
                        <bind_vertex_input semantic="CHANNEL4" input_semantic="TEXCOORD" input_set="4"/>
                      </instance_material>
                    </technique_common>
                  </bind_material>
                </instance_geometry>
              </node>
            </node>
            <node id="Cylinder050_2" name="Cylinder050_2" type="NODE">
              <matrix sid="matrix">-0.999999881 0 -0.000452861539 1.51296902 0 1 0 -0.106735229 0.000452861539 0 -0.999999881 0.158050537 0 0 0 1</matrix>
              <node id="Object_8" name="Object_8" type="NODE">
                <matrix sid="matrix">1 0 0 0 0 1 0 0 0 0 1 0 0 0 0 1</matrix>
                <instance_geometry url="#meshesQ2S">
                  <bind_material>
                    <technique_common>
                      <instance_material symbol="defaultMaterial" target="#Scratched_black_metal">
                        <bind_vertex_input semantic="CHANNEL0" input_semantic="TEXCOORD" input_set="0"/>
                        <bind_vertex_input semantic="CHANNEL1" input_semantic="TEXCOORD" input_set="1"/>
                        <bind_vertex_input semantic="CHANNEL2" input_semantic="TEXCOORD" input_set="2"/>
                        <bind_vertex_input semantic="CHANNEL3" input_semantic="TEXCOORD" input_set="3"/>
                        <bind_vertex_input semantic="CHANNEL4" input_semantic="TEXCOORD" input_set="4"/>
                      </instance_material>
                    </technique_common>
                  </bind_material>
                </instance_geometry>
              </node>
            </node>
            <node id="Cylinder049_3" name="Cylinder049_3" type="NODE">
              <matrix sid="matrix">-0.999999881 0 -0.000452861539 1.51296902 0 1 0 -0.106735229 0.000452861539 0 -0.999999881 0.158050537 0 0 0 1</matrix>
              <node id="Object_10" name="Object_10" type="NODE">
                <matrix sid="matrix">1 0 0 0 0 1 0 0 0 0 1 0 0 0 0 1</matrix>
                <instance_geometry url="#meshesQ3S">
                  <bind_material>
                    <technique_common>
                      <instance_material symbol="defaultMaterial" target="#Red_leather">
                        <bind_vertex_input semantic="CHANNEL0" input_semantic="TEXCOORD" input_set="0"/>
                        <bind_vertex_input semantic="CHANNEL1" input_semantic="TEXCOORD" input_set="1"/>
                        <bind_vertex_input semantic="CHANNEL2" input_semantic="TEXCOORD" input_set="2"/>
                        <bind_vertex_input semantic="CHANNEL3" input_semantic="TEXCOORD" input_set="3"/>
                        <bind_vertex_input semantic="CHANNEL4" input_semantic="TEXCOORD" input_set="4"/>
                        <bind_vertex_input semantic="CHANNEL5" input_semantic="TEXCOORD" input_set="5"/>
                      </instance_material>
                    </technique_common>
                  </bind_material>
                </instance_geometry>
              </node>
            </node>
            <node id="Cylinder048_4" name="Cylinder048_4" type="NODE">
              <matrix sid="matrix">-0.999999881 0 -0.000452861539 1.51296902 0 1 0 -0.106735229 0.000452861539 0 -0.999999881 0.158050537 0 0 0 1</matrix>
              <node id="Object_12" name="Object_12" type="NODE">
                <matrix sid="matrix">1 0 0 0 0 1 0 0 0 0 1 0 0 0 0 1</matrix>
                <instance_geometry url="#meshesQ4S">
                  <bind_material>
                    <technique_common>
                      <instance_material symbol="defaultMaterial" target="#Yellow_leather">
                        <bind_vertex_input semantic="CHANNEL0" input_semantic="TEXCOORD" input_set="0"/>
                        <bind_vertex_input semantic="CHANNEL1" input_semantic="TEXCOORD" input_set="1"/>
                        <bind_vertex_input semantic="CHANNEL2" input_semantic="TEXCOORD" input_set="2"/>
                        <bind_vertex_input semantic="CHANNEL3" input_semantic="TEXCOORD" input_set="3"/>
                        <bind_vertex_input semantic="CHANNEL4" input_semantic="TEXCOORD" input_set="4"/>
                        <bind_vertex_input semantic="CHANNEL5" input_semantic="TEXCOORD" input_set="5"/>
                      </instance_material>
                    </technique_common>
                  </bind_material>
                </instance_geometry>
              </node>
            </node>
            <node id="Cylinder047_5" name="Cylinder047_5" type="NODE">
              <matrix sid="matrix">-0.999999881 0 -0.000452861539 1.51296902 0 1 0 -0.106735229 0.000452861539 0 -0.999999881 0.158050537 0 0 0 1</matrix>
              <node id="Object_14" name="Object_14" type="NODE">
                <matrix sid="matrix">1 0 0 0 0 1 0 0 0 0 1 0 0 0 0 1</matrix>
                <instance_geometry url="#meshesQ5S">
                  <bind_material>
                    <technique_common>
                      <instance_material symbol="defaultMaterial" target="#Green_leather">
                        <bind_vertex_input semantic="CHANNEL0" input_semantic="TEXCOORD" input_set="0"/>
                        <bind_vertex_input semantic="CHANNEL1" input_semantic="TEXCOORD" input_set="1"/>
                        <bind_vertex_input semantic="CHANNEL2" input_semantic="TEXCOORD" input_set="2"/>
                        <bind_vertex_input semantic="CHANNEL3" input_semantic="TEXCOORD" input_set="3"/>
                        <bind_vertex_input semantic="CHANNEL4" input_semantic="TEXCOORD" input_set="4"/>
                        <bind_vertex_input semantic="CHANNEL5" input_semantic="TEXCOORD" input_set="5"/>
                      </instance_material>
                    </technique_common>
                  </bind_material>
                </instance_geometry>
              </node>
            </node>
            <node id="Cylinder046_6" name="Cylinder046_6" type="NODE">
              <matrix sid="matrix">7.33355191e-05 0 -1 -0.0155801773 0 1 0 -0.106735229 1 0 7.33355191e-05 -1.27020264 0 0 0 1</matrix>
              <node id="Object_16" name="Object_16" type="NODE">
                <matrix sid="matrix">1 0 0 0 0 1 0 0 0 0 1 0 0 0 0 1</matrix>
                <instance_geometry url="#meshesQ6S">
                  <bind_material>
                    <technique_common>
                      <instance_material symbol="defaultMaterial" target="#Scratched_black_metal">
                        <bind_vertex_input semantic="CHANNEL0" input_semantic="TEXCOORD" input_set="0"/>
                        <bind_vertex_input semantic="CHANNEL1" input_semantic="TEXCOORD" input_set="1"/>
                        <bind_vertex_input semantic="CHANNEL2" input_semantic="TEXCOORD" input_set="2"/>
                        <bind_vertex_input semantic="CHANNEL3" input_semantic="TEXCOORD" input_set="3"/>
                        <bind_vertex_input semantic="CHANNEL4" input_semantic="TEXCOORD" input_set="4"/>
                      </instance_material>
                    </technique_common>
                  </bind_material>
                </instance_geometry>
              </node>
            </node>
            <node id="Cylinder045_7" name="Cylinder045_7" type="NODE">
              <matrix sid="matrix">7.33355191e-05 0 -1 -0.0155801773 0 1 0 -0.106735229 1 0 7.33355191e-05 -1.27020264 0 0 0 1</matrix>
              <node id="Object_18" name="Object_18" type="NODE">
                <matrix sid="matrix">1 0 0 0 0 1 0 0 0 0 1 0 0 0 0 1</matrix>
                <instance_geometry url="#meshesQ7S">
                  <bind_material>
                    <technique_common>
                      <instance_material symbol="defaultMaterial" target="#Scratched_black_metal">
                        <bind_vertex_input semantic="CHANNEL0" input_semantic="TEXCOORD" input_set="0"/>
                        <bind_vertex_input semantic="CHANNEL1" input_semantic="TEXCOORD" input_set="1"/>
                        <bind_vertex_input semantic="CHANNEL2" input_semantic="TEXCOORD" input_set="2"/>
                        <bind_vertex_input semantic="CHANNEL3" input_semantic="TEXCOORD" input_set="3"/>
                        <bind_vertex_input semantic="CHANNEL4" input_semantic="TEXCOORD" input_set="4"/>
                      </instance_material>
                    </technique_common>
                  </bind_material>
                </instance_geometry>
              </node>
            </node>
            <node id="Cylinder044_8" name="Cylinder044_8" type="NODE">
              <matrix sid="matrix">7.33355191e-05 0 -1 -0.0155801773 0 1 0 -0.106735229 1 0 7.33355191e-05 -1.27020264 0 0 0 1</matrix>
              <node id="Object_20" name="Object_20" type="NODE">
                <matrix sid="matrix">1 0 0 0 0 1 0 0 0 0 1 0 0 0 0 1</matrix>
                <instance_geometry url="#meshesQ8S">
                  <bind_material>
                    <technique_common>
                      <instance_material symbol="defaultMaterial" target="#Red_leather">
                        <bind_vertex_input semantic="CHANNEL0" input_semantic="TEXCOORD" input_set="0"/>
                        <bind_vertex_input semantic="CHANNEL1" input_semantic="TEXCOORD" input_set="1"/>
                        <bind_vertex_input semantic="CHANNEL2" input_semantic="TEXCOORD" input_set="2"/>
                        <bind_vertex_input semantic="CHANNEL3" input_semantic="TEXCOORD" input_set="3"/>
                        <bind_vertex_input semantic="CHANNEL4" input_semantic="TEXCOORD" input_set="4"/>
                        <bind_vertex_input semantic="CHANNEL5" input_semantic="TEXCOORD" input_set="5"/>
                      </instance_material>
                    </technique_common>
                  </bind_material>
                </instance_geometry>
              </node>
            </node>
            <node id="Cylinder043_9" name="Cylinder043_9" type="NODE">
              <matrix sid="matrix">7.33355191e-05 0 -1 -0.0155801773 0 1 0 -0.106735229 1 0 7.33355191e-05 -1.27020264 0 0 0 1</matrix>
              <node id="Object_22" name="Object_22" type="NODE">
                <matrix sid="matrix">1 0 0 0 0 1 0 0 0 0 1 0 0 0 0 1</matrix>
                <instance_geometry url="#meshesQ9S">
                  <bind_material>
                    <technique_common>
                      <instance_material symbol="defaultMaterial" target="#Yellow_leather">
                        <bind_vertex_input semantic="CHANNEL0" input_semantic="TEXCOORD" input_set="0"/>
                        <bind_vertex_input semantic="CHANNEL1" input_semantic="TEXCOORD" input_set="1"/>
                        <bind_vertex_input semantic="CHANNEL2" input_semantic="TEXCOORD" input_set="2"/>
                        <bind_vertex_input semantic="CHANNEL3" input_semantic="TEXCOORD" input_set="3"/>
                        <bind_vertex_input semantic="CHANNEL4" input_semantic="TEXCOORD" input_set="4"/>
                        <bind_vertex_input semantic="CHANNEL5" input_semantic="TEXCOORD" input_set="5"/>
                      </instance_material>
                    </technique_common>
                  </bind_material>
                </instance_geometry>
              </node>
            </node>
            <node id="Cylinder042_10" name="Cylinder042_10" type="NODE">
              <matrix sid="matrix">7.33355191e-05 0 -1 -0.0155801773 0 1 0 -0.106735229 1 0 7.33355191e-05 -1.27020264 0 0 0 1</matrix>
              <node id="Object_24" name="Object_24" type="NODE">
                <matrix sid="matrix">1 0 0 0 0 1 0 0 0 0 1 0 0 0 0 1</matrix>
                <instance_geometry url="#meshesQ10S">
                  <bind_material>
                    <technique_common>
                      <instance_material symbol="defaultMaterial" target="#Green_leather">
                        <bind_vertex_input semantic="CHANNEL0" input_semantic="TEXCOORD" input_set="0"/>
                        <bind_vertex_input semantic="CHANNEL1" input_semantic="TEXCOORD" input_set="1"/>
                        <bind_vertex_input semantic="CHANNEL2" input_semantic="TEXCOORD" input_set="2"/>
                        <bind_vertex_input semantic="CHANNEL3" input_semantic="TEXCOORD" input_set="3"/>
                        <bind_vertex_input semantic="CHANNEL4" input_semantic="TEXCOORD" input_set="4"/>
                        <bind_vertex_input semantic="CHANNEL5" input_semantic="TEXCOORD" input_set="5"/>
                      </instance_material>
                    </technique_common>
                  </bind_material>
                </instance_geometry>
              </node>
            </node>
            <node id="Cylinder041_11" name="Cylinder041_11" type="NODE">
              <matrix sid="matrix">2.22044605e-16 0 1 0.0900640488 0 1 0 -0.106735229 -1 0 2.22044605e-16 1.72871399 0 0 0 1</matrix>
              <node id="Object_26" name="Object_26" type="NODE">
                <matrix sid="matrix">1 0 0 0 0 1 0 0 0 0 1 0 0 0 0 1</matrix>
                <instance_geometry url="#meshesQ11S">
                  <bind_material>
                    <technique_common>
                      <instance_material symbol="defaultMaterial" target="#Scratched_black_metal">
                        <bind_vertex_input semantic="CHANNEL0" input_semantic="TEXCOORD" input_set="0"/>
                        <bind_vertex_input semantic="CHANNEL1" input_semantic="TEXCOORD" input_set="1"/>
                        <bind_vertex_input semantic="CHANNEL2" input_semantic="TEXCOORD" input_set="2"/>
                        <bind_vertex_input semantic="CHANNEL3" input_semantic="TEXCOORD" input_set="3"/>
                        <bind_vertex_input semantic="CHANNEL4" input_semantic="TEXCOORD" input_set="4"/>
                      </instance_material>
                    </technique_common>
                  </bind_material>
                </instance_geometry>
              </node>
            </node>
            <node id="Cylinder040_12" name="Cylinder040_12" type="NODE">
              <matrix sid="matrix">2.22044605e-16 0 1 0.0900640488 0 1 0 -0.106735229 -1 0 2.22044605e-16 1.72871399 0 0 0 1</matrix>
              <node id="Object_28" name="Object_28" type="NODE">
                <matrix sid="matrix">1 0 0 0 0 1 0 0 0 0 1 0 0 0 0 1</matrix>
                <instance_geometry url="#meshesQ12S">
                  <bind_material>
                    <technique_common>
                      <instance_material symbol="defaultMaterial" target="#Scratched_black_metal">
                        <bind_vertex_input semantic="CHANNEL0" input_semantic="TEXCOORD" input_set="0"/>
                        <bind_vertex_input semantic="CHANNEL1" input_semantic="TEXCOORD" input_set="1"/>
                        <bind_vertex_input semantic="CHANNEL2" input_semantic="TEXCOORD" input_set="2"/>
                        <bind_vertex_input semantic="CHANNEL3" input_semantic="TEXCOORD" input_set="3"/>
                        <bind_vertex_input semantic="CHANNEL4" input_semantic="TEXCOORD" input_set="4"/>
                      </instance_material>
                    </technique_common>
                  </bind_material>
                </instance_geometry>
              </node>
            </node>
            <node id="Cylinder039_13" name="Cylinder039_13" type="NODE">
              <matrix sid="matrix">2.22044605e-16 0 1 0.0900640488 0 1 0 -0.106735229 -1 0 2.22044605e-16 1.72871399 0 0 0 1</matrix>
              <node id="Object_30" name="Object_30" type="NODE">
                <matrix sid="matrix">1 0 0 0 0 1 0 0 0 0 1 0 0 0 0 1</matrix>
                <instance_geometry url="#meshesQ13S">
                  <bind_material>
                    <technique_common>
                      <instance_material symbol="defaultMaterial" target="#Red_leather">
                        <bind_vertex_input semantic="CHANNEL0" input_semantic="TEXCOORD" input_set="0"/>
                        <bind_vertex_input semantic="CHANNEL1" input_semantic="TEXCOORD" input_set="1"/>
                        <bind_vertex_input semantic="CHANNEL2" input_semantic="TEXCOORD" input_set="2"/>
                        <bind_vertex_input semantic="CHANNEL3" input_semantic="TEXCOORD" input_set="3"/>
                        <bind_vertex_input semantic="CHANNEL4" input_semantic="TEXCOORD" input_set="4"/>
                        <bind_vertex_input semantic="CHANNEL5" input_semantic="TEXCOORD" input_set="5"/>
                      </instance_material>
                    </technique_common>
                  </bind_material>
                </instance_geometry>
              </node>
            </node>
            <node id="Cylinder038_14" name="Cylinder038_14" type="NODE">
              <matrix sid="matrix">2.22044605e-16 0 1 0.0900640488 0 1 0 -0.106735229 -1 0 2.22044605e-16 1.72871399 0 0 0 1</matrix>
              <node id="Object_32" name="Object_32" type="NODE">
                <matrix sid="matrix">1 0 0 0 0 1 0 0 0 0 1 0 0 0 0 1</matrix>
                <instance_geometry url="#meshesQ14S">
                  <bind_material>
                    <technique_common>
                      <instance_material symbol="defaultMaterial" target="#Yellow_leather">
                        <bind_vertex_input semantic="CHANNEL0" input_semantic="TEXCOORD" input_set="0"/>
                        <bind_vertex_input semantic="CHANNEL1" input_semantic="TEXCOORD" input_set="1"/>
                        <bind_vertex_input semantic="CHANNEL2" input_semantic="TEXCOORD" input_set="2"/>
                        <bind_vertex_input semantic="CHANNEL3" input_semantic="TEXCOORD" input_set="3"/>
                        <bind_vertex_input semantic="CHANNEL4" input_semantic="TEXCOORD" input_set="4"/>
                        <bind_vertex_input semantic="CHANNEL5" input_semantic="TEXCOORD" input_set="5"/>
                      </instance_material>
                    </technique_common>
                  </bind_material>
                </instance_geometry>
              </node>
            </node>
            <node id="Cylinder037_15" name="Cylinder037_15" type="NODE">
              <matrix sid="matrix">2.22044605e-16 0 1 0.0900640488 0 1 0 -0.106735229 -1 0 2.22044605e-16 1.72871399 0 0 0 1</matrix>
              <node id="Object_34" name="Object_34" type="NODE">
                <matrix sid="matrix">1 0 0 0 0 1 0 0 0 0 1 0 0 0 0 1</matrix>
                <instance_geometry url="#meshesQ15S">
                  <bind_material>
                    <technique_common>
                      <instance_material symbol="defaultMaterial" target="#Green_leather">
                        <bind_vertex_input semantic="CHANNEL0" input_semantic="TEXCOORD" input_set="0"/>
                        <bind_vertex_input semantic="CHANNEL1" input_semantic="TEXCOORD" input_set="1"/>
                        <bind_vertex_input semantic="CHANNEL2" input_semantic="TEXCOORD" input_set="2"/>
                        <bind_vertex_input semantic="CHANNEL3" input_semantic="TEXCOORD" input_set="3"/>
                        <bind_vertex_input semantic="CHANNEL4" input_semantic="TEXCOORD" input_set="4"/>
                        <bind_vertex_input semantic="CHANNEL5" input_semantic="TEXCOORD" input_set="5"/>
                      </instance_material>
                    </technique_common>
                  </bind_material>
                </instance_geometry>
              </node>
            </node>
            <node id="Cylinder018_16" name="Cylinder018_16" type="NODE">
              <matrix sid="matrix">2.7364285 0 0 -3.05737019 0 0.589530587 0 -0.106735229 0 0 2.7364285 0.277709961 0 0 0 1</matrix>
              <node id="Object_36" name="Object_36" type="NODE">
                <matrix sid="matrix">1 0 0 0 0 1 0 0 0 0 1 0 0 0 0 1</matrix>
                <instance_geometry url="#meshesQ16S">
                  <bind_material>
                    <technique_common>
                      <instance_material symbol="defaultMaterial" target="#Scratched_black_metal">
                        <bind_vertex_input semantic="CHANNEL0" input_semantic="TEXCOORD" input_set="0"/>
                        <bind_vertex_input semantic="CHANNEL1" input_semantic="TEXCOORD" input_set="1"/>
                        <bind_vertex_input semantic="CHANNEL2" input_semantic="TEXCOORD" input_set="2"/>
                        <bind_vertex_input semantic="CHANNEL3" input_semantic="TEXCOORD" input_set="3"/>
                        <bind_vertex_input semantic="CHANNEL4" input_semantic="TEXCOORD" input_set="4"/>
                      </instance_material>
                    </technique_common>
                  </bind_material>
                </instance_geometry>
              </node>
            </node>
            <node id="Cylinder017_17" name="Cylinder017_17" type="NODE">
              <matrix sid="matrix">1 0 0 -1.45250797 0 1 0 -0.106735229 0 0 1 0.277709961 0 0 0 1</matrix>
              <node id="Object_38" name="Object_38" type="NODE">
                <matrix sid="matrix">1 0 0 0 0 1 0 0 0 0 1 0 0 0 0 1</matrix>
                <instance_geometry url="#meshesQ17S">
                  <bind_material>
                    <technique_common>
                      <instance_material symbol="defaultMaterial" target="#material_0">
                        <bind_vertex_input semantic="CHANNEL0" input_semantic="TEXCOORD" input_set="0"/>
                      </instance_material>
                    </technique_common>
                  </bind_material>
                </instance_geometry>
              </node>
            </node>
            <node id="Cylinder016_18" name="Cylinder016_18" type="NODE">
              <matrix sid="matrix">1 0 0 -1.45250797 0 1 0 -0.106735229 0 0 1 0.277709961 0 0 0 1</matrix>
              <node id="Object_40" name="Object_40" type="NODE">
                <matrix sid="matrix">1 0 0 0 0 1 0 0 0 0 1 0 0 0 0 1</matrix>
                <instance_geometry url="#meshesQ18S">
                  <bind_material>
                    <technique_common>
                      <instance_material symbol="defaultMaterial" target="#Scratched_black_metal">
                        <bind_vertex_input semantic="CHANNEL0" input_semantic="TEXCOORD" input_set="0"/>
                        <bind_vertex_input semantic="CHANNEL1" input_semantic="TEXCOORD" input_set="1"/>
                        <bind_vertex_input semantic="CHANNEL2" input_semantic="TEXCOORD" input_set="2"/>
                        <bind_vertex_input semantic="CHANNEL3" input_semantic="TEXCOORD" input_set="3"/>
                        <bind_vertex_input semantic="CHANNEL4" input_semantic="TEXCOORD" input_set="4"/>
                      </instance_material>
                    </technique_common>
                  </bind_material>
                </instance_geometry>
              </node>
            </node>
            <node id="Cylinder015_19" name="Cylinder015_19" type="NODE">
              <matrix sid="matrix">1 0 0 -1.45250797 0 1 0 -0.106735229 0 0 1 0.277709961 0 0 0 1</matrix>
              <node id="Object_42" name="Object_42" type="NODE">
                <matrix sid="matrix">1 0 0 0 0 1 0 0 0 0 1 0 0 0 0 1</matrix>
                <instance_geometry url="#meshesQ19S">
                  <bind_material>
                    <technique_common>
                      <instance_material symbol="defaultMaterial" target="#Scratched_black_metal">
                        <bind_vertex_input semantic="CHANNEL0" input_semantic="TEXCOORD" input_set="0"/>
                        <bind_vertex_input semantic="CHANNEL1" input_semantic="TEXCOORD" input_set="1"/>
                        <bind_vertex_input semantic="CHANNEL2" input_semantic="TEXCOORD" input_set="2"/>
                        <bind_vertex_input semantic="CHANNEL3" input_semantic="TEXCOORD" input_set="3"/>
                        <bind_vertex_input semantic="CHANNEL4" input_semantic="TEXCOORD" input_set="4"/>
                      </instance_material>
                    </technique_common>
                  </bind_material>
                </instance_geometry>
              </node>
            </node>
            <node id="Cylinder014_20" name="Cylinder014_20" type="NODE">
              <matrix sid="matrix">1 0 0 -1.45250797 0 1 0 -0.106735229 0 0 1 0.277709961 0 0 0 1</matrix>
              <node id="Object_44" name="Object_44" type="NODE">
                <matrix sid="matrix">1 0 0 0 0 1 0 0 0 0 1 0 0 0 0 1</matrix>
                <instance_geometry url="#meshesQ20S">
                  <bind_material>
                    <technique_common>
                      <instance_material symbol="defaultMaterial" target="#Red_leather">
                        <bind_vertex_input semantic="CHANNEL0" input_semantic="TEXCOORD" input_set="0"/>
                        <bind_vertex_input semantic="CHANNEL1" input_semantic="TEXCOORD" input_set="1"/>
                        <bind_vertex_input semantic="CHANNEL2" input_semantic="TEXCOORD" input_set="2"/>
                        <bind_vertex_input semantic="CHANNEL3" input_semantic="TEXCOORD" input_set="3"/>
                        <bind_vertex_input semantic="CHANNEL4" input_semantic="TEXCOORD" input_set="4"/>
                        <bind_vertex_input semantic="CHANNEL5" input_semantic="TEXCOORD" input_set="5"/>
                      </instance_material>
                    </technique_common>
                  </bind_material>
                </instance_geometry>
              </node>
            </node>
            <node id="Cylinder013_21" name="Cylinder013_21" type="NODE">
              <matrix sid="matrix">1 0 0 -1.45250797 0 1 0 -0.106735229 0 0 1 0.277709961 0 0 0 1</matrix>
              <node id="Object_46" name="Object_46" type="NODE">
                <matrix sid="matrix">1 0 0 0 0 1 0 0 0 0 1 0 0 0 0 1</matrix>
                <instance_geometry url="#meshesQ21S">
                  <bind_material>
                    <technique_common>
                      <instance_material symbol="defaultMaterial" target="#Yellow_leather">
                        <bind_vertex_input semantic="CHANNEL0" input_semantic="TEXCOORD" input_set="0"/>
                        <bind_vertex_input semantic="CHANNEL1" input_semantic="TEXCOORD" input_set="1"/>
                        <bind_vertex_input semantic="CHANNEL2" input_semantic="TEXCOORD" input_set="2"/>
                        <bind_vertex_input semantic="CHANNEL3" input_semantic="TEXCOORD" input_set="3"/>
                        <bind_vertex_input semantic="CHANNEL4" input_semantic="TEXCOORD" input_set="4"/>
                        <bind_vertex_input semantic="CHANNEL5" input_semantic="TEXCOORD" input_set="5"/>
                      </instance_material>
                    </technique_common>
                  </bind_material>
                </instance_geometry>
              </node>
            </node>
            <node id="Cylinder012_22" name="Cylinder012_22" type="NODE">
              <matrix sid="matrix">1 0 0 -1.45250797 0 1 0 -0.106735229 0 0 1 0.277709961 0 0 0 1</matrix>
              <node id="Object_48" name="Object_48" type="NODE">
                <matrix sid="matrix">1 0 0 0 0 1 0 0 0 0 1 0 0 0 0 1</matrix>
                <instance_geometry url="#meshesQ22S">
                  <bind_material>
                    <technique_common>
                      <instance_material symbol="defaultMaterial" target="#Green_leather">
                        <bind_vertex_input semantic="CHANNEL0" input_semantic="TEXCOORD" input_set="0"/>
                        <bind_vertex_input semantic="CHANNEL1" input_semantic="TEXCOORD" input_set="1"/>
                        <bind_vertex_input semantic="CHANNEL2" input_semantic="TEXCOORD" input_set="2"/>
                        <bind_vertex_input semantic="CHANNEL3" input_semantic="TEXCOORD" input_set="3"/>
                        <bind_vertex_input semantic="CHANNEL4" input_semantic="TEXCOORD" input_set="4"/>
                        <bind_vertex_input semantic="CHANNEL5" input_semantic="TEXCOORD" input_set="5"/>
                      </instance_material>
                    </technique_common>
                  </bind_material>
                </instance_geometry>
              </node>
            </node>
            <node id="Cylinder010_23" name="Cylinder010_23" type="NODE">
              <matrix sid="matrix">1 0 0 -1.45250797 0 1 0 -0.106735229 0 0 1 0.277709961 0 0 0 1</matrix>
              <node id="Object_50" name="Object_50" type="NODE">
                <matrix sid="matrix">1 0 0 0 0 1 0 0 0 0 1 0 0 0 0 1</matrix>
                <instance_geometry url="#meshesQ23S">
                  <bind_material>
                    <technique_common>
                      <instance_material symbol="defaultMaterial" target="#material_0">
                        <bind_vertex_input semantic="CHANNEL0" input_semantic="TEXCOORD" input_set="0"/>
                      </instance_material>
                    </technique_common>
                  </bind_material>
                </instance_geometry>
              </node>
            </node>
          </node>
        </node>
      </node>
    </visual_scene>
  </library_visual_scenes>
  <scene>
    <instance_visual_scene url="#Sketchfab_Scene" />
  </scene>
</COLLADA>
